-- phpMyAdmin SQL Dump
-- version 5.2.1
-- https://www.phpmyadmin.net/
--
-- Host: 127.0.0.1:3306
-- Generation Time: Oct 18, 2023 at 06:48 AM
-- Server version: 8.1.0
-- PHP Version: 7.4.3-4ubuntu2.19

SET SQL_MODE = "NO_AUTO_VALUE_ON_ZERO";
START TRANSACTION;
SET time_zone = "+00:00";


/*!40101 SET @OLD_CHARACTER_SET_CLIENT=@@CHARACTER_SET_CLIENT */;
/*!40101 SET @OLD_CHARACTER_SET_RESULTS=@@CHARACTER_SET_RESULTS */;
/*!40101 SET @OLD_COLLATION_CONNECTION=@@COLLATION_CONNECTION */;
/*!40101 SET NAMES utf8mb4 */;

--
-- Database: `sbpkpi03`
--

-- --------------------------------------------------------

--
-- Table structure for table `detail`
--

CREATE TABLE `detail` (
  `de_id` int NOT NULL,
  `fm_id` int NOT NULL,
  `de_qur` char(1) CHARACTER SET utf8mb4 COLLATE utf8mb4_general_ci NOT NULL,
  `de_paras` varchar(100) CHARACTER SET utf8mb4 COLLATE utf8mb4_general_ci NOT NULL,
  `de_ans` float NOT NULL,
  `de_result` text CHARACTER SET utf8mb4 COLLATE utf8mb4_general_ci NOT NULL
) ENGINE=InnoDB DEFAULT CHARSET=utf8mb4 COLLATE=utf8mb4_general_ci;

--
-- Dumping data for table `detail`
--

INSERT INTO `detail` (`de_id`, `fm_id`, `de_qur`, `de_paras`, `de_ans`, `de_result`) VALUES
(5, 8, '1', '598, 89, 8', 8.98876, 'ไม่ผ่าน'),
(6, 8, '1', '985, 221, 25', 11.3122, 'ไม่ผ่าน'),
(7, 8, '1', '2591, 1028, 240', 23.3463, 'ไม่ผ่าน'),
(8, 8, '1', '204, 23, 11', 47.8261, 'ผ่าน'),
(9, 8, '1', '1147, 358, 0', 0, 'ไม่ผ่าน'),
(10, 8, '1', '600, 301, 0', 0, 'ไม่ผ่าน'),
(11, 8, '1', '884, 255, 30', 11.7647, 'ไม่ผ่าน'),
(12, 8, '1', '1650, 57, 6', 10.5263, 'ไม่ผ่าน'),
(19, 8, '1', '0, 0, 0', 0, 'ไม่ผ่าน'),
(20, 8, '2', '863, 118, 12', 10.1695, 'ไม่ผ่าน'),
(21, 8, '3', '0, 118, 48', 40.678, 'ผ่าน'),
(22, 8, '4', '0, 118, 67', 56.7797, 'ผ่าน'),
(23, 8, '2', '1282, 359, 44', 12.2563, 'ไม่ผ่าน'),
(24, 8, '1', '90, 20, 12', 60, 'ผ่าน'),
(25, 8, '3', '1000, 265, 65', 24.5283, 'ไม่ผ่าน'),
(26, 8, '4', '1000, 265, 80', 30.1887, 'ไม่ผ่าน'),
(27, 1, '1', '985, 221, 25', 11.3122, 'ไม่ผ่าน'),
(28, 1, '2', '1282, 359, 44', 12.2563, 'ไม่ผ่าน'),
(29, 2, '1', '120, 150, 88, 90', 97.7778, 'ผ่าน'),
(30, 3, '1', '211, 516, 600', 86, 'ผ่าน');

-- --------------------------------------------------------

--
-- Table structure for table `event`
--

CREATE TABLE `event` (
  `ev_id` int NOT NULL,
  `de_id` int NOT NULL,
  `fms_id` int NOT NULL,
  `ev_name` text NOT NULL,
  `ev_res` text NOT NULL,
  `ev_status` int NOT NULL,
  `ev_budget` text NOT NULL,
  `ev_buded` text NOT NULL,
  `ev_point` text NOT NULL,
  `ev_target` text NOT NULL,
  `ev_result` text NOT NULL,
  `ev_problem` text NOT NULL,
  `ev_str` int NOT NULL DEFAULT '1',
  `ev_img` text NOT NULL
) ENGINE=InnoDB DEFAULT CHARSET=utf8mb4 COLLATE=utf8mb4_0900_ai_ci;

--
-- Dumping data for table `event`
--

INSERT INTO `event` (`ev_id`, `de_id`, `fms_id`, `ev_name`, `ev_res`, `ev_status`, `ev_budget`, `ev_buded`, `ev_point`, `ev_target`, `ev_result`, `ev_problem`, `ev_str`, `ev_img`) VALUES
(15, 5, 27, 'กิจกรรมการดูแลผู้ป่วยโรคความดันโลหิตสูงในคลินิกอายุรกรรมในโรงพยาบาลหลวงพ่อทวีศักดิ์ ชุตินฺธโร อุทิศ', 'ฝ่ายการพยาบาล ร่วมกับ กลุ่มงานอายุรกรรม', 1, '0, 0, 0', '0, 0, 0', 'เพื่อให้ผู้ป่วยโรคความดันโลหิตสูงสามารถดูแลตนเองและควบคุมระดับความดันโลหิตให้ อยู่ในเกณฑ์ปกติ ตลอดจนได้รับการรักษาอย่างทันท่วงที\nเพื่อให้ผู้ป่วยโรคความดันโลหิตสูงได้รับการดูแลตามมาตรฐานวิชาชีพ', 'ผู้ป่วยโรคความดันโลหิตสูงที่มีระดับความดันโลหิตมากกว่า 140/90 mmHg ได้รับการดูแลรักษาและทางโรงพยาบาลได้มีการจัดกิจกรรมการรักษาผู้ป่วยโรคความดันโลหิตสูงในคลินิกอายุรกรรมในโรงพยาบาลหลวงพ่อทวีศักดิ์ ชุตินฺธโร อุทิศ เพื่อให้ผู้ป่วยสามารถดูแลตนเองและสามารถควบคุมความดันโลหิตไม่ให้อยู่ในระดับรุนแรง ในปีงบประมาณ พ.ศ. 2566\nค่าเป้าหมาย : ≥ ร้อยละ 45 (วิธีการคำนวณ จำนวนผู้ป่วยโรคความดันโลหิตสูงควบคุมระดับความดันโลหิตได้ดี         ตามเกณฑ์ที่กำหนด ในปีงบประมาณ 2566 หารด้วย จำนวนผู้ป่วยความดันโลหิตสูงที่ขึ้นทะเบียนและมารับบริการทั้งหมดในคลินิกอายุรกรรม ในปีงบประมาณเดียวกัน คูณด้วย 100) ', '    ไตรมาสที่ 1	ผลการดำเนินงานระหว่างเดือนตุลาคม 2565 – 15 ธันวาคม 2565 ดังนี้\r\n     1. โรงพยาบาลหลวงพ่อทวีศักดิ์ ชุตินฺธโร อุทิศ ได้ดำเนินการขออนุมัติกิจกรรมการดูแลผู้ป่วยโรคความดันโลหิตสูงในคลินิกอายุรกรรมในโรงพยาบาลหลวงพ่อทวีศักดิ์ ชุตินฺธโร อุทิศ จากผู้บริหารเรียบร้อยแล้ว\r\n2. ดำเนินการจัดทำ Flow การให้บริการผู้ป่วยโรคความดันโลหิตสูง (เป็นการจัดทีมดูแลโดยสหสาขาวิชาชีพ)\r\n3. เปิดให้บริการตรวจคัดกรองและให้การดูแลรักษาผู้ป่วยในคลินิกอายุรกรรม และมีการจัดบอร์ดประชาสัมพันธ์ และแผ่นพับให้ความรู้แก่ผู้มารับบริการในโรงพยาบาล \r\n4. ผลการดำเนินงาน ระหว่างเดือนตุลาคม – 15 ธันวาคม 2565 ดังนี้ \r\n         จำนวนผู้ป่วยโรคความดันโลหิตสูงที่ขึ้นทะเบียนและมารับบริการ ทั้งหมด          จำนวน 849 ราย (1)\r\n            ในคลินิกอายุรกรรมในโรงพยาบาลหลวงพ่อทวีศักดิ์ ชุตินฺธโร อุทิศ\r\n            ในปีงบประมาณ 2566\r\n         จำนวนผู้ป่วยโรคความดันโลหิตสูงที่ควบคุมระดับความดันโลหิตสูงได้ดี              จำนวน 677 ราย (2)\r\n            ตามเกณฑ์ที่กำหนด ในปีงบประมาณเดียวกัน \r\n            (ไตรมาสที่ 1 วิธีคำนวณ  677 ราย (2) x 100/ 849 ราย (1) = คิดเป็นร้อยละ 79.74 )\r\nความก้าวหน้าของกิจกรรมไตรมาสที่ 1  ร้อยละ 25\r\nสรุปผลการดำเนินงานตามตัวชี้วัด :  ร้อยละของผู้ป่วยโรคความดันโลหิตสูงสามารถควบคุมระดับความดันโลหิตได้ \r\n                                               (ผลลัพธ์) ร้อยละ 79.74\r\n\r\n', 'ไม่มี', 1, '{}'),
(16, 6, 7, 'กิจกรรมการดูแลผู้ป่วยโรคความดันโลหิตสูงในคลินิกอายุรกรรมในโรงพยาบาลหลวงพ่อทวีศักดิ์ ชุตินฺธโร อุทิศ', 'ฝ่ายการพยาบาล ร่วมกับ กลุ่มงานอายุรกรรม', 4, '0, 0, 0', '0, 0, 0', 'เพื่อพัฒนาระบบบริการดูแลผู้ป่วยโรคความดันโลหิตสูงเพื่อให้ผู้ป่วยโรคความดันโลหิตสูงสามารถดูแลตนเองและควบคุมระดับความดันโลหิตให้ อยู่ในเกณฑ์ปกติ ตลอดจนได้รับการรักษาอย่างทันท่วงทีเพื่อให้ผู้ป่วยโรคความดันโลหิตสูงได้รับการดูแลตามมาตรฐานวิชาชีพ', 'ผู้ป่วยโรคความดันโลหิตสูงที่มีระดับความดันโลหิตมากกว่า 140/90 mmHg ได้รับการดูแลรักษาและ                 ทางโรงพยาบาลได้มีการจัดกิจกรรมการรักษาผู้ป่วยโรคความดันโลหิตสูงในคลินิกอายุรกรรมในโรงพยาบาลหลวงพ่อทวีศักดิ์ ชุตินฺธโร อุทิศ เพื่อให้ผู้ป่วยสามารถดูแลตนเองและสามารถควบคุมความดันโลหิตไม่ให้อยู่ในระดับรุนแรง ในปีงบประมาณ พ.ศ. 2566 \n     ค่าเป้าหมาย : ≥ ร้อยละ 45 (วิธีการคำนวณ จำนวนผู้ป่วยโรคความดันโลหิตสูงควบคุมระดับความดันโลหิตได้ดี         ตามเกณฑ์ที่กำหนด ในปีงบประมาณ 2566 หารด้วย จำนวนผู้ป่วยความดันโลหิตสูงที่ขึ้นทะเบียนและมารับบริการทั้งหมดในคลินิกอายุรกรรม ในปีงบประมาณเดียวกัน คูณด้วย 100)\n', 'ไตรมาสที่ 1	ผลการดำเนินงานระหว่างเดือนตุลาคม 2565 – 15 ธันวาคม 2565 ดังนี้\n1. โรงพยาบาลหลวงพ่อทวีศักดิ์ ชุตินฺธโร อุทิศ ได้ดำเนินการขออนุมัติกิจกรรมการดูแลผู้ป่วยโรคความดันโลหิตสูงในคลินิกอายุรกรรมในโรงพยาบาลหลวงพ่อทวีศักดิ์ ชุตินฺธโร อุทิศ จากผู้บริหารเรียบร้อยแล้ว\n2. ดำเนินการจัดทำ Flow การให้บริการผู้ป่วยโรคความดันโลหิตสูง (เป็นการจัดทีมดูแลโดยสหสาขาวิชาชีพ)\n3. เปิดให้บริการตรวจคัดกรองและให้การดูแลรักษาผู้ป่วยในคลินิกอายุรกรรม และมีการจัดบอร์ดประชาสัมพันธ์ และแผ่นพับให้ความรู้แก่ผู้มารับบริการในโรงพยาบาล \n', 'ไม่มี', 1, '{}'),
(17, 7, 27, 'กิจกรรมการดูแลผู้ป่วยโรคความดันโลหิตสูงในคลินิกอายุรกรรมในโรงพยาบาลหลวงพ่อทวีศักดิ์ ชุตินฺธโร อุทิศ', 'ฝ่ายการพยาบาล ร่วมกับ กลุ่มงานอายุรกรรม', 4, '0, 0, 0', '0, 0, 0', 'เพื่อพัฒนาระบบบริการดูแลผู้ป่วยโรคความดันโลหิตสูงเพื่อให้ผู้ป่วยโรคความดันโลหิตสูงสามารถดูแลตนเองและควบคุมระดับความดันโลหิตให้ อยู่ในเกณฑ์ปกติ ตลอดจนได้รับการรักษาอย่างทันท่วงทีเพื่อให้ผู้ป่วยโรคความดันโลหิตสูงได้รับการดูแลตามมาตรฐานวิชาชีพ4. ผลการดำเนินงาน ระหว่างเดือนตุลาคม – 15 ธันวาคม 2565 ดังนี้ จำนวนผู้ป่วยโรคความดันโลหิตสูงที่ขึ้นทะเบียนและมารับบริการ ทั้งหมด จำนวน 849 ราย (1)\nในคลินิกอายุรกรรมในโรงพยาบาลหลวงพ่อทวีศักดิ์ ชุตินฺธโร อุทิศ ในปีงบประมาณ 2566 จำนวนผู้ป่วยโรคความดันโลหิตสูงที่ควบคุมระดับความดันโลหิตสูงได้ดี จำนวน 677 ราย (2) ตามเกณฑ์ที่กำหนด ในปีงบประมาณเดียวกัน  (ไตรมาสที่ 1 วิธีคำนวณ  677 ราย (2) x 100/ 849 ราย (1) = คิดเป็นร้อยละ 79.74 )\n', 'ผู้ป่วยโรคความดันโลหิตสูงที่มีระดับความดันโลหิตมากกว่า 140/90 mmHg ได้รับการดูแลรักษาและ                 ทางโรงพยาบาลได้มีการจัดกิจกรรมการรักษาผู้ป่วยโรคความดันโลหิตสูงในคลินิกอายุรกรรมในโรงพยาบาลหลวงพ่อทวีศักดิ์ ชุตินฺธโร อุทิศ เพื่อให้ผู้ป่วยสามารถดูแลตนเองและสามารถควบคุมความดันโลหิตไม่ให้อยู่ในระดับรุนแรง ในปีงบประมาณ พ.ศ. 2566 \n     ค่าเป้าหมาย : ≥ ร้อยละ 45 (วิธีการคำนวณ จำนวนผู้ป่วยโรคความดันโลหิตสูงควบคุมระดับความดันโลหิตได้ดี         ตามเกณฑ์ที่กำหนด ในปีงบประมาณ 2566 หารด้วย จำนวนผู้ป่วยความดันโลหิตสูงที่ขึ้นทะเบียนและมารับบริการทั้งหมดในคลินิกอายุรกรรม ในปีงบประมาณเดียวกัน คูณด้วย 100)\n', 'ไตรมาสที่ 1	ผลการดำเนินงานระหว่างเดือนตุลาคม 2565 – 15 ธันวาคม 2565 ดังนี้\n1. โรงพยาบาลหลวงพ่อทวีศักดิ์ ชุตินฺธโร อุทิศ ได้ดำเนินการขออนุมัติกิจกรรมการดูแลผู้ป่วยโรคความดันโลหิตสูงในคลินิกอายุรกรรมในโรงพยาบาลหลวงพ่อทวีศักดิ์ ชุตินฺธโร อุทิศ จากผู้บริหารเรียบร้อยแล้ว\n2. ดำเนินการจัดทำ Flow การให้บริการผู้ป่วยโรคความดันโลหิตสูง (เป็นการจัดทีมดูแลโดยสหสาขาวิชาชีพ)\n3. เปิดให้บริการตรวจคัดกรองและให้การดูแลรักษาผู้ป่วยในคลินิกอายุรกรรม และมีการจัดบอร์ดประชาสัมพันธ์ และแผ่นพับให้ความรู้แก่ผู้มารับบริการในโรงพยาบาล\n4. ผลการดำเนินงาน ระหว่างเดือนตุลาคม – 15 ธันวาคม 2565 ดังนี้ \n         จำนวนผู้ป่วยโรคความดันโลหิตสูงที่ขึ้นทะเบียนและมารับบริการ ทั้งหมด          จำนวน 849 ราย (1)\n            ในคลินิกอายุรกรรมในโรงพยาบาลหลวงพ่อทวีศักดิ์ ชุตินฺธโร อุทิศ\n            ในปีงบประมาณ 2566\n         จำนวนผู้ป่วยโรคความดันโลหิตสูงที่ควบคุมระดับความดันโลหิตสูงได้ดี              จำนวน 677 ราย (2)\n            ตามเกณฑ์ที่กำหนด ในปีงบประมาณเดียวกัน \n            (ไตรมาสที่ 1 วิธีคำนวณ  677 ราย (2) x 100/ 849 ราย (1) = คิดเป็นร้อยละ 79.74 )\nความก้าวหน้าของกิจกรรมไตรมาสที่ 1  ร้อยละ 25\nสรุปผลการดำเนินงานตามตัวชี้วัด :  ร้อยละของผู้ป่วยโรคความดันโลหิตสูงสามารถควบคุมระดับความดันโลหิตได้ \n                                               (ผลลัพธ์) ร้อยละ 79.74', 'ไม่มี', 1, '{}'),
(18, 8, 27, 'กิจกรรมการดูแลผู้ป่วยโรคความดันโลหิตสูงในคลินิกอายุรกรรมในโรงพยาบาลหลวงพ่อทวีศักดิ์ ชุตินฺธโร อุทิศ', 'ฝ่ายการพยาบาล ร่วมกับ กลุ่มงานอายุรกรรม', 4, '0, 0, 0', '0, 0, 0', 'เพื่อพัฒนาระบบบริการดูแลผู้ป่วยโรคความดันโลหิตสูงเพื่อให้ผู้ป่วยโรคความดันโลหิตสูงสามารถดูแลตนเองและควบคุมระดับความดันโลหิตให้ อยู่ในเกณฑ์ปกติ ตลอดจนได้รับการรักษาอย่างทันท่วงทีเพื่อให้ผู้ป่วยโรคความดันโลหิตสูงได้รับการดูแลตามมาตรฐานวิชาชีพ\n', 'ผู้ป่วยโรคความดันโลหิตสูงที่มีระดับความดันโลหิตมากกว่า 140/90 mmHg ได้รับการดูแลรักษาและ                 ทางโรงพยาบาลได้มีการจัดกิจกรรมการรักษาผู้ป่วยโรคความดันโลหิตสูงในคลินิกอายุรกรรมในโรงพยาบาลหลวงพ่อทวีศักดิ์ ชุตินฺธโร อุทิศ เพื่อให้ผู้ป่วยสามารถดูแลตนเองและสามารถควบคุมความดันโลหิตไม่ให้อยู่ในระดับรุนแรง ในปีงบประมาณ พ.ศ. 2566 \n     ค่าเป้าหมาย : ≥ ร้อยละ 45 (วิธีการคำนวณ จำนวนผู้ป่วยโรคความดันโลหิตสูงควบคุมระดับความดันโลหิตได้ดี         ตามเกณฑ์ที่กำหนด ในปีงบประมาณ 2566 หารด้วย จำนวนผู้ป่วยความดันโลหิตสูงที่ขึ้นทะเบียนและมารับบริการทั้งหมดในคลินิกอายุรกรรม ในปีงบประมาณเดียวกัน คูณด้วย 100)\n', 'ไตรมาสที่ 1	ผลการดำเนินงานระหว่างเดือนตุลาคม 2565 – 15 ธันวาคม 2565 ดังนี้\n1. โรงพยาบาลหลวงพ่อทวีศักดิ์ ชุตินฺธโร อุทิศ ได้ดำเนินการขออนุมัติกิจกรรมการดูแลผู้ป่วยโรคความดันโลหิตสูงในคลินิกอายุรกรรมในโรงพยาบาลหลวงพ่อทวีศักดิ์ ชุตินฺธโร อุทิศ จากผู้บริหารเรียบร้อยแล้ว\n2. ดำเนินการจัดทำ Flow การให้บริการผู้ป่วยโรคความดันโลหิตสูง (เป็นการจัดทีมดูแลโดยสหสาขาวิชาชีพ)\n3. เปิดให้บริการตรวจคัดกรองและให้การดูแลรักษาผู้ป่วยในคลินิกอายุรกรรม และมีการจัดบอร์ดประชาสัมพันธ์ และแผ่นพับให้ความรู้แก่ผู้มารับบริการในโรงพยาบาล\n4. ผลการดำเนินงาน ระหว่างเดือนตุลาคม – 15 ธันวาคม 2565 ดังนี้ \n         จำนวนผู้ป่วยโรคความดันโลหิตสูงที่ขึ้นทะเบียนและมารับบริการ ทั้งหมด          จำนวน 849 ราย (1)\n            ในคลินิกอายุรกรรมในโรงพยาบาลหลวงพ่อทวีศักดิ์ ชุตินฺธโร อุทิศ\n            ในปีงบประมาณ 2566\n         จำนวนผู้ป่วยโรคความดันโลหิตสูงที่ควบคุมระดับความดันโลหิตสูงได้ดี              จำนวน 677 ราย (2)\n            ตามเกณฑ์ที่กำหนด ในปีงบประมาณเดียวกัน \n            (ไตรมาสที่ 1 วิธีคำนวณ  677 ราย (2) x 100/ 849 ราย (1) = คิดเป็นร้อยละ 79.74 )\nความก้าวหน้าของกิจกรรมไตรมาสที่ 1  ร้อยละ 25\nสรุปผลการดำเนินงานตามตัวชี้วัด :  ร้อยละของผู้ป่วยโรคความดันโลหิตสูงสามารถควบคุมระดับความดันโลหิตได้ \n                                               (ผลลัพธ์) ร้อยละ 79.74', 'ไม่มี', 1, '{}'),
(19, 9, 27, 'กิจกรรมการดูแลผู้ป่วยโรคความดันโลหิตสูงในคลินิกอายุรกรรมในโรงพยาบาลหลวงพ่อทวีศักดิ์ ชุตินฺธโร อุทิศ', 'ฝ่ายการพยาบาล ร่วมกับ กลุ่มงานอายุรกรรม', 4, '0, 0, 0', '0, 0, 0', 'เพื่อพัฒนาระบบบริการดูแลผู้ป่วยโรคความดันโลหิตสูงเพื่อให้ผู้ป่วยโรคความดันโลหิตสูงสามารถดูแลตนเองและควบคุมระดับความดันโลหิตให้ อยู่ในเกณฑ์ปกติ ตลอดจนได้รับการรักษาอย่างทันท่วงทีเพื่อให้ผู้ป่วยโรคความดันโลหิตสูงได้รับการดูแลตามมาตรฐานวิชาชีพ\n', 'ผู้ป่วยโรคความดันโลหิตสูงที่มีระดับความดันโลหิตมากกว่า 140/90 mmHg ได้รับการดูแลรักษาและ                 ทางโรงพยาบาลได้มีการจัดกิจกรรมการรักษาผู้ป่วยโรคความดันโลหิตสูงในคลินิกอายุรกรรมในโรงพยาบาลหลวงพ่อทวีศักดิ์ ชุตินฺธโร อุทิศ เพื่อให้ผู้ป่วยสามารถดูแลตนเองและสามารถควบคุมความดันโลหิตไม่ให้อยู่ในระดับรุนแรง ในปีงบประมาณ พ.ศ. 2566 \n     ค่าเป้าหมาย : ≥ ร้อยละ 45 (วิธีการคำนวณ จำนวนผู้ป่วยโรคความดันโลหิตสูงควบคุมระดับความดันโลหิตได้ดี         ตามเกณฑ์ที่กำหนด ในปีงบประมาณ 2566 หารด้วย จำนวนผู้ป่วยความดันโลหิตสูงที่ขึ้นทะเบียนและมารับบริการทั้งหมดในคลินิกอายุรกรรม ในปีงบประมาณเดียวกัน คูณด้วย 100)\n', 'ไตรมาสที่ 1	ผลการดำเนินงานระหว่างเดือนตุลาคม 2565 – 15 ธันวาคม 2565 ดังนี้\n1. โรงพยาบาลหลวงพ่อทวีศักดิ์ ชุตินฺธโร อุทิศ ได้ดำเนินการขออนุมัติกิจกรรมการดูแลผู้ป่วยโรคความดันโลหิตสูงในคลินิกอายุรกรรมในโรงพยาบาลหลวงพ่อทวีศักดิ์ ชุตินฺธโร อุทิศ จากผู้บริหารเรียบร้อยแล้ว\n2. ดำเนินการจัดทำ Flow การให้บริการผู้ป่วยโรคความดันโลหิตสูง (เป็นการจัดทีมดูแลโดยสหสาขาวิชาชีพ)\n3. เปิดให้บริการตรวจคัดกรองและให้การดูแลรักษาผู้ป่วยในคลินิกอายุรกรรม และมีการจัดบอร์ดประชาสัมพันธ์ และแผ่นพับให้ความรู้แก่ผู้มารับบริการในโรงพยาบาล\n4. ผลการดำเนินงาน ระหว่างเดือนตุลาคม – 15 ธันวาคม 2565 ดังนี้ \n         จำนวนผู้ป่วยโรคความดันโลหิตสูงที่ขึ้นทะเบียนและมารับบริการ ทั้งหมด          จำนวน 849 ราย (1)\n            ในคลินิกอายุรกรรมในโรงพยาบาลหลวงพ่อทวีศักดิ์ ชุตินฺธโร อุทิศ\n            ในปีงบประมาณ 2566\n         จำนวนผู้ป่วยโรคความดันโลหิตสูงที่ควบคุมระดับความดันโลหิตสูงได้ดี              จำนวน 677 ราย (2)\n            ตามเกณฑ์ที่กำหนด ในปีงบประมาณเดียวกัน \n            (ไตรมาสที่ 1 วิธีคำนวณ  677 ราย (2) x 100/ 849 ราย (1) = คิดเป็นร้อยละ 79.74 )\nความก้าวหน้าของกิจกรรมไตรมาสที่ 1  ร้อยละ 25\nสรุปผลการดำเนินงานตามตัวชี้วัด :  ร้อยละของผู้ป่วยโรคความดันโลหิตสูงสามารถควบคุมระดับความดันโลหิตได้ \n                                               (ผลลัพธ์) ร้อยละ 79.74', 'ไม่มี', 1, '{}'),
(20, 10, 27, 'กิจกรรมการดูแลผู้ป่วยโรคความดันโลหิตสูงในคลินิกอายุรกรรมในโรงพยาบาลหลวงพ่อทวีศักดิ์ ชุตินฺธโร อุทิศ', 'ฝ่ายการพยาบาล ร่วมกับ กลุ่มงานอายุรกรรม', 4, '0, 0, 0', '0, 0, 0', 'เพื่อพัฒนาระบบบริการดูแลผู้ป่วยโรคความดันโลหิตสูงเพื่อให้ผู้ป่วยโรคความดันโลหิตสูงสามารถดูแลตนเองและควบคุมระดับความดันโลหิตให้ อยู่ในเกณฑ์ปกติ ตลอดจนได้รับการรักษาอย่างทันท่วงทีเพื่อให้ผู้ป่วยโรคความดันโลหิตสูงได้รับการดูแลตามมาตรฐานวิชาชีพ\n', 'ผู้ป่วยโรคความดันโลหิตสูงที่มีระดับความดันโลหิตมากกว่า 140/90 mmHg ได้รับการดูแลรักษาและ                 ทางโรงพยาบาลได้มีการจัดกิจกรรมการรักษาผู้ป่วยโรคความดันโลหิตสูงในคลินิกอายุรกรรมในโรงพยาบาลหลวงพ่อทวีศักดิ์ ชุตินฺธโร อุทิศ เพื่อให้ผู้ป่วยสามารถดูแลตนเองและสามารถควบคุมความดันโลหิตไม่ให้อยู่ในระดับรุนแรง ในปีงบประมาณ พ.ศ. 2566 \n     ค่าเป้าหมาย : ≥ ร้อยละ 45 (วิธีการคำนวณ จำนวนผู้ป่วยโรคความดันโลหิตสูงควบคุมระดับความดันโลหิตได้ดี         ตามเกณฑ์ที่กำหนด ในปีงบประมาณ 2566 หารด้วย จำนวนผู้ป่วยความดันโลหิตสูงที่ขึ้นทะเบียนและมารับบริการทั้งหมดในคลินิกอายุรกรรม ในปีงบประมาณเดียวกัน คูณด้วย 100)\n', 'ไตรมาสที่ 1	ผลการดำเนินงานระหว่างเดือนตุลาคม 2565 – 15 ธันวาคม 2565 ดังนี้\n1. โรงพยาบาลหลวงพ่อทวีศักดิ์ ชุตินฺธโร อุทิศ ได้ดำเนินการขออนุมัติกิจกรรมการดูแลผู้ป่วยโรคความดันโลหิตสูงในคลินิกอายุรกรรมในโรงพยาบาลหลวงพ่อทวีศักดิ์ ชุตินฺธโร อุทิศ จากผู้บริหารเรียบร้อยแล้ว\n2. ดำเนินการจัดทำ Flow การให้บริการผู้ป่วยโรคความดันโลหิตสูง (เป็นการจัดทีมดูแลโดยสหสาขาวิชาชีพ)\n3. เปิดให้บริการตรวจคัดกรองและให้การดูแลรักษาผู้ป่วยในคลินิกอายุรกรรม และมีการจัดบอร์ดประชาสัมพันธ์ และแผ่นพับให้ความรู้แก่ผู้มารับบริการในโรงพยาบาล\n4. ผลการดำเนินงาน ระหว่างเดือนตุลาคม – 15 ธันวาคม 2565 ดังนี้ \n         จำนวนผู้ป่วยโรคความดันโลหิตสูงที่ขึ้นทะเบียนและมารับบริการ ทั้งหมด          จำนวน 849 ราย (1)\n            ในคลินิกอายุรกรรมในโรงพยาบาลหลวงพ่อทวีศักดิ์ ชุตินฺธโร อุทิศ\n            ในปีงบประมาณ 2566\n         จำนวนผู้ป่วยโรคความดันโลหิตสูงที่ควบคุมระดับความดันโลหิตสูงได้ดี              จำนวน 677 ราย (2)\n            ตามเกณฑ์ที่กำหนด ในปีงบประมาณเดียวกัน \n            (ไตรมาสที่ 1 วิธีคำนวณ  677 ราย (2) x 100/ 849 ราย (1) = คิดเป็นร้อยละ 79.74 )\nความก้าวหน้าของกิจกรรมไตรมาสที่ 1  ร้อยละ 25\nสรุปผลการดำเนินงานตามตัวชี้วัด :  ร้อยละของผู้ป่วยโรคความดันโลหิตสูงสามารถควบคุมระดับความดันโลหิตได้ \n                                               (ผลลัพธ์) ร้อยละ 79.74', 'ไม่มี', 1, '{}'),
(21, 11, 27, 'กิจกรรมการดูแลผู้ป่วยโรคความดันโลหิตสูงในคลินิกอายุรกรรมในโรงพยาบาลหลวงพ่อทวีศักดิ์ ชุตินฺธโร อุทิศ', 'ฝ่ายการพยาบาล ร่วมกับ กลุ่มงานอายุรกรรม', 4, '0, 0, 0', '0, 0, 0', 'เพื่อพัฒนาระบบบริการดูแลผู้ป่วยโรคความดันโลหิตสูงเพื่อให้ผู้ป่วยโรคความดันโลหิตสูงสามารถดูแลตนเองและควบคุมระดับความดันโลหิตให้ อยู่ในเกณฑ์ปกติ ตลอดจนได้รับการรักษาอย่างทันท่วงทีเพื่อให้ผู้ป่วยโรคความดันโลหิตสูงได้รับการดูแลตามมาตรฐานวิชาชีพ\n', 'ผู้ป่วยโรคความดันโลหิตสูงที่มีระดับความดันโลหิตมากกว่า 140/90 mmHg ได้รับการดูแลรักษาและ                 ทางโรงพยาบาลได้มีการจัดกิจกรรมการรักษาผู้ป่วยโรคความดันโลหิตสูงในคลินิกอายุรกรรมในโรงพยาบาลหลวงพ่อทวีศักดิ์ ชุตินฺธโร อุทิศ เพื่อให้ผู้ป่วยสามารถดูแลตนเองและสามารถควบคุมความดันโลหิตไม่ให้อยู่ในระดับรุนแรง ในปีงบประมาณ พ.ศ. 2566 \n     ค่าเป้าหมาย : ≥ ร้อยละ 45 (วิธีการคำนวณ จำนวนผู้ป่วยโรคความดันโลหิตสูงควบคุมระดับความดันโลหิตได้ดี         ตามเกณฑ์ที่กำหนด ในปีงบประมาณ 2566 หารด้วย จำนวนผู้ป่วยความดันโลหิตสูงที่ขึ้นทะเบียนและมารับบริการทั้งหมดในคลินิกอายุรกรรม ในปีงบประมาณเดียวกัน คูณด้วย 100)\n', 'ไตรมาสที่ 1	ผลการดำเนินงานระหว่างเดือนตุลาคม 2565 – 15 ธันวาคม 2565 ดังนี้\n1. โรงพยาบาลหลวงพ่อทวีศักดิ์ ชุตินฺธโร อุทิศ ได้ดำเนินการขออนุมัติกิจกรรมการดูแลผู้ป่วยโรคความดันโลหิตสูงในคลินิกอายุรกรรมในโรงพยาบาลหลวงพ่อทวีศักดิ์ ชุตินฺธโร อุทิศ จากผู้บริหารเรียบร้อยแล้ว\n2. ดำเนินการจัดทำ Flow การให้บริการผู้ป่วยโรคความดันโลหิตสูง (เป็นการจัดทีมดูแลโดยสหสาขาวิชาชีพ)\n3. เปิดให้บริการตรวจคัดกรองและให้การดูแลรักษาผู้ป่วยในคลินิกอายุรกรรม และมีการจัดบอร์ดประชาสัมพันธ์ และแผ่นพับให้ความรู้แก่ผู้มารับบริการในโรงพยาบาล\n4. ผลการดำเนินงาน ระหว่างเดือนตุลาคม – 15 ธันวาคม 2565 ดังนี้ \n         จำนวนผู้ป่วยโรคความดันโลหิตสูงที่ขึ้นทะเบียนและมารับบริการ ทั้งหมด          จำนวน 849 ราย (1)\n            ในคลินิกอายุรกรรมในโรงพยาบาลหลวงพ่อทวีศักดิ์ ชุตินฺธโร อุทิศ\n            ในปีงบประมาณ 2566\n         จำนวนผู้ป่วยโรคความดันโลหิตสูงที่ควบคุมระดับความดันโลหิตสูงได้ดี              จำนวน 677 ราย (2)\n            ตามเกณฑ์ที่กำหนด ในปีงบประมาณเดียวกัน \n            (ไตรมาสที่ 1 วิธีคำนวณ  677 ราย (2) x 100/ 849 ราย (1) = คิดเป็นร้อยละ 79.74 )\nความก้าวหน้าของกิจกรรมไตรมาสที่ 1  ร้อยละ 25\nสรุปผลการดำเนินงานตามตัวชี้วัด :  ร้อยละของผู้ป่วยโรคความดันโลหิตสูงสามารถควบคุมระดับความดันโลหิตได้ \n                                               (ผลลัพธ์) ร้อยละ 79.74', 'ไม่มี', 1, '{}'),
(22, 12, 27, 'กิจกรรมการดูแลผู้ป่วยโรคความดันโลหิตสูงในคลินิกอายุรกรรมในโรงพยาบาลหลวงพ่อทวีศักดิ์ ชุตินฺธโร อุทิศ', 'ฝ่ายการพยาบาล ร่วมกับ กลุ่มงานอายุรกรรม', 4, '0, 0, 0', '0, 0, 0', 'เพื่อพัฒนาระบบบริการดูแลผู้ป่วยโรคความดันโลหิตสูงเพื่อให้ผู้ป่วยโรคความดันโลหิตสูงสามารถดูแลตนเองและควบคุมระดับความดันโลหิตให้ อยู่ในเกณฑ์ปกติ ตลอดจนได้รับการรักษาอย่างทันท่วงทีเพื่อให้ผู้ป่วยโรคความดันโลหิตสูงได้รับการดูแลตามมาตรฐานวิชาชีพ', 'ผู้ป่วยโรคความดันโลหิตสูงที่มีระดับความดันโลหิตมากกว่า 140/90 mmHg ได้รับการดูแลรักษาและ                 ทางโรงพยาบาลได้มีการจัดกิจกรรมการรักษาผู้ป่วยโรคความดันโลหิตสูงในคลินิกอายุรกรรมในโรงพยาบาลหลวงพ่อทวีศักดิ์ ชุตินฺธโร อุทิศ เพื่อให้ผู้ป่วยสามารถดูแลตนเองและสามารถควบคุมความดันโลหิตไม่ให้อยู่ในระดับรุนแรง ในปีงบประมาณ พ.ศ. 2566 \n     ค่าเป้าหมาย : ≥ ร้อยละ 45 (วิธีการคำนวณ จำนวนผู้ป่วยโรคความดันโลหิตสูงควบคุมระดับความดันโลหิตได้ดี         ตามเกณฑ์ที่กำหนด ในปีงบประมาณ 2566 หารด้วย จำนวนผู้ป่วยความดันโลหิตสูงที่ขึ้นทะเบียนและมารับบริการทั้งหมดในคลินิกอายุรกรรม ในปีงบประมาณเดียวกัน คูณด้วย 100)\n', 'ไตรมาสที่ 1	ผลการดำเนินงานระหว่างเดือนตุลาคม 2565 – 15 ธันวาคม 2565 ดังนี้\n1. โรงพยาบาลหลวงพ่อทวีศักดิ์ ชุตินฺธโร อุทิศ ได้ดำเนินการขออนุมัติกิจกรรมการดูแลผู้ป่วยโรคความดันโลหิตสูงในคลินิกอายุรกรรมในโรงพยาบาลหลวงพ่อทวีศักดิ์ ชุตินฺธโร อุทิศ จากผู้บริหารเรียบร้อยแล้ว\n2. ดำเนินการจัดทำ Flow การให้บริการผู้ป่วยโรคความดันโลหิตสูง (เป็นการจัดทีมดูแลโดยสหสาขาวิชาชีพ)\n3. เปิดให้บริการตรวจคัดกรองและให้การดูแลรักษาผู้ป่วยในคลินิกอายุรกรรม และมีการจัดบอร์ดประชาสัมพันธ์ และแผ่นพับให้ความรู้แก่ผู้มารับบริการในโรงพยาบาล\n4. ผลการดำเนินงาน ระหว่างเดือนตุลาคม – 15 ธันวาคม 2565 ดังนี้ \n         จำนวนผู้ป่วยโรคความดันโลหิตสูงที่ขึ้นทะเบียนและมารับบริการ ทั้งหมด          จำนวน 849 ราย (1)\n            ในคลินิกอายุรกรรมในโรงพยาบาลหลวงพ่อทวีศักดิ์ ชุตินฺธโร อุทิศ\n            ในปีงบประมาณ 2566\n         จำนวนผู้ป่วยโรคความดันโลหิตสูงที่ควบคุมระดับความดันโลหิตสูงได้ดี              จำนวน 677 ราย (2)\n            ตามเกณฑ์ที่กำหนด ในปีงบประมาณเดียวกัน \n            (ไตรมาสที่ 1 วิธีคำนวณ  677 ราย (2) x 100/ 849 ราย (1) = คิดเป็นร้อยละ 79.74 )\nความก้าวหน้าของกิจกรรมไตรมาสที่ 1  ร้อยละ 25\nสรุปผลการดำเนินงานตามตัวชี้วัด :  ร้อยละของผู้ป่วยโรคความดันโลหิตสูงสามารถควบคุมระดับความดันโลหิตได้ \n                                               (ผลลัพธ์) ร้อยละ 79.74', 'ไม่มี', 1, '{}'),
(29, 19, 27, 'กิจกรรมการดูแลผู้ป่วยโรคความดันโลหิตสูงในคลินิกอายุรกรรมในโรงพยาบาลหลวงพ่อทวีศักดิ์ ชุตินฺธโร อุทิศ', 'ฝ่ายการพยาบาล ร่วมกับ กลุ่มงานอายุรกรรม', 4, '0, 0, 0', '0, 0, 0', 'เพื่อพัฒนาระบบบริการดูแลผู้ป่วยโรคความดันโลหิตสูงเพื่อให้ผู้ป่วยโรคความดันโลหิตสูงสามารถดูแลตนเองและควบคุมระดับความดันโลหิตให้ อยู่ในเกณฑ์ปกติ ตลอดจนได้รับการรักษาอย่างทันท่วงทีเพื่อให้ผู้ป่วยโรคความดันโลหิตสูงได้รับการดูแลตามมาตรฐานวิชาชีพ\n', 'ผู้ป่วยโรคความดันโลหิตสูงที่มีระดับความดันโลหิตมากกว่า 140/90 mmHg ได้รับการดูแลรักษาและ                 ทางโรงพยาบาลได้มีการจัดกิจกรรมการรักษาผู้ป่วยโรคความดันโลหิตสูงในคลินิกอายุรกรรมในโรงพยาบาลหลวงพ่อทวีศักดิ์ ชุตินฺธโร อุทิศ เพื่อให้ผู้ป่วยสามารถดูแลตนเองและสามารถควบคุมความดันโลหิตไม่ให้อยู่ในระดับรุนแรง ในปีงบประมาณ พ.ศ. 2566 \n     ค่าเป้าหมาย : ≥ ร้อยละ 45 (วิธีการคำนวณ จำนวนผู้ป่วยโรคความดันโลหิตสูงควบคุมระดับความดันโลหิตได้ดี         ตามเกณฑ์ที่กำหนด ในปีงบประมาณ 2566 หารด้วย จำนวนผู้ป่วยความดันโลหิตสูงที่ขึ้นทะเบียนและมารับบริการทั้งหมดในคลินิกอายุรกรรม ในปีงบประมาณเดียวกัน คูณด้วย 100)\n', 'ไตรมาสที่ 1	ผลการดำเนินงานระหว่างเดือนตุลาคม 2565 – 15 ธันวาคม 2565 ดังนี้\n1. โรงพยาบาลหลวงพ่อทวีศักดิ์ ชุตินฺธโร อุทิศ ได้ดำเนินการขออนุมัติกิจกรรมการดูแลผู้ป่วยโรคความดันโลหิตสูงในคลินิกอายุรกรรมในโรงพยาบาลหลวงพ่อทวีศักดิ์ ชุตินฺธโร อุทิศ จากผู้บริหารเรียบร้อยแล้ว\n2. ดำเนินการจัดทำ Flow การให้บริการผู้ป่วยโรคความดันโลหิตสูง (เป็นการจัดทีมดูแลโดยสหสาขาวิชาชีพ)\n3. เปิดให้บริการตรวจคัดกรองและให้การดูแลรักษาผู้ป่วยในคลินิกอายุรกรรม และมีการจัดบอร์ดประชาสัมพันธ์ และแผ่นพับให้ความรู้แก่ผู้มารับบริการในโรงพยาบาล\n4. ผลการดำเนินงาน ระหว่างเดือนตุลาคม – 15 ธันวาคม 2565 ดังนี้ \n         จำนวนผู้ป่วยโรคความดันโลหิตสูงที่ขึ้นทะเบียนและมารับบริการ ทั้งหมด          จำนวน 849 ราย (1)\n            ในคลินิกอายุรกรรมในโรงพยาบาลหลวงพ่อทวีศักดิ์ ชุตินฺธโร อุทิศ\n            ในปีงบประมาณ 2566\n         จำนวนผู้ป่วยโรคความดันโลหิตสูงที่ควบคุมระดับความดันโลหิตสูงได้ดี              จำนวน 677 ราย (2)\n            ตามเกณฑ์ที่กำหนด ในปีงบประมาณเดียวกัน \n            (ไตรมาสที่ 1 วิธีคำนวณ  677 ราย (2) x 100/ 849 ราย (1) = คิดเป็นร้อยละ 79.74 )\nความก้าวหน้าของกิจกรรมไตรมาสที่ 1  ร้อยละ 25\nสรุปผลการดำเนินงานตามตัวชี้วัด :  ร้อยละของผู้ป่วยโรคความดันโลหิตสูงสามารถควบคุมระดับความดันโลหิตได้ \n                                               (ผลลัพธ์) ร้อยละ 79.74', 'ไม่มี', 1, '{}'),
(30, 20, 26, 'กิจกรรมการดูแลผู้ป่วยโรคความดันโลหิตสูงในคลินิกอายุรกรรมในโรงพยาบาลหลวงพ่อทวีศักดิ์ ชุตินฺธโร อุทิศ', 'ฝ่ายการพยาบาล ร่วมกับ กลุ่มงานอายุรกรรม', 1, '0, 0, 0', '0, 0, 0', '2.1 เพื่อพัฒนาระบบบริการดูแลผู้ป่วยโรคความดันโลหิตสูง\n  2.2 เพื่อให้ผู้ป่วยโรคความดันโลหิตสูงสามารถดูแลตนเองและควบคุมระดับความดันโลหิตให้ อยู่ในเกณฑ์ปกติ ตลอดจนได้รับการรักษาอย่างทันท่วงที\n  2.3 เพื่อให้ผู้ป่วยโรคความดันโลหิตสูงได้รับการดูแลตามมาตรฐานวิชาชีพ', 'ผู้ป่วยโรคความดันโลหิตสูงที่มีระดับความดันโลหิตมากกว่า 140/90 mmHg ได้รับการดูแลรักษาและ                 ทางโรงพยาบาลได้มีการจัดกิจกรรมการรักษาผู้ป่วยโรคความดันโลหิตสูงในคลินิกอายุรกรรมในโรงพยาบาลหลวงพ่อทวีศักดิ์ ชุตินฺธโร อุทิศ เพื่อให้ผู้ป่วยสามารถดูแลตนเองและสามารถควบคุมความดันโลหิตไม่ให้อยู่ในระดับรุนแรง ในปีงบประมาณ พ.ศ. 2566 \n     ค่าเป้าหมาย : ≥ ร้อยละ 45 (วิธีการคำนวณ จำนวนผู้ป่วยโรคความดันโลหิตสูงควบคุมระดับความดันโลหิตได้ดี         ตามเกณฑ์ที่กำหนด ในปีงบประมาณ 2566 หารด้วย จำนวนผู้ป่วยความดันโลหิตสูงที่ขึ้นทะเบียนและมารับบริการทั้งหมดในคลินิกอายุรกรรม ในปีงบประมาณเดียวกัน คูณด้วย 100)\n', 'ผลการดำเนินงานระหว่างเดือนตุลาคม 2565 – 15 ธันวาคม 2565 ดังนี้\n     1. โรงพยาบาลหลวงพ่อทวีศักดิ์ ชุตินฺธโร อุทิศ ได้ดำเนินการขออนุมัติกิจกรรมการดูแลผู้ป่วยโรคความดันโลหิตสูงในคลินิกอายุรกรรมในโรงพยาบาลหลวงพ่อทวีศักดิ์ ชุตินฺธโร อุทิศ จากผู้บริหารเรียบร้อยแล้ว\n2. ดำเนินการจัดทำ Flow การให้บริการผู้ป่วยโรคความดันโลหิตสูง (เป็นการจัดทีมดูแลโดยสหสาขาวิชาชีพ)\n3. เปิดให้บริการตรวจคัดกรองและให้การดูแลรักษาผู้ป่วยในคลินิกอายุรกรรม และมีการจัดบอร์ดประชาสัมพันธ์ และแผ่นพับให้ความรู้แก่ผู้มารับบริการในโรงพยาบาล \n4. ผลการดำเนินงาน ระหว่างเดือนตุลาคม – 15 ธันวาคม 2565 ดังนี้ \n         จำนวนผู้ป่วยโรคความดันโลหิตสูงที่ขึ้นทะเบียนและมารับบริการ ทั้งหมด          จำนวน 849 ราย (1)\n            ในคลินิกอายุรกรรมในโรงพยาบาลหลวงพ่อทวีศักดิ์ ชุตินฺธโร อุทิศ\n            ในปีงบประมาณ 2566\n         จำนวนผู้ป่วยโรคความดันโลหิตสูงที่ควบคุมระดับความดันโลหิตสูงได้ดี              จำนวน 677 ราย (2)\n            ตามเกณฑ์ที่กำหนด ในปีงบประมาณเดียวกัน \n            (ไตรมาสที่ 1 วิธีคำนวณ  677 ราย (2) x 100/ 849 ราย (1) = คิดเป็นร้อยละ 79.74 )\nความก้าวหน้าของกิจกรรมไตรมาสที่ 1  ร้อยละ 25\nสรุปผลการดำเนินงานตามตัวชี้วัด :  ร้อยละของผู้ป่วยโรคความดันโลหิตสูงสามารถควบคุมระดับความดันโลหิตได้ \n                                               (ผลลัพธ์) ร้อยละ 79.74, ผลการดำเนินงานระหว่างวันที่ 16 ธันวาคม 2565 – 15 มีนาคม 2566 ดังนี้\n1. ดำเนินการเพิ่มการคัดกรองผู้ป่วยโรคความดันโลหิตสูงในกลุ่มผู้ป่วยโรคทั่วไปที่มีอายุ 15 ปี ขึ้นไป มีการวัดรอบเอวและซักประวัติเรื่องสูบบุหรี่เพิ่มเติม มีการประเมิน CVD risk score\n2. ผลการดำเนินงาน ระหว่างวันที่ 16 ธันวาคม 2565 – 15 มีนาคม 2566 ดังนี้ \n         จำนวนผู้ป่วยโรคความดันโลหิตสูงที่ขึ้นทะเบียนและมารับบริการ ทั้งหมด          จำนวน 969 ราย (1)\n            ในคลินิกอายุรกรรมในโรงพยาบาลหลวงพ่อทวีศักดิ์ ชุตินฺธโร อุทิศ\n            ในปีงบประมาณ 2566\n         จำนวนผู้ป่วยโรคความดันโลหิตสูงที่ควบคุมระดับความดันโลหิตสูงได้ดี              จำนวน 775 ราย (2)\n            ตามเกณฑ์ที่กำหนด ในปีงบประมาณเดียวกัน\n            (ไตรมาสที่ 2 วิธีคำนวณ 775 ราย (2) x 100/969 ราย (1) = คิดเป็นร้อยละ 79.98 )\n     สรุปผลการดำเนินงาน ไตรมาสที่ 1 + 2 จำนวนผู้ป่วยโรคความดันโลหิตสูงที่ขึ้นทะเบียนและมารับบริการในคลินิกอายุรกรรมในโรงพยาบาลหลวงพ่อทวีศักดิ์ ชุตินฺธโร อุทิศ ในปีงบประมาณ 2566 ทั้งหมด จำนวน 1,818 ราย (1)         จำนวนผู้ป่วยโรคความดันโลหิตสูงที่ควบคุมระดับความดันโลหิตสูงได้ดี ตามเกณฑ์ที่กำหนด ในปีงบประมาณเดียวกัน จำนวน 1,452 ราย (2) คิดเป็นร้อยละ 79.87 (วิธีคำนวณ 1,452 ราย (2) x 100/1,818 ราย (1))\nความก้าวหน้าของโครงการไตรมาสที่ 2  ร้อยละ 50    สรุปความก้าวหน้าของกิจกรรมไตรมาสที่ 1 + 2 ร้อยละ 50 \nสรุปผลการดำเนินงานตามตัวชี้วัด  :  ร้อยละของผู้ป่วยโรคความดันโลหิตสูงสามารถควบคุมระดับความดันโลหิตได้ \n                                               (ผลลัพธ์) ร้อยละ 79.87', 'ไม่มี', 1, '{}'),
(31, 21, 28, 'กิจกรรมการดูแลผู้ป่วยโรคความดันโลหิตสูงในคลินิกอายุรกรรมในโรงพยาบาลหลวงพ่อทวีศักดิ์ ชุตินฺธโร อุทิศ', 'ฝ่ายการพยาบาล ร่วมกับ กลุ่มงานอายุรกรรม', 5, '0, 0, 0', '0, 0, 0', '2.1 เพื่อพัฒนาระบบบริการดูแลผู้ป่วยโรคความดันโลหิตสูง\n  2.2 เพื่อให้ผู้ป่วยโรคความดันโลหิตสูงสามารถดูแลตนเองและควบคุมระดับความดันโลหิตให้ อยู่ในเกณฑ์ปกติ ตลอดจนได้รับการรักษาอย่างทันท่วงที\n  2.3 เพื่อให้ผู้ป่วยโรคความดันโลหิตสูงได้รับการดูแลตามมาตรฐานวิชาชีพ\n', 'ผู้ป่วยโรคความดันโลหิตสูงที่มีระดับความดันโลหิตมากกว่า 140/90 mmHg ได้รับการดูแลรักษาและ                 ทางโรงพยาบาลได้มีการจัดกิจกรรมการรักษาผู้ป่วยโรคความดันโลหิตสูงในคลินิกอายุรกรรมในโรงพยาบาลหลวงพ่อทวีศักดิ์ ชุตินฺธโร อุทิศ เพื่อให้ผู้ป่วยสามารถดูแลตนเองและสามารถควบคุมความดันโลหิตไม่ให้อยู่ในระดับรุนแรง ในปีงบประมาณ พ.ศ. 2566 \n     ค่าเป้าหมาย : ≥ ร้อยละ 45 (วิธีการคำนวณ จำนวนผู้ป่วยโรคความดันโลหิตสูงควบคุมระดับความดันโลหิตได้ดี         ตามเกณฑ์ที่กำหนด ในปีงบประมาณ 2566 หารด้วย จำนวนผู้ป่วยความดันโลหิตสูงที่ขึ้นทะเบียนและมารับบริการทั้งหมดในคลินิกอายุรกรรม ในปีงบประมาณเดียวกัน คูณด้วย 100)\n', 'ผลการดำเนินงานระหว่างเดือนตุลาคม 2565 – 15 ธันวาคม 2565 ดังนี้\n     1. โรงพยาบาลหลวงพ่อทวีศักดิ์ ชุตินฺธโร อุทิศ ได้ดำเนินการขออนุมัติกิจกรรมการดูแลผู้ป่วยโรคความดันโลหิตสูงในคลินิกอายุรกรรมในโรงพยาบาลหลวงพ่อทวีศักดิ์ ชุตินฺธโร อุทิศ จากผู้บริหารเรียบร้อยแล้ว\n2. ดำเนินการจัดทำ Flow การให้บริการผู้ป่วยโรคความดันโลหิตสูง (เป็นการจัดทีมดูแลโดยสหสาขาวิชาชีพ)\n3. เปิดให้บริการตรวจคัดกรองและให้การดูแลรักษาผู้ป่วยในคลินิกอายุรกรรม และมีการจัดบอร์ดประชาสัมพันธ์ และแผ่นพับให้ความรู้แก่ผู้มารับบริการในโรงพยาบาล \n4. ผลการดำเนินงาน ระหว่างเดือนตุลาคม – 15 ธันวาคม 2565 ดังนี้ \n         จำนวนผู้ป่วยโรคความดันโลหิตสูงที่ขึ้นทะเบียนและมารับบริการ ทั้งหมด          จำนวน 849 ราย (1)\n            ในคลินิกอายุรกรรมในโรงพยาบาลหลวงพ่อทวีศักดิ์ ชุตินฺธโร อุทิศ\n            ในปีงบประมาณ 2566\n         จำนวนผู้ป่วยโรคความดันโลหิตสูงที่ควบคุมระดับความดันโลหิตสูงได้ดี              จำนวน 677 ราย (2)\n            ตามเกณฑ์ที่กำหนด ในปีงบประมาณเดียวกัน \n            (ไตรมาสที่ 1 วิธีคำนวณ  677 ราย (2) x 100/ 849 ราย (1) = คิดเป็นร้อยละ 79.74 )\nความก้าวหน้าของกิจกรรมไตรมาสที่ 1  ร้อยละ 25\nสรุปผลการดำเนินงานตามตัวชี้วัด :  ร้อยละของผู้ป่วยโรคความดันโลหิตสูงสามารถควบคุมระดับความดันโลหิตได้ \n                                               (ผลลัพธ์) ร้อยละ 79.74\n, ผลการดำเนินงานระหว่างวันที่ 16 ธันวาคม 2565 – 15 มีนาคม 2566 ดังนี้\n1. ดำเนินการเพิ่มการคัดกรองผู้ป่วยโรคความดันโลหิตสูงในกลุ่มผู้ป่วยโรคทั่วไปที่มีอายุ 15 ปี ขึ้นไป มีการวัดรอบเอวและซักประวัติเรื่องสูบบุหรี่เพิ่มเติม มีการประเมิน CVD risk score\n2. ผลการดำเนินงาน ระหว่างวันที่ 16 ธันวาคม 2565 – 15 มีนาคม 2566 ดังนี้ \n         จำนวนผู้ป่วยโรคความดันโลหิตสูงที่ขึ้นทะเบียนและมารับบริการ ทั้งหมด          จำนวน 969 ราย (1)\n            ในคลินิกอายุรกรรมในโรงพยาบาลหลวงพ่อทวีศักดิ์ ชุตินฺธโร อุทิศ\n            ในปีงบประมาณ 2566\n         จำนวนผู้ป่วยโรคความดันโลหิตสูงที่ควบคุมระดับความดันโลหิตสูงได้ดี              จำนวน 775 ราย (2)\n            ตามเกณฑ์ที่กำหนด ในปีงบประมาณเดียวกัน\n            (ไตรมาสที่ 2 วิธีคำนวณ 775 ราย (2) x 100/969 ราย (1) = คิดเป็นร้อยละ 79.98 )\n     สรุปผลการดำเนินงาน ไตรมาสที่ 1 + 2 จำนวนผู้ป่วยโรคความดันโลหิตสูงที่ขึ้นทะเบียนและมารับบริการในคลินิกอายุรกรรมในโรงพยาบาลหลวงพ่อทวีศักดิ์ ชุตินฺธโร อุทิศ ในปีงบประมาณ 2566 ทั้งหมด จำนวน 1,818 ราย (1)         จำนวนผู้ป่วยโรคความดันโลหิตสูงที่ควบคุมระดับความดันโลหิตสูงได้ดี ตามเกณฑ์ที่กำหนด ในปีงบประมาณเดียวกัน จำนวน 1,452 ราย (2) คิดเป็นร้อยละ 79.87 (วิธีคำนวณ 1,452 ราย (2) x 100/1,818 ราย (1))\nความก้าวหน้าของโครงการไตรมาสที่ 2  ร้อยละ 50    สรุปความก้าวหน้าของกิจกรรมไตรมาสที่ 1 + 2 ร้อยละ 50 \nสรุปผลการดำเนินงานตามตัวชี้วัด  :  ร้อยละของผู้ป่วยโรคความดันโลหิตสูงสามารถควบคุมระดับความดันโลหิตได้ \n                                               (ผลลัพธ์) ร้อยละ 79.87\n, ผลการดำเนินงานระหว่างวันที่ 16 มีนาคม 2566 – 15 มิถุนายน 2566 ดังนี้\n1. ดำเนินการเพิ่มการคัดกรองผู้ป่วยโรคความดันโลหิตสูงในกลุ่มผู้ป่วยโรคทั่วไปที่มีอายุ 15 ปี ขึ้นไป มีการวัดรอบเอวและซักประวัติเรื่องสูบบุหรี่เพิ่มเติม มีการประเมิน CVD risk score\n2. ผลการดำเนินงาน ระหว่างวันที่ 16 มีนาคม 2566 – 15 มิถุนายน 2566 ดังนี้ \n         จำนวนผู้ป่วยโรคความดันโลหิตสูงที่ขึ้นทะเบียนและมารับบริการ ทั้งหมด          จำนวน 880 ราย (1)\n            ในคลินิกอายุรกรรมในโรงพยาบาลหลวงพ่อทวีศักดิ์ ชุตินฺธโร อุทิศ\n            ในปีงบประมาณ 2566\n จำนวนผู้ป่วยโรคความดันโลหิตสูงที่ควบคุมระดับความดันโลหิตสูงได้ดี              จำนวน 745 ราย (2)\n            ตามเกณฑ์ที่กำหนด ในปีงบประมาณเดียวกัน\n            (ไตรมาสที่ 3 วิธีคำนวณ 745 ราย (2) x 100/880 ราย (1) = คิดเป็นร้อยละ 84.66 )\n     สรุปผลการดำเนินงาน ไตรมาสที่ 1 + 2 + 3 จำนวนผู้ป่วยโรคความดันโลหิตสูงที่ขึ้นทะเบียนและมารับบริการในคลินิกอายุรกรรมในโรงพยาบาลหลวงพ่อทวีศักดิ์ ชุตินฺธโร อุทิศ ในปีงบประมาณ 2566 ทั้งหมด จำนวน 2,698 ราย (1)                    จำนวนผู้ป่วยโรคความดันโลหิตสูงที่ควบคุมระดับความดันโลหิตสูงได้ดี ตามเกณฑ์ที่กำหนด ในปีงบประมาณเดียวกัน จำนวน 2,197 ราย (2) คิดเป็นร้อยละ 81.43 (วิธีคำนวณ 2,197 ราย (2) x 100/2,698 ราย (1))\nความก้าวหน้าของโครงการไตรมาสที่ 3 ร้อยละ 25 สรุปความก้าวหน้าของกิจกรรมไตรมาสที่ 1 + 2 + 3 ร้อยละ 75\nสรุปผลการดำเนินงานตามตัวชี้วัด  :  ร้อยละของผู้ป่วยโรคเบาหวานสามารถควบคุมระดับน้ำตาลได้ (ผลลัพธ์)          \n                                               ร้อยละ 81.43\n\n', 'ไม่มี', 1, '{}'),
(32, 22, 28, 'กิจกรรมการดูแลผู้ป่วยโรคความดันโลหิตสูงในคลินิกอายุรกรรมในโรงพยาบาลหลวงพ่อทวีศักดิ์ ชุตินฺธโร อุทิศ', 'ฝ่ายการพยาบาล ร่วมกับ กลุ่มงานอายุรกรรม', 1, '0, 0, 0', '0, 0, 0', '2.1 เพื่อพัฒนาระบบบริการดูแลผู้ป่วยโรคความดันโลหิตสูง\n  2.2 เพื่อให้ผู้ป่วยโรคความดันโลหิตสูงสามารถดูแลตนเองและควบคุมระดับความดันโลหิตให้ อยู่ในเกณฑ์ปกติ ตลอดจนได้รับการรักษาอย่างทันท่วงที\n  2.3 เพื่อให้ผู้ป่วยโรคความดันโลหิตสูงได้รับการดูแลตามมาตรฐานวิชาชีพ\n', 'ผู้ป่วยโรคความดันโลหิตสูงที่มีระดับความดันโลหิตมากกว่า 140/90 mmHg ได้รับการดูแลรักษาและ                 ทางโรงพยาบาลได้มีการจัดกิจกรรมการรักษาผู้ป่วยโรคความดันโลหิตสูงในคลินิกอายุรกรรมในโรงพยาบาลหลวงพ่อทวีศักดิ์ ชุตินฺธโร อุทิศ เพื่อให้ผู้ป่วยสามารถดูแลตนเองและสามารถควบคุมความดันโลหิตไม่ให้อยู่ในระดับรุนแรง ในปีงบประมาณ พ.ศ. 2566 \n     ค่าเป้าหมาย : ≥ ร้อยละ 45 (วิธีการคำนวณ จำนวนผู้ป่วยโรคความดันโลหิตสูงควบคุมระดับความดันโลหิตได้ดี         ตามเกณฑ์ที่กำหนด ในปีงบประมาณ 2566 หารด้วย จำนวนผู้ป่วยความดันโลหิตสูงที่ขึ้นทะเบียนและมารับบริการทั้งหมดในคลินิกอายุรกรรม ในปีงบประมาณเดียวกัน คูณด้วย 100)\n', 'ไตรมาสที่ 1	ผลการดำเนินงานระหว่างเดือนตุลาคม 2565 – 15 ธันวาคม 2565 ดังนี้\n     1. โรงพยาบาลหลวงพ่อทวีศักดิ์ ชุตินฺธโร อุทิศ ได้ดำเนินการขออนุมัติกิจกรรมการดูแลผู้ป่วยโรคความดันโลหิตสูงในคลินิกอายุรกรรมในโรงพยาบาลหลวงพ่อทวีศักดิ์ ชุตินฺธโร อุทิศ จากผู้บริหารเรียบร้อยแล้ว\n2. ดำเนินการจัดทำ Flow การให้บริการผู้ป่วยโรคความดันโลหิตสูง (เป็นการจัดทีมดูแลโดยสหสาขาวิชาชีพ)\n3. เปิดให้บริการตรวจคัดกรองและให้การดูแลรักษาผู้ป่วยในคลินิกอายุรกรรม และมีการจัดบอร์ดประชาสัมพันธ์ และแผ่นพับให้ความรู้แก่ผู้มารับบริการในโรงพยาบาล \n, ผลการดำเนินงานระหว่างวันที่ 16 ธันวาคม 2565 – 15 มีนาคม 2566 ดังนี้\n1. ดำเนินการเพิ่มการคัดกรองผู้ป่วยโรคความดันโลหิตสูงในกลุ่มผู้ป่วยโรคทั่วไปที่มีอายุ 15 ปี ขึ้นไป มีการวัดรอบเอวและซักประวัติเรื่องสูบบุหรี่เพิ่มเติม มีการประเมิน CVD risk score\n2. ผลการดำเนินงาน ระหว่างวันที่ 16 ธันวาคม 2565 – 15 มีนาคม 2566 ดังนี้ \n         จำนวนผู้ป่วยโรคความดันโลหิตสูงที่ขึ้นทะเบียนและมารับบริการ ทั้งหมด          จำนวน 969 ราย (1)\n            ในคลินิกอายุรกรรมในโรงพยาบาลหลวงพ่อทวีศักดิ์ ชุตินฺธโร อุทิศ\n            ในปีงบประมาณ 2566\n         จำนวนผู้ป่วยโรคความดันโลหิตสูงที่ควบคุมระดับความดันโลหิตสูงได้ดี              จำนวน 775 ราย (2)\n            ตามเกณฑ์ที่กำหนด ในปีงบประมาณเดียวกัน\n            (ไตรมาสที่ 2 วิธีคำนวณ 775 ราย (2) x 100/969 ราย (1) = คิดเป็นร้อยละ 79.98 )\n     สรุปผลการดำเนินงาน ไตรมาสที่ 1 + 2 จำนวนผู้ป่วยโรคความดันโลหิตสูงที่ขึ้นทะเบียนและมารับบริการในคลินิกอายุรกรรมในโรงพยาบาลหลวงพ่อทวีศักดิ์ ชุตินฺธโร อุทิศ ในปีงบประมาณ 2566 ทั้งหมด จำนวน 1,818 ราย (1)         จำนวนผู้ป่วยโรคความดันโลหิตสูงที่ควบคุมระดับความดันโลหิตสูงได้ดี ตามเกณฑ์ที่กำหนด ในปีงบประมาณเดียวกัน จำนวน 1,452 ราย (2) คิดเป็นร้อยละ 79.87 (วิธีคำนวณ 1,452 ราย (2) x 100/1,818 ราย (1))\nความก้าวหน้าของโครงการไตรมาสที่ 2  ร้อยละ 50    สรุปความก้าวหน้าของกิจกรรมไตรมาสที่ 1 + 2 ร้อยละ 50 \nสรุปผลการดำเนินงานตามตัวชี้วัด  :  ร้อยละของผู้ป่วยโรคความดันโลหิตสูงสามารถควบคุมระดับความดันโลหิตได้ \n                                               (ผลลัพธ์) ร้อยละ 79.87\n, ผลการดำเนินงานระหว่างวันที่ 16 มีนาคม 2566 – 15 มิถุนายน 2566 ดังนี้\n1. ดำเนินการเพิ่มการคัดกรองผู้ป่วยโรคความดันโลหิตสูงในกลุ่มผู้ป่วยโรคทั่วไปที่มีอายุ 15 ปี ขึ้นไป มีการวัดรอบเอวและซักประวัติเรื่องสูบบุหรี่เพิ่มเติม มีการประเมิน CVD risk score\n2. ผลการดำเนินงาน ระหว่างวันที่ 16 มีนาคม 2566 – 15 มิถุนายน 2566 ดังนี้ \n         จำนวนผู้ป่วยโรคความดันโลหิตสูงที่ขึ้นทะเบียนและมารับบริการ ทั้งหมด          จำนวน 880 ราย (1)\n            ในคลินิกอายุรกรรมในโรงพยาบาลหลวงพ่อทวีศักดิ์ ชุตินฺธโร อุทิศ\n            ในปีงบประมาณ 2566\n\n จำนวนผู้ป่วยโรคความดันโลหิตสูงที่ควบคุมระดับความดันโลหิตสูงได้ดี              จำนวน 745 ราย (2)\n            ตามเกณฑ์ที่กำหนด ในปีงบประมาณเดียวกัน\n            (ไตรมาสที่ 3 วิธีคำนวณ 745 ราย (2) x 100/880 ราย (1) = คิดเป็นร้อยละ 84.66 )\n     สรุปผลการดำเนินงาน ไตรมาสที่ 1 + 2 + 3 จำนวนผู้ป่วยโรคความดันโลหิตสูงที่ขึ้นทะเบียนและมารับบริการในคลินิกอายุรกรรมในโรงพยาบาลหลวงพ่อทวีศักดิ์ ชุตินฺธโร อุทิศ ในปีงบประมาณ 2566 ทั้งหมด จำนวน 2,698 ราย (1)                    จำนวนผู้ป่วยโรคความดันโลหิตสูงที่ควบคุมระดับความดันโลหิตสูงได้ดี ตามเกณฑ์ที่กำหนด ในปีงบประมาณเดียวกัน จำนวน 2,197 ราย (2) คิดเป็นร้อยละ 81.43 (วิธีคำนวณ 2,197 ราย (2) x 100/2,698 ราย (1))\nความก้าวหน้าของโครงการไตรมาสที่ 3 ร้อยละ 25 สรุปความก้าวหน้าของกิจกรรมไตรมาสที่ 1 + 2 + 3 ร้อยละ 75\nสรุปผลการดำเนินงานตามตัวชี้วัด  :  ร้อยละของผู้ป่วยโรคเบาหวานสามารถควบคุมระดับน้ำตาลได้ (ผลลัพธ์)          \n                                               ร้อยละ 81.43\n, ผลการดำเนินงานระหว่างวันที่ 16 มิถุนายน 2566 – สิงหาคม 2566 ดังนี้\n1. ดำเนินการเพิ่มการคัดกรองผู้ป่วยโรคความดันโลหิตสูงในกลุ่มผู้ป่วยโรคทั่วไปที่มีอายุ 15 ปี ขึ้นไป มีการวัดรอบเอวและซักประวัติเรื่องสูบบุหรี่เพิ่มเติม มีการประเมิน CVD risk score\n2. ผลการดำเนินงาน ระหว่างวันที่ 16 มิถุนายน 2566 – สิงหาคม 2566 ดังนี้ \n         จำนวนผู้ป่วยโรคความดันโลหิตสูงที่ขึ้นทะเบียนและมารับบริการ ทั้งหมด          จำนวน 554 ราย (1)\n            ในคลินิกอายุรกรรมในโรงพยาบาลหลวงพ่อทวีศักดิ์ ชุตินฺธโร อุทิศ\n            ในปีงบประมาณ 2566      \n        จำนวนผู้ป่วยโรคความดันโลหิตสูงที่ควบคุมระดับความดันโลหิตสูงได้ดี              จำนวน 498 ราย (2)\n            ตามเกณฑ์ที่กำหนด ในปีงบประมาณเดียวกัน\n            (ไตรมาสที่ 4 วิธีคำนวณ 498 ราย (2) x 100/554 ราย (1) = คิดเป็นร้อยละ 89.89 )\n     สรุปผลการดำเนินงาน ไตรมาสที่ 1 + 2 + 3 + 4 จำนวนผู้ป่วยโรคความดันโลหิตสูงที่ขึ้นทะเบียนและมารับบริการในคลินิกอายุรกรรมในโรงพยาบาลหลวงพ่อทวีศักดิ์ ชุตินฺธโร อุทิศ ในปีงบประมาณ 2566 ทั้งหมด จำนวน 3,252 ราย (1) จำนวนผู้ป่วยโรคความดันโลหิตสูงที่ควบคุมระดับความดันโลหิตสูงได้ดี ตามเกณฑ์ที่กำหนด ในปีงบประมาณเดียวกัน จำนวน 2,695 ราย (2) คิดเป็นร้อยละ 82.87 (วิธีคำนวณ 2,695 ราย (2) x 100/3,252 ราย (1))\nความก้าวหน้าของโครงการไตรมาสที่ 4 ร้อยละ 25 สรุปความก้าวหน้าของกิจกรรมไตรมาสที่ 1 + 2 + 3 + 4 ร้อยละ 100\nสรุปผลการดำเนินงานตามตัวชี้วัด  :  ร้อยละของผู้ป่วยโรคเบาหวานสามารถควบคุมระดับน้ำตาลได้ (ผลลัพธ์)          \n                                                      ร้อยละ 82.87\n', 'ไม่มี', 1, '{}'),
(33, 23, 7, 'กิจกรรมการดูแลผู้ป่วยโรคความดันโลหิตสูงในคลินิกอายุรกรรมในโรงพยาบาลหลวงพ่อทวีศักดิ์ ชุตินฺธโร อุทิศ', 'ฝ่ายการพยาบาล ร่วมกับ กลุ่มงานอายุรกรรม', 5, '0, 0, 0', '0, 0, 0', '2.1 เพื่อพัฒนาระบบบริการดูแลผู้ป่วยโรคความดันโลหิตสูง\n  2.2 เพื่อให้ผู้ป่วยโรคความดันโลหิตสูงสามารถดูแลตนเองและควบคุมระดับความดันโลหิตให้ อยู่ในเกณฑ์ปกติ ตลอดจนได้รับการรักษาอย่างทันท่วงที\n  2.3 เพื่อให้ผู้ป่วยโรคความดันโลหิตสูงได้รับการดูแลตามมาตรฐานวิชาชีพ\n', 'ผู้ป่วยโรคความดันโลหิตสูงที่มีระดับความดันโลหิตมากกว่า 140/90 mmHg ได้รับการดูแลรักษาและ                 ทางโรงพยาบาลได้มีการจัดกิจกรรมการรักษาผู้ป่วยโรคความดันโลหิตสูงในคลินิกอายุรกรรมในโรงพยาบาลหลวงพ่อทวีศักดิ์ ชุตินฺธโร อุทิศ เพื่อให้ผู้ป่วยสามารถดูแลตนเองและสามารถควบคุมความดันโลหิตไม่ให้อยู่ในระดับรุนแรง ในปีงบประมาณ พ.ศ. 2566 \n     ค่าเป้าหมาย : ≥ ร้อยละ 45 (วิธีการคำนวณ จำนวนผู้ป่วยโรคความดันโลหิตสูงควบคุมระดับความดันโลหิตได้ดี         ตามเกณฑ์ที่กำหนด ในปีงบประมาณ 2566 หารด้วย จำนวนผู้ป่วยความดันโลหิตสูงที่ขึ้นทะเบียนและมารับบริการทั้งหมดในคลินิกอายุรกรรม ในปีงบประมาณเดียวกัน คูณด้วย 100)\n', 'ผลการดำเนินงานระหว่างเดือนตุลาคม 2565 – 15 ธันวาคม 2565 ดังนี้\n     1. โรงพยาบาลหลวงพ่อทวีศักดิ์ ชุตินฺธโร อุทิศ ได้ดำเนินการขออนุมัติกิจกรรมการดูแลผู้ป่วยโรคความดันโลหิตสูงในคลินิกอายุรกรรมในโรงพยาบาลหลวงพ่อทวีศักดิ์ ชุตินฺธโร อุทิศ จากผู้บริหารเรียบร้อยแล้ว\n2. ดำเนินการจัดทำ Flow การให้บริการผู้ป่วยโรคความดันโลหิตสูง (เป็นการจัดทีมดูแลโดยสหสาขาวิชาชีพ)\n3. เปิดให้บริการตรวจคัดกรองและให้การดูแลรักษาผู้ป่วยในคลินิกอายุรกรรม และมีการจัดบอร์ดประชาสัมพันธ์ และแผ่นพับให้ความรู้แก่ผู้มารับบริการในโรงพยาบาล \n4. ผลการดำเนินงาน ระหว่างเดือนตุลาคม – 15 ธันวาคม 2565 ดังนี้ \n         จำนวนผู้ป่วยโรคความดันโลหิตสูงที่ขึ้นทะเบียนและมารับบริการ ทั้งหมด          จำนวน 849 ราย (1)\n            ในคลินิกอายุรกรรมในโรงพยาบาลหลวงพ่อทวีศักดิ์ ชุตินฺธโร อุทิศ\n            ในปีงบประมาณ 2566\n         จำนวนผู้ป่วยโรคความดันโลหิตสูงที่ควบคุมระดับความดันโลหิตสูงได้ดี              จำนวน 677 ราย (2)\n            ตามเกณฑ์ที่กำหนด ในปีงบประมาณเดียวกัน \n            (ไตรมาสที่ 1 วิธีคำนวณ  677 ราย (2) x 100/ 849 ราย (1) = คิดเป็นร้อยละ 79.74 )\nความก้าวหน้าของกิจกรรมไตรมาสที่ 1  ร้อยละ 25\nสรุปผลการดำเนินงานตามตัวชี้วัด :  ร้อยละของผู้ป่วยโรคความดันโลหิตสูงสามารถควบคุมระดับความดันโลหิตได้ \n                                               (ผลลัพธ์) ร้อยละ 79.74\n, ผลการดำเนินงานระหว่างวันที่ 16 ธันวาคม 2565 – 15 มีนาคม 2566 ดังนี้\n1. ดำเนินการเพิ่มการคัดกรองผู้ป่วยโรคความดันโลหิตสูงในกลุ่มผู้ป่วยโรคทั่วไปที่มีอายุ 15 ปี ขึ้นไป มีการวัดรอบเอวและซักประวัติเรื่องสูบบุหรี่เพิ่มเติม มีการประเมิน CVD risk score\n2. ผลการดำเนินงาน ระหว่างวันที่ 16 ธันวาคม 2565 – 15 มีนาคม 2566 ดังนี้ \n         จำนวนผู้ป่วยโรคความดันโลหิตสูงที่ขึ้นทะเบียนและมารับบริการ ทั้งหมด          จำนวน 969 ราย (1)\n            ในคลินิกอายุรกรรมในโรงพยาบาลหลวงพ่อทวีศักดิ์ ชุตินฺธโร อุทิศ\n            ในปีงบประมาณ 2566\n         จำนวนผู้ป่วยโรคความดันโลหิตสูงที่ควบคุมระดับความดันโลหิตสูงได้ดี              จำนวน 775 ราย (2)\n            ตามเกณฑ์ที่กำหนด ในปีงบประมาณเดียวกัน\n            (ไตรมาสที่ 2 วิธีคำนวณ 775 ราย (2) x 100/969 ราย (1) = คิดเป็นร้อยละ 79.98 )\n     สรุปผลการดำเนินงาน ไตรมาสที่ 1 + 2 จำนวนผู้ป่วยโรคความดันโลหิตสูงที่ขึ้นทะเบียนและมารับบริการในคลินิกอายุรกรรมในโรงพยาบาลหลวงพ่อทวีศักดิ์ ชุตินฺธโร อุทิศ ในปีงบประมาณ 2566 ทั้งหมด จำนวน 1,818 ราย (1)         จำนวนผู้ป่วยโรคความดันโลหิตสูงที่ควบคุมระดับความดันโลหิตสูงได้ดี ตามเกณฑ์ที่กำหนด ในปีงบประมาณเดียวกัน จำนวน 1,452 ราย (2) คิดเป็นร้อยละ 79.87 (วิธีคำนวณ 1,452 ราย (2) x 100/1,818 ราย (1))\nความก้าวหน้าของโครงการไตรมาสที่ 2  ร้อยละ 50    สรุปความก้าวหน้าของกิจกรรมไตรมาสที่ 1 + 2 ร้อยละ 50 \nสรุปผลการดำเนินงานตามตัวชี้วัด  :  ร้อยละของผู้ป่วยโรคความดันโลหิตสูงสามารถควบคุมระดับความดันโลหิตได้ \n                                               (ผลลัพธ์) ร้อยละ 79.87\n', 'ไม่มี', 1, 'p2.png'),
(34, 24, 30, 'กิจกรรมการประเมินและส่งเสริมพัฒนาการเด็ก', 'กลุ่มงานกุมารเวชกรรม', 4, '0, 0, 0', '0, 0, 0', '1.	สร้างความตระหนัก และความสำคัญด้านการเจริญเติบโตของเด็ก\n2.	เพื่อเฝ้าระวัง และแก้ไขปัญหาพัฒนาการเจริญเติบโตของเด็กในกทม.\n', 'เด็กทุกคนได้รับตรวจคัดกรองพัฒนาการโดยใช้คู่มือเฝ้าระวังและส่งเสริมพัฒนาการเด็กปฐมวัย (DSPM) แล้วผลการตรวจคัดกรองผ่านครบ 5 ด้านในการตรวจคัดกรองพัฒนาการครั้งแรกรวมกับเด็กที่พบพัฒนาการสงสัยล่าช้าและได้รับการติดตามให้ได้รับการกระตุ้นพัฒนาการและประเมินซ้ำแล้วผลการประเมินผ่านครบ 5 ด้านภายใน 30 วัน (1B260) โดยมีค่าเป้าหมายร้อยละ ๘๕ ', '1.	เดือนตุลาคม 2565 พบเด็กสงสัยพัฒนาการล่าช้า 23 ราย พัฒนาการช้า 4 ราย จำนวนเด็กที่มารับการคัดกรองพัฒนากรทั้งหมด 333 ราย\n2.	เดือนพฤศจิกายน 2565 พบเด็กสงสัยพัฒนาการล่าช้า 35 ราย พัฒนาการช้า 9 ราย จำนวนเด็กที่มารับการคัดกรองพัฒนากรทั้งหมด 360 ราย\n3.	เดือนธันวาคม 2565 พบเด็กสงสัยพัฒนาการล่าช้า 33 ราย พัฒนาการช้า  8 ราย\nจำนวนเด็กที่มารับการคัดกรองพัฒนากรทั้งหมด 288 ราย\n\n\nความก้าวหน้าของโครงการไตรมาสที่   1             25    %\n', 'ไม่มี', 1, 'p1.1.png'),
(35, 25, 23, 'กิจกรรมการดูแลผู้ป่วยโรคความดันโลหิตสูงในคลินิกอายุรกรรมในโรงพยาบาลหลวงพ่อทวีศักดิ์ ชุตินฺธโร อุทิศ', 'ฝ่ายการพยาบาล ร่วมกับ กลุ่มงานอายุรกรรม', 4, '0, 5000, 0', '0, 3000, 0', 'เพื่อพัฒนาระบบบริการดูแลผู้ป่วยโรคความดันโลหิตสูงเพื่อให้ผู้ป่วยโรคความดันโลหิตสูงสามารถดูแลตนเองและควบคุมระดับความดันโลหิตให้ อยู่ในเกณฑ์ปกติ ตลอดจนได้รับการรักษาอย่างทันท่วงทีเพื่อให้ผู้ป่วยโรคความดันโลหิตสูงได้รับการดูแลตามมาตรฐานวิชาชีพ\n', 'ผู้ป่วยโรคความดันโลหิตสูงที่มีระดับความดันโลหิตมากกว่า 140/90 mmHg ได้รับการดูแลรักษาและ ทางโรงพยาบาลได้มีการจัดกิจกรรมการรักษาผู้ป่วยโรคความดันโลหิตสูงในคลินิกอายุรกรรมในโรงพยาบาลหลวงพ่อทวีศักดิ์ ชุตินฺธโร อุทิศ เพื่อให้ผู้ป่วยสามารถดูแลตนเองและสามารถควบคุมความดันโลหิตไม่ให้อยู่ในระดับรุนแรง ในปีงบประมาณ พ.ศ. 2566 ค่าเป้าหมาย : ≥ ร้อยละ 45 (วิธีการคำนวณ จำนวนผู้ป่วยโรคความดันโลหิตสูงควบคุมระดับความดันโลหิตได้ดี ตามเกณฑ์ที่กำหนด ในปีงบประมาณ 2566 หารด้วย จำนวนผู้ป่วยความดันโลหิตสูงที่ขึ้นทะเบียนและมารับบริการทั้งหมดในคลินิกอายุรกรรม ในปีงบประมาณเดียวกัน คูณด้วย 100)\n', 'ผลการดำเนินงานระหว่างเดือนตุลาคม 2565 – 15 ธันวาคม 2565 ดังนี้ 1. โรงพยาบาลหลวงพ่อทวีศักดิ์ ชุตินฺธโร อุทิศ ได้ดำเนินการขออนุมัติกิจกรรมการดูแลผู้ป่วยโรคความดันโลหิตสูงในคลินิกอายุรกรรมในโรงพยาบาลหลวงพ่อทวีศักดิ์ ชุตินฺธโร อุทิศ จากผู้บริหารเรียบร้อยแล้ว 2. ดำเนินการจัดทำ Flow การให้บริการผู้ป่วยโรคความดันโลหิตสูง (เป็นการจัดทีมดูแลโดยสหสาขาวิชาชีพ) 3. เปิดให้บริการตรวจคัดกรองและให้การดูแลรักษาผู้ป่วยในคลินิกอายุรกรรม และมีการจัดบอร์ดประชาสัมพันธ์ และแผ่นพับให้ความรู้แก่ผู้มารับบริการในโรงพยาบาล\n, ผลการดำเนินงานระหว่างวันที่ 16 ธันวาคม 2565 – 15 มีนาคม 2566 ดังนี้ 1. ดำเนินการเพิ่มการคัดกรองผู้ป่วยโรคความดันโลหิตสูงในกลุ่มผู้ป่วยโรคทั่วไปที่มีอายุ 15 ปี ขึ้นไป มีการวัดรอบเอวและซักประวัติเรื่องสูบบุหรี่เพิ่มเติม มีการประเมิน CVD risk score 2. ผลการดำเนินงาน ระหว่างวันที่ 16 ธันวาคม 2565 – 15 มีนาคม 2566 ดังนี้  จำนวนผู้ป่วยโรคความดันโลหิตสูงที่ขึ้นทะเบียนและมารับบริการ ทั้งหมด จำนวน 969 ราย (1) ในคลินิกอายุรกรรมในโรงพยาบาลหลวงพ่อทวีศักดิ์ ชุตินฺธโร อุทิศ ในปีงบประมาณ 2566  จำนวนผู้ป่วยโรคความดันโลหิตสูงที่ควบคุมระดับความดันโลหิตสูงได้ดี จำนวน 775 ราย (2) ตามเกณฑ์ที่กำหนด ในปีงบประมาณเดียวกัน (ไตรมาสที่ 2 วิธีคำนวณ 775 ราย (2) x 100/969 ราย (1) = คิดเป็นร้อยละ 79.98 ) สรุปผลการดำเนินงาน ไตรมาสที่ 1 + 2 จำนวนผู้ป่วยโรคความดันโลหิตสูงที่ขึ้นทะเบียนและมารับบริการในคลินิกอายุรกรรมในโรงพยาบาลหลวงพ่อทวีศักดิ์ ชุตินฺธโร อุทิศ ในปีงบประมาณ 2566 ทั้งหมด จำนวน 1,818 ราย (1) จำนวนผู้ป่วยโรคความดันโลหิตสูงที่ควบคุมระดับความดันโลหิตสูงได้ดี ตามเกณฑ์ที่กำหนด ในปีงบประมาณเดียวกัน จำนวน 1,452 ราย (2) คิดเป็นร้อยละ 79.87 (วิธีคำนวณ 1,452 ราย (2) x 100/1,818 ราย (1)) ความก้าวหน้าของโครงการไตรมาสที่ 2 ร้อยละ 50 สรุปความก้าวหน้าของกิจกรรมไตรมาสที่ 1 + 2 ร้อยละ 50 สรุปผลการดำเนินงานตามตัวชี้วัด : ร้อยละของผู้ป่วยโรคความดันโลหิตสูงสามารถควบคุมระดับความดันโลหิตได้ (ผลลัพธ์) ร้อยละ 79.87\n, ผลการดำเนินงานระหว่างวันที่ 16 มีนาคม 2566 – 15 มิถุนายน 2566 ดังนี้ 1. ดำเนินการเพิ่มการคัดกรองผู้ป่วยโรคความดันโลหิตสูงในกลุ่มผู้ป่วยโรคทั่วไปที่มีอายุ 15 ปี ขึ้นไป มีการวัดรอบเอวและซักประวัติเรื่องสูบบุหรี่เพิ่มเติม มีการประเมิน CVD risk score 2. ผลการดำเนินงาน ระหว่างวันที่ 16 มีนาคม 2566 – 15 มิถุนายน 2566 ดังนี้  จำนวนผู้ป่วยโรคความดันโลหิตสูงที่ขึ้นทะเบียนและมารับบริการ ทั้งหมด จำนวน 880 ราย (1) ในคลินิกอายุรกรรมในโรงพยาบาลหลวงพ่อทวีศักดิ์ ชุตินฺธโร อุทิศ ในปีงบประมาณ 2566  จำนวนผู้ป่วยโรคความดันโลหิตสูงที่ควบคุมระดับความดันโลหิตสูงได้ดี จำนวน 745 ราย (2) ตามเกณฑ์ที่กำหนด ในปีงบประมาณเดียวกัน (ไตรมาสที่ 3 วิธีคำนวณ 745 ราย (2) x 100/880 ราย (1) = คิดเป็นร้อยละ 84.66 ) สรุปผลการดำเนินงาน ไตรมาสที่ 1 + 2 + 3 จำนวนผู้ป่วยโรคความดันโลหิตสูงที่ขึ้นทะเบียนและมารับบริการในคลินิกอายุรกรรมในโรงพยาบาลหลวงพ่อทวีศักดิ์ ชุตินฺธโร อุทิศ ในปีงบประมาณ 2566 ทั้งหมด จำนวน 2,698 ราย (1) จำนวนผู้ป่วยโรคความดันโลหิตสูงที่ควบคุมระดับความดันโลหิตสูงได้ดี ตามเกณฑ์ที่กำหนด ในปีงบประมาณเดียวกัน จำนวน 2,197 ราย (2) คิดเป็นร้อยละ 81.43 (วิธีคำนวณ 2,197 ราย (2) x 100/2,698 ราย (1)) ความก้าวหน้าของโครงการไตรมาสที่ 3 ร้อยละ 25 สรุปความก้าวหน้าของกิจกรรมไตรมาสที่ 1 + 2 + 3 ร้อยละ 75 สรุปผลการดำเนินงานตามตัวชี้วัด : ร้อยละของผู้ป่วยโรคเบาหวานสามารถควบคุมระดับน้ำตาลได้ (ผลลัพธ์) ร้อยละ 81.43\n', 'ไม่มี', 3, '{}'),
(36, 26, 24, 'ชื่อโครงการ / กิจกรรมชื่อโครงการ / กิจกรรม', 'ชื่อโครงการ / กิจกรรม', 2, '200, 0, 0', '100, 0, 0', 'วัตถุประสงค์วัตถุประสงค์วัตถุประสงค์วัตถุประสงค์วัตถุประสงค์วัตถุประสงค์วัตถุประสงค์วัตถุประสงค์วัตถุประสงค์วัตถุประสงค์วัตถุประสงค์วัตถุประสงค์วัตถุประสงค์วัตถุประสงค์วัตถุประสงค์วัตถุประสงค์', 'วัตถุประสงค์วัตถุประสงค์วัตถุประสงค์วัตถุประสงค์วัตถุประสงค์วัตถุประสงค์วัตถุประสงค์วัตถุประสงค์วัตถุประสงค์วัตถุประสงค์วัตถุประสงค์วัตถุประสงค์วัตถุประสงค์วัตถุประสงค์วัตถุประสงค์วัตถุประสงค์วัตถุประสงค์วัตถุประสงค์วัตถุประสงค์วัตถุประสงค์', 'วัตถุประสงค์วัตถุประสงค์วัตถุประสงค์วัตถุประสงค์วัตถุประสงค์วัตถุประสงค์วัตถุประสงค์วัตถุประสงค์วัตถุประสงค์วัตถุประสงค์วัตถุประสงค์วัตถุประสงค์วัตถุประสงค์วัตถุประสงค์วัตถุประสงค์วัตถุประสงค์วัตถุประสงค์วัตถุประสงค์วัตถุประสงค์, วัตถุประสงค์วัตถุประสงค์วัตถุประสงค์วัตถุประสงค์วัตถุประสงค์วัตถุประสงค์วัตถุประสงค์วัตถุประสงค์วัตถุประสงค์วัตถุประสงค์วัตถุประสงค์วัตถุประสงค์วัตถุประสงค์วัตถุประสงค์วัตถุประสงค์วัตถุประสงค์วัตถุประสงค์วัตถุประสงค์วัตถุประสงค์วัตถุประสงค์วัตถุประสงค์, วัตถุประสงค์วัตถุประสงค์วัตถุประสงค์วัตถุประสงค์วัตถุประสงค์วัตถุประสงค์วัตถุประสงค์วัตถุประสงค์วัตถุประสงค์วัตถุประสงค์วัตถุประสงค์วัตถุประสงค์วัตถุประสงค์วัตถุประสงค์วัตถุประสงค์วัตถุประสงค์วัตถุประสงค์วัตถุประสงค์วัตถุประสงค์, วัตถุประสงค์วัตถุประสงค์วัตถุประสงค์วัตถุประสงค์วัตถุประสงค์วัตถุประสงค์วัตถุประสงค์วัตถุประสงค์วัตถุประสงค์วัตถุประสงค์วัตถุประสงค์วัตถุประสงค์วัตถุประสงค์วัตถุประสงค์วัตถุประสงค์วัตถุประสงค์วัตถุประสงค์วัตถุประสงค์วัตถุประสงค์วัตถุประสงค์วัตถุประสงค์วัตถุประสงค์วัตถุประสงค์', 'วัตถุประสงค์วัตถุประสงค์วัตถุประสงค์วัตถุประสงค์วัตถุประสงค์วัตถุประสงค์วัตถุประสงค์วัตถุประสงค์วัตถุประสงค์วัตถุประสงค์วัตถุประสงค์วัตถุประสงค์วัตถุประสงค์วัตถุประสงค์วัตถุประสงค์วัตถุประสงค์วัตถุประสงค์วัตถุประสงค์', 3, '{}'),
(37, 27, 6, 'กิจกรรมการดูแลผู้ป่วยโรคความดันโลหิตสูงในคลินิกอายุรกรรมในโรงพยาบาลหลวงพ่อทวีศักดิ์ ชุตินฺธโร อุทิศ', 'ฝ่ายการพยาบาล ร่วมกับ กลุ่มงานอายุรกรรม', 5, '100, 0, 0', '99, 0, 0', 'เพื่อพัฒนาระบบบริการดูแลผู้ป่วยโรคความดันโลหิตสูงเพื่อให้ผู้ป่วยโรคความดันโลหิตสูงสามารถดูแลตนเองและควบคุมระดับความดันโลหิตให้ อยู่ในเกณฑ์ปกติ ตลอดจนได้รับการรักษาอย่างทันท่วงทีเพื่อให้ผู้ป่วยโรคความดันโลหิตสูงได้รับการดูแลตามมาตรฐานวิชาชีพ', 'ผู้ป่วยโรคความดันโลหิตสูงที่มีระดับความดันโลหิตมากกว่า 140/90 mmHg ได้รับการดูแลรักษาและ ทางโรงพยาบาลได้มีการจัดกิจกรรมการรักษาผู้ป่วยโรคความดันโลหิตสูงในคลินิกอายุรกรรมในโรงพยาบาลหลวงพ่อทวีศักดิ์ ชุตินฺธโร อุทิศ เพื่อให้ผู้ป่วยสามารถดูแลตนเองและสามารถควบคุมความดันโลหิตไม่ให้อยู่ในระดับรุนแรง ในปีงบประมาณ พ.ศ. 2566 ค่าเป้าหมาย : ≥ ร้อยละ 45 (วิธีการคำนวณ จำนวนผู้ป่วยโรคความดันโลหิตสูงควบคุมระดับความดันโลหิตได้ดี ตามเกณฑ์ที่กำหนด ในปีงบประมาณ 2566 หารด้วย จำนวนผู้ป่วยความดันโลหิตสูงที่ขึ้นทะเบียนและมารับบริการทั้งหมดในคลินิกอายุรกรรม ในปีงบประมาณเดียวกัน คูณด้วย 100)', 'ไตรมาสที่ 1 ผลการดำเนินงานระหว่างเดือนตุลาคม 2565 – 15 ธันวาคม 2565 ดังนี้ 1. โรงพยาบาลหลวงพ่อทวีศักดิ์ ชุตินฺธโร อุทิศ ได้ดำเนินการขออนุมัติกิจกรรมการดูแลผู้ป่วยโรคความดันโลหิตสูงในคลินิกอายุรกรรมในโรงพยาบาลหลวงพ่อทวีศักดิ์ ชุตินฺธโร อุทิศ จากผู้บริหารเรียบร้อยแล้ว 2. ดำเนินการจัดทำ Flow การให้บริการผู้ป่วยโรคความดันโลหิตสูง (เป็นการจัดทีมดูแลโดยสหสาขาวิชาชีพ) 3. เปิดให้บริการตรวจคัดกรองและให้การดูแลรักษาผู้ป่วยในคลินิกอายุรกรรม และมีการจัดบอร์ดประชาสัมพันธ์ และแผ่นพับให้ความรู้แก่ผู้มารับบริการในโรงพยาบาล', 'ไม่มี', 2, ' ');
INSERT INTO `event` (`ev_id`, `de_id`, `fms_id`, `ev_name`, `ev_res`, `ev_status`, `ev_budget`, `ev_buded`, `ev_point`, `ev_target`, `ev_result`, `ev_problem`, `ev_str`, `ev_img`) VALUES
(38, 28, 3, 'กิจกรรมการดูแลผู้ป่วยโรคความดันโลหิตสูงในคลินิกอายุรกรรมในโรงพยาบาลหลวงพ่อทวีศักดิ์ ชุตินฺธโร อุทิศ', 'ฝ่ายการพยาบาล ร่วมกับ กลุ่มงานอายุรกรรม', 5, '0, 1111, 0', '0, 999, 0', '2.1 เพื่อพัฒนาระบบบริการดูแลผู้ป่วยโรคความดันโลหิตสูง 2.2 เพื่อให้ผู้ป่วยโรคความดันโลหิตสูงสามารถดูแลตนเองและควบคุมระดับความดันโลหิตให้ อยู่ในเกณฑ์ปกติ ตลอดจนได้รับการรักษาอย่างทันท่วงที 2.3 เพื่อให้ผู้ป่วยโรคความดันโลหิตสูงได้รับการดูแลตามมาตรฐานวิชาชีพ', 'ผู้ป่วยโรคความดันโลหิตสูงที่มีระดับความดันโลหิตมากกว่า 140/90 mmHg ได้รับการดูแลรักษาและ ทางโรงพยาบาลได้มีการจัดกิจกรรมการรักษาผู้ป่วยโรคความดันโลหิตสูงในคลินิกอายุรกรรมในโรงพยาบาลหลวงพ่อทวีศักดิ์ ชุตินฺธโร อุทิศ เพื่อให้ผู้ป่วยสามารถดูแลตนเองและสามารถควบคุมความดันโลหิตไม่ให้อยู่ในระดับรุนแรง ในปีงบประมาณ พ.ศ. 2566 ค่าเป้าหมาย : ≥ ร้อยละ 45 (วิธีการคำนวณ จำนวนผู้ป่วยโรคความดันโลหิตสูงควบคุมระดับความดันโลหิตได้ดี ตามเกณฑ์ที่กำหนด ในปีงบประมาณ 2566 หารด้วย จำนวนผู้ป่วยความดันโลหิตสูงที่ขึ้นทะเบียนและมารับบริการทั้งหมดในคลินิกอายุรกรรม ในปีงบประมาณเดียวกัน คูณด้วย 100)', 'ผลการดำเนินงานระหว่างเดือนตุลาคม 2565 – 15 ธันวาคม 2565 ดังนี้ 1. โรงพยาบาลหลวงพ่อทวีศักดิ์ ชุตินฺธโร อุทิศ ได้ดำเนินการขออนุมัติกิจกรรมการดูแลผู้ป่วยโรคความดันโลหิตสูงในคลินิกอายุรกรรมในโรงพยาบาลหลวงพ่อทวีศักดิ์ ชุตินฺธโร อุทิศ จากผู้บริหารเรียบร้อยแล้ว 2. ดำเนินการจัดทำ Flow การให้บริการผู้ป่วยโรคความดันโลหิตสูง (เป็นการจัดทีมดูแลโดยสหสาขาวิชาชีพ) 3. เปิดให้บริการตรวจคัดกรองและให้การดูแลรักษาผู้ป่วยในคลินิกอายุรกรรม และมีการจัดบอร์ดประชาสัมพันธ์ และแผ่นพับให้ความรู้แก่ผู้มารับบริการในโรงพยาบาล 4. ผลการดำเนินงาน ระหว่างเดือนตุลาคม – 15 ธันวาคม 2565 ดังนี้  จำนวนผู้ป่วยโรคความดันโลหิตสูงที่ขึ้นทะเบียนและมารับบริการ ทั้งหมด จำนวน 849 ราย (1) ในคลินิกอายุรกรรมในโรงพยาบาลหลวงพ่อทวีศักดิ์ ชุตินฺธโร อุทิศ ในปีงบประมาณ 2566  จำนวนผู้ป่วยโรคความดันโลหิตสูงที่ควบคุมระดับความดันโลหิตสูงได้ดี จำนวน 677 ราย (2) ตามเกณฑ์ที่กำหนด ในปีงบประมาณเดียวกัน (ไตรมาสที่ 1 วิธีคำนวณ 677 ราย (2) x 100/ 849 ราย (1) = คิดเป็นร้อยละ 79.74 ) ความก้าวหน้าของกิจกรรมไตรมาสที่ 1 ร้อยละ 25 สรุปผลการดำเนินงานตามตัวชี้วัด : ร้อยละของผู้ป่วยโรคความดันโลหิตสูงสามารถควบคุมระดับความดันโลหิตได้ (ผลลัพธ์) ร้อยละ 79.74, ผลการดำเนินงานระหว่างวันที่ 16 ธันวาคม 2565 – 15 มีนาคม 2566 ดังนี้ 1. ดำเนินการเพิ่มการคัดกรองผู้ป่วยโรคความดันโลหิตสูงในกลุ่มผู้ป่วยโรคทั่วไปที่มีอายุ 15 ปี ขึ้นไป มีการวัดรอบเอวและซักประวัติเรื่องสูบบุหรี่เพิ่มเติม มีการประเมิน CVD risk score 2. ผลการดำเนินงาน ระหว่างวันที่ 16 ธันวาคม 2565 – 15 มีนาคม 2566 ดังนี้  จำนวนผู้ป่วยโรคความดันโลหิตสูงที่ขึ้นทะเบียนและมารับบริการ ทั้งหมด จำนวน 969 ราย (1) ในคลินิกอายุรกรรมในโรงพยาบาลหลวงพ่อทวีศักดิ์ ชุตินฺธโร อุทิศ ในปีงบประมาณ 2566  จำนวนผู้ป่วยโรคความดันโลหิตสูงที่ควบคุมระดับความดันโลหิตสูงได้ดี จำนวน 775 ราย (2) ตามเกณฑ์ที่กำหนด ในปีงบประมาณเดียวกัน (ไตรมาสที่ 2 วิธีคำนวณ 775 ราย (2) x 100/969 ราย (1) = คิดเป็นร้อยละ 79.98 ) สรุปผลการดำเนินงาน ไตรมาสที่ 1 + 2 จำนวนผู้ป่วยโรคความดันโลหิตสูงที่ขึ้นทะเบียนและมารับบริการในคลินิกอายุรกรรมในโรงพยาบาลหลวงพ่อทวีศักดิ์ ชุตินฺธโร อุทิศ ในปีงบประมาณ 2566 ทั้งหมด จำนวน 1,818 ราย (1) จำนวนผู้ป่วยโรคความดันโลหิตสูงที่ควบคุมระดับความดันโลหิตสูงได้ดี ตามเกณฑ์ที่กำหนด ในปีงบประมาณเดียวกัน จำนวน 1,452 ราย (2) คิดเป็นร้อยละ 79.87 (วิธีคำนวณ 1,452 ราย (2) x 100/1,818 ราย (1)) ความก้าวหน้าของโครงการไตรมาสที่ 2 ร้อยละ 50 สรุปความก้าวหน้าของกิจกรรมไตรมาสที่ 1 + 2 ร้อยละ 50 สรุปผลการดำเนินงานตามตัวชี้วัด : ร้อยละของผู้ป่วยโรคความดันโลหิตสูงสามารถควบคุมระดับความดันโลหิตได้ (ผลลัพธ์) ร้อยละ 79.87', 'ไม่มี', 2, ' '),
(39, 29, 4, 'กิจกรรมการดูแลผู้ป่วยโรคความดันโลหิตสูงในคลินิกอายุรกรรมในโรงพยาบาลหลวงพ่อทวีศักดิ์ ชุตินฺธโร อุทิศ', 'ฝ่ายการพยาบาล ร่วมกับ กลุ่มงานอายุรกรรม', 4, '150, 0, 0', '50, 0, 0', 'วัตถุประสงค์วัตถุประสงค์วัตถุประสงค์วัตถุประสงค์วัตถุประสงค์วัตถุประสงค์วัตถุประสงค์วัตถุประสงค์วัตถุประสงค์วัตถุประสงค์วัตถุประสงค์วัตถุประสงค์วัตถุประสงค์วัตถุประสงค์วัตถุประสงค์วัตถุประสงค์วัตถุประสงค์', 'วัตถุประสงค์วัตถุประสงค์วัตถุประสงค์วัตถุประสงค์วัตถุประสงค์วัตถุประสงค์วัตถุประสงค์วัตถุประสงค์วัตถุประสงค์วัตถุประสงค์วัตถุประสงค์วัตถุประสงค์วัตถุประสงค์วัตถุประสงค์วัตถุประสงค์วัตถุประสงค์', 'วัตถุประสงค์วัตถุประสงค์วัตถุประสงค์วัตถุประสงค์วัตถุประสงค์วัตถุประสงค์วัตถุประสงค์วัตถุประสงค์วัตถุประสงค์วัตถุประสงค์วัตถุประสงค์วัตถุประสงค์วัตถุประสงค์วัตถุประสงค์วัตถุประสงค์วัตถุประสงค์', 'วัตถุประสงค์วัตถุประสงค์วัตถุประสงค์วัตถุประสงค์วัตถุประสงค์วัตถุประสงค์วัตถุประสงค์วัตถุประสงค์วัตถุประสงค์', 2, ' '),
(40, 30, 3, 'กิจกรรมการดูแลผู้ป่วยโรคความดันโลหิตสูงในคลินิกอายุรกรรมในโรงพยาบาลหลวงพ่อทวีศักดิ์ ชุตินฺธโร อุทิศ', 'ฝ่ายการพยาบาล ร่วมกับ กลุ่มงานอายุรกรรม', 2, '0, 500, 0', '0, 300, 0', 'วัตถุประสงค์วัตถุประสงค์วัตถุประสงค์วัตถุประสงค์วัตถุประสงค์วัตถุประสงค์วัตถุประสงค์วัตถุประสงค์วัตถุประสงค์วัตถุประสงค์วัตถุประสงค์วัตถุประสงค์วัตถุประสงค์', 'วัตถุประสงค์วัตถุประสงค์วัตถุประสงค์วัตถุประสงค์วัตถุประสงค์วัตถุประสงค์วัตถุประสงค์วัตถุประสงค์วัตถุประสงค์วัตถุประสงค์', 'วัตถุประสงค์วัตถุประสงค์วัตถุประสงค์วัตถุประสงค์วัตถุประสงค์วัตถุประสงค์วัตถุประสงค์วัตถุประสงค์วัตถุประสงค์วัตถุประสงค์วัตถุประสงค์วัตถุประสงค์วัตถุประสงค์วัตถุประสงค์', 'วัตถุประสงค์วัตถุประสงค์วัตถุประสงค์วัตถุประสงค์วัตถุประสงค์วัตถุประสงค์วัตถุประสงค์วัตถุประสงค์วัตถุประสงค์วัตถุประสงค์วัตถุประสงค์', 1, ' ');

-- --------------------------------------------------------

--
-- Table structure for table `form`
--

CREATE TABLE `form` (
  `fm_id` int NOT NULL,
  `fm_name` text CHARACTER SET utf8mb4 COLLATE utf8mb4_general_ci NOT NULL,
  `fm_solve` int NOT NULL,
  `fm_method` int NOT NULL,
  `fm_define` text CHARACTER SET utf8mb4 COLLATE utf8mb4_general_ci NOT NULL,
  `fm_paras` text CHARACTER SET utf8mb4 COLLATE utf8mb4_general_ci NOT NULL,
  `fm_com` tinyint(1) NOT NULL DEFAULT '0',
  `fm_con` text COLLATE utf8mb4_general_ci NOT NULL,
  `fm_numpara` int NOT NULL
) ENGINE=InnoDB DEFAULT CHARSET=utf8mb4 COLLATE=utf8mb4_general_ci;

--
-- Dumping data for table `form`
--

INSERT INTO `form` (`fm_id`, `fm_name`, `fm_solve`, `fm_method`, `fm_define`, `fm_paras`, `fm_com`, `fm_con`, `fm_numpara`) VALUES
(1, 'ร้อยละของผู้ป่วยเบาหวานความดันโลหิตสูงที่ขึ้นทะเบียนได้รับการประเมินความเสี่ยง CVD RISK สูง และเข้าสู่กระบวนการและ มี CVD RISK ลดลง', 35, 1, 'หมายเหตุ :คำอธิบายแบบรายงาน\nจำนวนผู้ป่วยทั้ง 3 ประเภท จะต้องไม่ใช่ผู้ป่วยคนเดียวกัน รายงานข้อมูลเป็นจำนวนผู้ป่วยสะสม\n1.1, 2.1, 3.1 หมายถึง จำนวนผู้ที่ได้รับการประเมิน Thai CVD Risk ทั้งหมด (ราย) (ผู้ป่วยที่ Lab ครบ ทั้งหมด)\n1.2, 2.2, 3.2 หมายถึง จำนวนผู้ที่ได้รับการประเมิน CVD Risk และมีความเสี่ยงสูง (ระดับความเสี่ยงสูง CVD Risk ≥ 20%) ที่ได้รับการปรับเปลี่ยนพฤติกรรมและหรือได้รับการรักษาที่เหมาะสม (ราย)\n1.3, 2.3, 3.3 หมายถึง จำนวนผู้ที่ได้รับการประเมิน CVD Risk และมีความเสี่ยงสูง (ระดับความเสี่ยงสูง CVD Risk ≥ 20%) ที่ได้รับการปรับเปลี่ยนพฤติกรรมและหรือได้รับการรักษาที่เหมาะสมและมีค่า CVD Risk ลดลง (ราย)\nช่อง 4.1 = 1.1 + 2.1 + 3.1 หมายถึง จำนวนผู้ที่ได้รับการประเมิน Thai CVD Risk ทั้งหมด (ราย) (ผู้ป่วยที่ Lab ครบ ทั้งหมด)  \nช่อง 4.2 = 1.2 + 2.2 + 3.2 หมายถึง จำนวนผู้ที่ได้รับการประเมิน CVD Risk และมีความเสี่ยงสูงที่ได้รับการปรับเปลี่ยนพฤติกรรมและหรือได้รับการรักษาที่เหมาะสม (ราย) (ผู้ป่วยเสี่ยงสูง)\nช่อง 4.3 = 1.3 + 2.3 + 3.3 หมายถึง จำนวนผู้ที่ได้รับการประเมิน CVD Risk และมีความเสี่ยงสูง ที่ได้รับการปรับเปลี่ยนพฤติกรรมและหรือได้รับการรักษาที่เหมาะสมและมีค่า CVD Risk ลดลง (ราย)\nช่อง 4.4 = 4.3/4.2 x 100 หมายถึง ร้อยละความสำเร็จในการปรับเปลี่ยนพฤติกรรมผู้ป่วยเบาหวาน ความดันโลหิตสูงที่ได้รับการประเมิน CVD Risk และมีความเสี่ยงสูง\nคำนิยาม\nตัวชี้วัดร้อยละความสำเร็จในการปรับเปลี่ยนพฤติกรรมผู้ป่วยเบาหวาน ความดันโลหิตสูงที่ได้รับการประเมิน CVD Risk และมีความเสี่ยงสูง (ค่าเป้าหมาย ≥ ร้อยละ 35)\n	1. ผู้ที่ได้รับการประเมินโอกาสเสี่ยงต่อโรคหัวใจและหลอดเลือด (CVD Risk) และมีความเสี่ยงสูง หมายถึง ผู้ป่วยโรคเบาหวาน (E10-E14) และ/หรือ ความดันโลหิตสูง (I10-I15) อายุ 35-60 ปีที่ขึ้นทะเบียน ได้รับการประเมินโอกาสเสี่ยงต่อการเกิดโรคหัวใจและหลอดเลือด (CVD Risk) ใน 10 ปีข้างหน้า ที่มีระดับความเสี่ยงสูง CVD Risk ≥ 20%\n 2. ผู้ป่วยเบาหวาน ความดันโลหิตสูงที่ขึ้นทะเบียน หมายถึง ผู้ป่วยอายุ 35-60 ปี ที่ได้รับการวินิจฉัยว่าเป็นโรคเบาหวาน และ/หรือ ความดันโลหิตสูง และได้รับการรักษาในโรงพยาบาลสังกัดสำนักการแพทย์\n 3. การเข้าสู่กระบวนการ หมายถึง ผู้ป่วยที่ได้รับการประเมินโอกาสเสี่ยงต่อการเกิดโรคหัวใจและหลอดเลือด (CVD Risk) ใน 10 ปีข้างหน้า ที่มีระดับความเสี่ยงสูง CVD Risk ≥ 20% ได้เข้ารับการปรับเปลี่ยนพฤติกรรมที่สอดคล้องกับความเสี่ยง เช่น  การให้คำปรึกษาเรื่องงดบุหรี่ การปรับพฤติกรรมการรับประทานอาหาร ลดไขมัน ลดเกลือ เป็นต้น และ/หรือได้รับการรักษาที่เหมาะสม อาทิ การได้รับยาลดไขมันการควบคุมระดับน้ำตาล และความดันโลหิตได้ เป็นต้น\nหมายเหตุ : รหัส ICD10 ที่จะนำมาประเมิน  CVD Risk ได้แก่\n1. รหัสโรคเบาหวาน E10. - E14. (นับทุกจุดที่ตามหลังรหัส) ยกเว้น รหัส  E10. - E14. ร่วมกับ I60 - I69 ในทุกประเภทการวินิจฉัย (Dx type) รหัสโรคความดันโลหิตสูง I10 - I15 ยกเว้นรหัส I11.0,I11.9, I13.0,I13.1, I13.2, I13.9 และรหัส I10 - I15 ร่วมกับ I60 - I69 ในทุกประเภทการวินิจฉัย (Dx type)\n2. กลุ่มเป้าหมาย ได้แก่ ผู้ที่ได้รับการประเมิน Thai CVD Risk และมีความเสี่ยงสูง (โดยใช้ผลเลือดในการคำนวณ) ระหว่าง 1 ตุลาคม 2565 – 31 มกราคม 2566 (เนื่องจากต้องใช้ระยะเวลาในการประเมินหลังการปรับเปลี่ยนพฤติกรรม และ/หรือได้รับการรักษาที่เหมาะสม 6 เดือน)\nวิธีคำนวณ\n	จำนวนผู้ป่วยโรคเบาหวาน (E10 - E14) และ/หรือ ความดันโลหิตสูง (I10-I15) กลุ่มเสี่ยงสูง (ระดับความเสี่ยงสูง CVD Risk ≥ 20%) ที่ได้รับการปรับเปลี่ยนพฤติกรรมและหรือได้รับการรักษาที่เหมาะสม และมีค่า CVD Risk ลดลง หารด้วย จำนวนผู้ป่วยโรคเบาหวาน (E10 - E14) และ/หรือ ความดันโลหิตสูง (I10-I15) กลุ่มเสี่ยงสูง (ระดับความเสี่ยงสูง CVD Risk ≥ 20%) ที่ได้รับการปรับเปลี่ยนพฤติกรรมและหรือได้รับการรักษาที่เหมาะสมทั้งหมด คูณด้วย 100\n', 'จน.ผู้ป่วยได้รับการประเมิน Thai CVD Risk, จน.ผู้ป่วย CVD Risk เสี่ยงสูง เปลี่ยนพฤติกรรม+รักษา*, จน.ผู้ป่วยเปลี่ยนพฤติกรรม+รักษา แล้ว CVD Risk ลดลง*', 1, '0', 3),
(2, 'ชื่อตัวชี้วัดทดสอบที่ 2', 80, 1, 'ชื่อตัวชี้วัดทดสอบที่ 2', 'ข้อมูลที่ 1, ข้อมูลที่ 2, เวลาที่ทำได้(นาที)*, เวลาเป้าหมาย(นาที)*', 1, '90', 4),
(3, 'โครงการก่อสรางศูนย์การแพทย์โรงพยาบาลกลางและอาคารสำนักการแพทย์', 80, 1, 'ก่อสร้างศูนย์การแพทย์โรงพยาบาลกลาง อาคารสำนักการแพทย์ ห้องพักเวร  ที่สามารถเปิดให้บริการในปี พ.ศ.2571 พื้นที่ใช้สอยโดยรวมทั้งหมด ไม่น้อยกว่า 125,953 ตารางเมตร พร้อมงานระบบประกอบอาคาร งานครุภัณฑ์จัดซื้อ-จัดจ้าง และปรับปรุงภูมิทัศน์โดยรอบอาคาร (ระยะเวลาในการก่อสร้าง 1,600 วัน) มีรายละเอียดพื้นที่ใช้สอยเบื้องต้น ดังนี้', 'ค่าการประเมินที่ 1, รวมผู้รับบริการ(ครั้ง)*, เป้าหมาย*', 1, '600, 900, 1200, 1500', 3),
(4, 'แบบรายงานผลการดำเนินงานโทรเวชกรรม (Telemedicine) ปีงบประมาณ 2566 จำแนกตามกลุ่มผู้รับบริการ', 80, 1, 'สำนักการแพทย์และส่วนราชการในสังกัด ลดการใช้พลังงาน ไฟฟ้า น้ำประปา น้ำมันเชื้อเพลิง ขยะมูลฝอย กระดาษ และปริมาณน้ำเสีย ลดอัตราการใช้พลังงานอย่างน้อยร้อยละ 5 ภายในปีงบประมาณ 2566 เมื่อเปรียบเทียบกับปีงบประมาณ 2565', 'ผู้ป่วยสูงอายุ (อายุมากกว่า 60 ปี), ผู้ป่วยพิการ ระบุประเภทของความพิการ, ผู้ป่วยอื่นๆ, รวมผู้รับบริการ(ครั้ง)*, ค่าเป้าหมาย*', 1, '25000', 5),
(8, 'ร้อยละของผู้ป่วยเบาหวานความดันโลหิตสูงที่ขึ้นทะเบียนได้รับการประเมินความเสี่ยง CVD RISK สูง และเข้าสู่กระบวนการและ มี CVD RISK ลดลง', 35, 1, 'หมายเหตุ :คำอธิบายแบบรายงาน\nจำนวนผู้ป่วยทั้ง 3 ประเภท จะต้องไม่ใช่ผู้ป่วยคนเดียวกัน รายงานข้อมูลเป็นจำนวนผู้ป่วยสะสม\n1.1, 2.1, 3.1 หมายถึง จำนวนผู้ที่ได้รับการประเมิน Thai CVD Risk ทั้งหมด (ราย) (ผู้ป่วยที่ Lab ครบ ทั้งหมด)\n1.2, 2.2, 3.2 หมายถึง จำนวนผู้ที่ได้รับการประเมิน CVD Risk และมีความเสี่ยงสูง (ระดับความเสี่ยงสูง CVD Risk ≥ 20%) ที่ได้รับการปรับเปลี่ยนพฤติกรรมและหรือได้รับการรักษาที่เหมาะสม (ราย)\n1.3, 2.3, 3.3 หมายถึง จำนวนผู้ที่ได้รับการประเมิน CVD Risk และมีความเสี่ยงสูง (ระดับความเสี่ยงสูง CVD Risk ≥ 20%) ที่ได้รับการปรับเปลี่ยนพฤติกรรมและหรือได้รับการรักษาที่เหมาะสมและมีค่า CVD Risk ลดลง (ราย)\nช่อง 4.1 = 1.1 + 2.1 + 3.1 หมายถึง จำนวนผู้ที่ได้รับการประเมิน Thai CVD Risk ทั้งหมด (ราย) (ผู้ป่วยที่ Lab ครบ ทั้งหมด)  \nช่อง 4.2 = 1.2 + 2.2 + 3.2 หมายถึง จำนวนผู้ที่ได้รับการประเมิน CVD Risk และมีความเสี่ยงสูงที่ได้รับการปรับเปลี่ยนพฤติกรรมและหรือได้รับการรักษาที่เหมาะสม (ราย) (ผู้ป่วยเสี่ยงสูง)\nช่อง 4.3 = 1.3 + 2.3 + 3.3 หมายถึง จำนวนผู้ที่ได้รับการประเมิน CVD Risk และมีความเสี่ยงสูง ที่ได้รับการปรับเปลี่ยนพฤติกรรมและหรือได้รับการรักษาที่เหมาะสมและมีค่า CVD Risk ลดลง (ราย)\nช่อง 4.4 = 4.3/4.2 x 100 หมายถึง ร้อยละความสำเร็จในการปรับเปลี่ยนพฤติกรรมผู้ป่วยเบาหวาน ความดันโลหิตสูงที่ได้รับการประเมิน CVD Risk และมีความเสี่ยงสูง\nคำนิยาม\nตัวชี้วัดร้อยละความสำเร็จในการปรับเปลี่ยนพฤติกรรมผู้ป่วยเบาหวาน ความดันโลหิตสูงที่ได้รับการประเมิน CVD Risk และมีความเสี่ยงสูง (ค่าเป้าหมาย ≥ ร้อยละ 35)\n	1. ผู้ที่ได้รับการประเมินโอกาสเสี่ยงต่อโรคหัวใจและหลอดเลือด (CVD Risk) และมีความเสี่ยงสูง หมายถึง ผู้ป่วยโรคเบาหวาน (E10-E14) และ/หรือ ความดันโลหิตสูง (I10-I15) อายุ 35-60 ปีที่ขึ้นทะเบียน ได้รับการประเมินโอกาสเสี่ยงต่อการเกิดโรคหัวใจและหลอดเลือด (CVD Risk) ใน 10 ปีข้างหน้า ที่มีระดับความเสี่ยงสูง CVD Risk ≥ 20%\n 2. ผู้ป่วยเบาหวาน ความดันโลหิตสูงที่ขึ้นทะเบียน หมายถึง ผู้ป่วยอายุ 35-60 ปี ที่ได้รับการวินิจฉัยว่าเป็นโรคเบาหวาน และ/หรือ ความดันโลหิตสูง และได้รับการรักษาในโรงพยาบาลสังกัดสำนักการแพทย์\n 3. การเข้าสู่กระบวนการ หมายถึง ผู้ป่วยที่ได้รับการประเมินโอกาสเสี่ยงต่อการเกิดโรคหัวใจและหลอดเลือด (CVD Risk) ใน 10 ปีข้างหน้า ที่มีระดับความเสี่ยงสูง CVD Risk ≥ 20% ได้เข้ารับการปรับเปลี่ยนพฤติกรรมที่สอดคล้องกับความเสี่ยง เช่น  การให้คำปรึกษาเรื่องงดบุหรี่ การปรับพฤติกรรมการรับประทานอาหาร ลดไขมัน ลดเกลือ เป็นต้น และ/หรือได้รับการรักษาที่เหมาะสม อาทิ การได้รับยาลดไขมันการควบคุมระดับน้ำตาล และความดันโลหิตได้ เป็นต้น\nหมายเหตุ : รหัส ICD10 ที่จะนำมาประเมิน  CVD Risk ได้แก่\n1. รหัสโรคเบาหวาน E10. - E14. (นับทุกจุดที่ตามหลังรหัส) ยกเว้น รหัส  E10. - E14. ร่วมกับ I60 - I69 ในทุกประเภทการวินิจฉัย (Dx type) รหัสโรคความดันโลหิตสูง I10 - I15 ยกเว้นรหัส I11.0,I11.9, I13.0,I13.1, I13.2, I13.9 และรหัส I10 - I15 ร่วมกับ I60 - I69 ในทุกประเภทการวินิจฉัย (Dx type)\n2. กลุ่มเป้าหมาย ได้แก่ ผู้ที่ได้รับการประเมิน Thai CVD Risk และมีความเสี่ยงสูง (โดยใช้ผลเลือดในการคำนวณ) ระหว่าง 1 ตุลาคม 2565 – 31 มกราคม 2566 (เนื่องจากต้องใช้ระยะเวลาในการประเมินหลังการปรับเปลี่ยนพฤติกรรม และ/หรือได้รับการรักษาที่เหมาะสม 6 เดือน)\nวิธีคำนวณ\n	จำนวนผู้ป่วยโรคเบาหวาน (E10 - E14) และ/หรือ ความดันโลหิตสูง (I10-I15) กลุ่มเสี่ยงสูง (ระดับความเสี่ยงสูง CVD Risk ≥ 20%) ที่ได้รับการปรับเปลี่ยนพฤติกรรมและหรือได้รับการรักษาที่เหมาะสม และมีค่า CVD Risk ลดลง หารด้วย จำนวนผู้ป่วยโรคเบาหวาน (E10 - E14) และ/หรือ ความดันโลหิตสูง (I10-I15) กลุ่มเสี่ยงสูง (ระดับความเสี่ยงสูง CVD Risk ≥ 20%) ที่ได้รับการปรับเปลี่ยนพฤติกรรมและหรือได้รับการรักษาที่เหมาะสมทั้งหมด คูณด้วย 100\n', 'จน.ผู้ป่วยได้รับการประเมิน Thai CVD Risk, จน.ผู้ป่วย CVD Risk เสี่ยงสูง เปลี่ยนพฤติกรรม+รักษา*, จน.ผู้ป่วยเปลี่ยนพฤติกรรม+รักษา แล้ว CVD Risk ลดลง*', 0, '0', 3);

-- --------------------------------------------------------

--
-- Table structure for table `formed`
--

CREATE TABLE `formed` (
  `fd_id` int NOT NULL,
  `us_id` int NOT NULL,
  `de_id` int NOT NULL,
  `fd_date` date NOT NULL,
  `fd_time` time NOT NULL
) ENGINE=InnoDB DEFAULT CHARSET=utf8mb4 COLLATE=utf8mb4_general_ci;

--
-- Dumping data for table `formed`
--

INSERT INTO `formed` (`fd_id`, `us_id`, `de_id`, `fd_date`, `fd_time`) VALUES
(19, 10, 5, '2023-09-13', '09:28:05'),
(20, 11, 6, '2023-09-13', '14:16:45'),
(21, 12, 7, '2023-09-13', '14:22:41'),
(22, 13, 8, '2023-09-13', '14:34:16'),
(23, 14, 9, '2023-09-13', '14:48:40'),
(24, 15, 10, '2023-09-13', '14:50:35'),
(25, 16, 11, '2023-09-13', '14:52:39'),
(26, 17, 12, '2023-09-13', '14:55:04'),
(27, 18, 19, '2023-09-13', '15:42:59'),
(28, 10, 20, '2023-09-15', '16:11:39'),
(29, 10, 21, '2023-09-18', '09:24:27'),
(30, 10, 22, '2023-09-18', '09:33:03'),
(31, 11, 23, '2023-09-21', '10:44:50'),
(32, 20, 24, '2023-09-22', '15:13:51'),
(33, 11, 25, '2023-10-02', '09:47:04'),
(34, 11, 26, '2023-10-03', '17:02:21'),
(35, 11, 27, '2023-10-16', '11:52:00'),
(36, 11, 28, '2023-10-16', '13:33:34'),
(37, 11, 29, '2023-10-18', '09:05:33'),
(38, 10, 30, '2023-10-18', '10:08:27');

-- --------------------------------------------------------

--
-- Table structure for table `result`
--

CREATE TABLE `result` (
  `re_id` int NOT NULL,
  `fm_id` int NOT NULL,
  `h1` float DEFAULT '0',
  `h1pa` int DEFAULT '0',
  `h1pb` int DEFAULT '0',
  `h2` float DEFAULT '0',
  `h2pa` int DEFAULT '0',
  `h2pb` int DEFAULT '0',
  `h3` float DEFAULT '0',
  `h3pa` int DEFAULT '0',
  `h3pb` int DEFAULT '0',
  `h4` float DEFAULT '0',
  `h4pa` int DEFAULT '0',
  `h4pb` int DEFAULT '0',
  `h5` float DEFAULT '0',
  `h5pa` int DEFAULT '0',
  `h5pb` int DEFAULT '0',
  `h6` float DEFAULT '0',
  `h6pa` int DEFAULT '0',
  `h6pb` int DEFAULT '0',
  `h7` float DEFAULT '0',
  `h7pa` int DEFAULT '0',
  `h7pb` int DEFAULT '0',
  `h8` float DEFAULT '0',
  `h8pa` int DEFAULT '0',
  `h8pb` int DEFAULT '0',
  `h9` float DEFAULT '0',
  `h9pa` int DEFAULT '0',
  `h9pb` int DEFAULT '0',
  `h10` float DEFAULT '0',
  `h10pa` int DEFAULT '0',
  `h10pb` int DEFAULT '0',
  `h11` float DEFAULT '0',
  `h11pa` int DEFAULT '0',
  `h11pb` int DEFAULT '0',
  `pa1` int DEFAULT '0',
  `pa2` int DEFAULT '0',
  `re_sum` float DEFAULT '0'
) ENGINE=InnoDB DEFAULT CHARSET=utf8mb4 COLLATE=utf8mb4_0900_ai_ci;

--
-- Dumping data for table `result`
--

INSERT INTO `result` (`re_id`, `fm_id`, `h1`, `h1pa`, `h1pb`, `h2`, `h2pa`, `h2pb`, `h3`, `h3pa`, `h3pb`, `h4`, `h4pa`, `h4pb`, `h5`, `h5pa`, `h5pb`, `h6`, `h6pa`, `h6pb`, `h7`, `h7pa`, `h7pb`, `h8`, `h8pa`, `h8pb`, `h9`, `h9pa`, `h9pb`, `h10`, `h10pa`, `h10pb`, `h11`, `h11pa`, `h11pb`, `pa1`, `pa2`, `re_sum`) VALUES
(6, 8, 30.47, 443, 135, 19.28, 1110, 214, 23.35, 1028, 240, 47.83, 23, 11, 0, 358, 0, 0, 301, 0, 11.76, 255, 30, 10.53, 57, 6, 0, 0, 0, 0, 0, 0, 60, 20, 12, 3595, 648, 18.03),
(10, 1, 0, 0, 0, 12.26, 359, 44, 0, 0, 0, 0, 0, 0, 0, 0, 0, 0, 0, 0, 0, 0, 0, 0, 0, 0, 0, 0, 0, 0, 0, 0, 0, 0, 0, 359, 44, 12.26),
(11, 4, 0, 0, 0, 0, 0, 0, 0, 0, 0, 0, 0, 0, 0, 0, 0, 0, 0, 0, 0, 0, 0, 0, 0, 0, 0, 0, 0, 0, 0, 0, 0, 0, 0, 0, 0, 0),
(12, 3, 86, 516, 600, 0, 0, 0, 0, 0, 0, 0, 0, 0, 0, 0, 0, 0, 0, 0, 0, 0, 0, 0, 0, 0, 0, 0, 0, 0, 0, 0, 0, 0, 0, 516, 600, 86),
(13, 2, 0, 0, 0, 97.78, 88, 90, 0, 0, 0, 0, 0, 0, 0, 0, 0, 0, 0, 0, 0, 0, 0, 0, 0, 0, 0, 0, 0, 0, 0, 0, 0, 0, 0, 88, 90, 97.78);

-- --------------------------------------------------------

--
-- Table structure for table `users`
--

CREATE TABLE `users` (
  `us_id` int NOT NULL,
  `us_email` varchar(20) CHARACTER SET utf8mb4 COLLATE utf8mb4_general_ci NOT NULL,
  `us_password` text CHARACTER SET utf8mb4 COLLATE utf8mb4_general_ci NOT NULL,
  `us_name` varchar(100) CHARACTER SET utf8mb4 COLLATE utf8mb4_general_ci NOT NULL,
  `us_agency` varchar(200) CHARACTER SET utf8mb4 COLLATE utf8mb4_general_ci NOT NULL,
  `us_level` int NOT NULL
) ENGINE=InnoDB DEFAULT CHARSET=utf8mb4 COLLATE=utf8mb4_general_ci;

--
-- Dumping data for table `users`
--

INSERT INTO `users` (`us_id`, `us_email`, `us_password`, `us_name`, `us_agency`, `us_level`) VALUES
(10, 'klang@gmail.con', '$2b$10$TniWjT1398nfNe6Ew4lTNe6yh130Ewadwg62diy8/2CIkYrUNb.mm', 'klang', 'รพ.กลาง', 0),
(11, 'taksin@gmail.con', '$2b$10$eEwJWlQ9Sh8o9D7dnkzq6.Svv7O1UBIKP8FexGq.0mf.dNTaGgZ5q', 'taksin', 'รพ.ตากสิน', 0),
(12, 'jalean@gmail.con', '$2b$10$MH4yrunHu/FFGIq5.X3VRemKs4l2eWvjbsLVzASDCXb5HD5nSu2LS', 'jalean', 'รพ.เจริญกรุงประชารัก', 0),
(13, 'ruangp@gmail.con', '$2b$10$cVY657Eb90jHDxwlqJg.h.giauj6YsnioZcUwvHCKA7eLCNuE4BDW', 'ruangp', 'รพ.หลวงพ่อทวีศักดิ์', 0),
(14, 'wecha@gmail.con', '$2b$10$sazZMKKDW5SAzg3GGWCPIeNZ6IRdecyGpQnQ6lb4m58QRFaFb.E36', 'wecha', 'รพ.เวชการุณย์รัศมิ์', 0),
(15, 'ladka@gmail.con', '$2b$10$Sqt.zE9sX2pwK7xFOLx9Ru.buaWaJy3pwXzpcBL.V8H6WQDcgKF0W', 'ladka', 'รพ.ลาดกระบัง', 0),
(16, 'raadp@gmail.con', '$2b$10$r1apCpWzVcvfnyofQ4s.g.eR2jX/V7pTcyAeMbnhSVAmZtyC3TzMe', 'raadp', 'รพ.ราชพิพัฒน์', 0),
(17, 'sirint@gmail.con', '$2b$10$bwcz/5/WDrUeTmvJpnjBY.yfa5sg9/9KkG6RxqglllrFqJrdG.CEW', 'sirint', 'รพ.สิรินธร', 0),
(18, 'bangkt@gmail.con', '$2b$10$6w3kqSXpYe4at.Iefhol8.VzIo94tK43zdgAgZ2dM7gVsGXWRuJ1a', 'bangkt', 'รพ.ผู้สูงอายุบางขุนเทียน', 0),
(19, 'krongz@gmail.con', '$2b$10$wmTOBVUMtlT9JFoSqzBlX.ptEQOEHrfVj/Svb4f9bh/lTdJSUuroO', 'krongz', 'รพ.คลองสามวา', 0),
(20, 'bangnaa@gmail.con', '$2b$10$FhC/5.w8D8fxlC9NOko8guXz.9c7QdMuFhra8pH6FrlpU27ny7cnm', 'bangnaa', 'รพ.บางนา', 0),
(21, 'sg@gmail.com', '$2b$10$yXfaUmxllTMhy1qhEkct8OVw4WZbNq/.F5VJ2jIytE7f4UF7yx9Ue', 'sogo', 'สก.', 1),
(22, 'sbc@gmail.com', '$2b$10$drtUOO.lhlKBFVAgED9mMOVJ/5PtuRq79fAQAPTyTj/nLJmHNfFwe', 'sbc', 'ศบฉ.', 1),
(23, 'sbp@gmail.con', '$2b$10$DlU8DV83Yu9iMoviR3xeyungLGdIsRYIOglZNsTLeyVVd6NZ7pDEq', 'spb', 'สพบ.', 9);

--
-- Indexes for dumped tables
--

--
-- Indexes for table `detail`
--
ALTER TABLE `detail`
  ADD PRIMARY KEY (`de_id`);

--
-- Indexes for table `event`
--
ALTER TABLE `event`
  ADD PRIMARY KEY (`ev_id`);

--
-- Indexes for table `form`
--
ALTER TABLE `form`
  ADD PRIMARY KEY (`fm_id`);

--
-- Indexes for table `formed`
--
ALTER TABLE `formed`
  ADD PRIMARY KEY (`fd_id`);

--
-- Indexes for table `result`
--
ALTER TABLE `result`
  ADD PRIMARY KEY (`re_id`);

--
-- Indexes for table `users`
--
ALTER TABLE `users`
  ADD PRIMARY KEY (`us_id`);

--
-- AUTO_INCREMENT for dumped tables
--

--
-- AUTO_INCREMENT for table `detail`
--
ALTER TABLE `detail`
  MODIFY `de_id` int NOT NULL AUTO_INCREMENT, AUTO_INCREMENT=31;

--
-- AUTO_INCREMENT for table `event`
--
ALTER TABLE `event`
  MODIFY `ev_id` int NOT NULL AUTO_INCREMENT, AUTO_INCREMENT=41;

--
-- AUTO_INCREMENT for table `formed`
--
ALTER TABLE `formed`
  MODIFY `fd_id` int NOT NULL AUTO_INCREMENT, AUTO_INCREMENT=39;

--
-- AUTO_INCREMENT for table `result`
--
ALTER TABLE `result`
  MODIFY `re_id` int NOT NULL AUTO_INCREMENT, AUTO_INCREMENT=14;

--
-- AUTO_INCREMENT for table `users`
--
ALTER TABLE `users`
  MODIFY `us_id` int NOT NULL AUTO_INCREMENT, AUTO_INCREMENT=25;
COMMIT;

/*!40101 SET CHARACTER_SET_CLIENT=@OLD_CHARACTER_SET_CLIENT */;
/*!40101 SET CHARACTER_SET_RESULTS=@OLD_CHARACTER_SET_RESULTS */;
/*!40101 SET COLLATION_CONNECTION=@OLD_COLLATION_CONNECTION */;
