-- phpMyAdmin SQL Dump
-- version 5.2.1
-- https://www.phpmyadmin.net/
--
-- Host: db
-- Generation Time: Jan 23, 2024 at 10:34 AM
-- Server version: 8.3.0
-- PHP Version: 8.2.15

SET SQL_MODE = "NO_AUTO_VALUE_ON_ZERO";
START TRANSACTION;
SET time_zone = "+00:00";


/*!40101 SET @OLD_CHARACTER_SET_CLIENT=@@CHARACTER_SET_CLIENT */;
/*!40101 SET @OLD_CHARACTER_SET_RESULTS=@@CHARACTER_SET_RESULTS */;
/*!40101 SET @OLD_COLLATION_CONNECTION=@@COLLATION_CONNECTION */;
/*!40101 SET NAMES utf8mb4 */;

--
-- Database: `spbkpi`
--

-- --------------------------------------------------------

--
-- Table structure for table `detail`
--

CREATE TABLE `detail` (
  `de_id` int NOT NULL,
  `fm_id` varchar(10) CHARACTER SET utf8mb4 COLLATE utf8mb4_general_ci NOT NULL,
  `de_qur` char(1) CHARACTER SET utf8mb4 COLLATE utf8mb4_general_ci NOT NULL,
  `de_paras` varchar(500) CHARACTER SET utf8mb4 COLLATE utf8mb4_general_ci NOT NULL,
  `de_ans` float NOT NULL,
  `de_result` text CHARACTER SET utf8mb4 COLLATE utf8mb4_general_ci NOT NULL
) ENGINE=InnoDB DEFAULT CHARSET=utf8mb4 COLLATE=utf8mb4_general_ci;

--
-- Dumping data for table `detail`
--

INSERT INTO `detail` (`de_id`, `fm_id`, `de_qur`, `de_paras`, `de_ans`, `de_result`) VALUES
(1, '9', '1', '1', 1, 'ผ่าน'),
(2, '9', '2', '1', 1, 'ผ่าน'),
(3, '1.1', '1', '5, 20, 25, 4, 18, 22, 4, 15, 19, 7, 28, 35, 6, 25, 31, 5, 22, 27, 5, 12, 17, 5, 12, 17, 4, 10, 14, 77, 70, 60', 85.7143, 'ผ่าน'),
(4, '1.2', '1', '10, 15, 25, 10, 15, 25, 7, 12, 19, 10, 15, 25, 10, 12, 22, 7, 12, 19, 10, 15, 25, 10, 15, 25, 7, 12, 19, 75, 72, 57', 79.1667, 'ผ่าน'),
(5, '5', '1', '313, 6, 319, 1', 0.31348, 'ไม่ผ่าน'),
(6, '7', '1', '1', 1, 'ผ่าน'),
(7, '2', '1', '10, 10, 10, 30, 46000', 30, 'ผ่าน'),
(8, '11', '1', '1', 1, 'ผ่าน'),
(9, '3.1', '1', '10, 5, 1, 10, 5, 1, 10, 5, 1, 30, 15, 3', 20, 'ไม่ผ่าน'),
(10, '3.2', '1', '10, 5, 2', 40, 'ผ่าน'),
(11, '4', '1', '10, 10, 20, 9, 10, 19', 95, 'ผ่าน'),
(12, '5', '1', '250, 5, 255, 0', 0, 'ผ่าน'),
(13, '4', '1', '7, 5, 12, 3, 7, 10', 83.3333, 'ไม่ผ่าน'),
(14, '8', '1', '50, 10, 5, 2, 7', 28.5714, 'ไม่ผ่าน'),
(15, '10', '1', '5, ป้อมปราบ,สัมพันธวงศ์,วังทองหลาง,ราชเทวี,พญาไท, 5', 5, 'ไม่ผ่าน'),
(16, '8', '1', '233, 2, 1, 1, 2', 50, 'ไม่ผ่าน'),
(17, '16', '1', '20, 2100', 20, 'ผ่าน'),
(18, '7', '1', '1', 1, 'ผ่าน'),
(19, '9', '1', '1', 1, 'ผ่าน'),
(20, '11', '1', '1', 1, 'ผ่าน'),
(21, '17', '1', '20, 20', 100, 'ผ่าน'),
(22, '28', '1', '1', 1, 'ผ่าน'),
(23, '29', '1', '1', 1, 'ผ่าน'),
(24, '43', '1', '1', 1, 'ผ่าน'),
(25, '18', '1', '20, 0, 0, 0', 0, 'ไม่ผ่าน'),
(26, '12', '1', '10, 10, 10, 30, 5, 5, 5, 15', 50, 'ไม่ผ่าน'),
(27, '13', '1', '10, 10, 10, 10, 10', 100, 'ผ่าน'),
(28, '1.1', '1', '0, 44, 0, 0, 44, 44, 0, 44, 44, 0, 2, 2, 0, 2, 2, 0, 2, 2, 0, 6, 6, 0, 6, 6, 0, 6, 6, 52, 52, 52', 100, 'ผ่าน'),
(29, '14', '1', 'ดาดฟ้าชั้น 21 อาคารอนุสรณ์ 100 ปี โรงพยาบาลกลาง, 1, 1', 1, 'ผ่าน'),
(30, '16', '1', '25, 2100', 25, 'ผ่าน'),
(31, '17', '1', '20, 15', 75, 'ไม่ผ่าน'),
(32, '1.1', '1', '112, 77, 70, 15, 80, 112, 55, 90, 85, 20, 15, 60, 88, 15, 30, 60, 60, 50, 44, 25, 32, 40, 32, 48, 52, 48, 88, 112, 154, 144', 93.5065, 'ผ่าน'),
(33, '1.2', '1', '89, 19, 108, 89, 19, 108, 89, 19, 108, 13, 9, 22, 13, 9, 22, 12, 9, 21, 15, 2, 17, 15, 2, 17, 15, 2, 17, 39, 39, 38', 97.4359, 'ผ่าน'),
(34, '18', '1', '50, 3, 5, 8', 16, 'ผ่าน'),
(35, '43', '1', '1', 1, 'ผ่าน'),
(36, '9', '1', '1', 1, 'ผ่าน'),
(37, '9', '3', '1', 1, 'ผ่าน'),
(38, '9', '3', '1', 1, 'ผ่าน'),
(39, '34', '1', '100, 100', 100, 'ผ่าน'),
(40, '10', '1', '0, เขตบางนา, 1', 1, 'ไม่ผ่าน'),
(41, '7', '1', '1', 1, 'ผ่าน'),
(42, '11', '1', '1', 1, 'ผ่าน'),
(43, '11', '2', '1', 1, 'ผ่าน'),
(44, '11', '3', '1', 1, 'ผ่าน'),
(45, '11', '4', '1', 1, 'ผ่าน'),
(46, '29', '1', '1', 1, 'ผ่าน'),
(47, '43', '1', '1', 1, 'ผ่าน'),
(48, '25', '1', '0, 0, 0, 0', 0, 'ไม่ผ่าน'),
(49, '48', '1', '18.67, 1', 18.67, 'ไม่ผ่าน'),
(50, '39', '1', '100, 1', 100, 'ไม่ผ่าน'),
(51, '24', '1', '218, 221, 50, 58, 120, 135, 388, 414', 53.3816, 'ผ่าน'),
(52, '23', '1', '52, 23', 44.2308, 'ผ่าน'),
(53, '48', '1', '16.23, 1', 16.23, 'ไม่ผ่าน'),
(54, '25', '1', '1, แยก อสมท. เขตห้วยขวาง, 20, 5', 1, 'ไม่ผ่าน'),
(55, '14', '1', 'รพบ, 1, 1', 1, 'ผ่าน'),
(56, '26', '1', '10, 287', 3.48432, 'ไม่ผ่าน'),
(57, '27', '1', '10, 10, พวงเพ็ญเภสัช, พันพวงยาเม็ด,พึ่งพา,พอเพียง,เพ็ญพร,พกพา,พ่อพิง,พานพบ', 10, 'ไม่ผ่าน'),
(58, '30', '1', '500', 500, 'ผ่าน'),
(59, '31', '1', '500, 300', 60, 'ไม่ผ่าน'),
(60, '32', '1', '100, 100', 100, 'ผ่าน'),
(61, '47', '1', 'MIS , e-sarabun , e-phis, 3, 7', 3, 'ผ่าน'),
(63, '34', '1', '25, 15', 60, 'ผ่าน'),
(64, '35', '1', '1, ศูนย์จักษุวิทยา, 1, catalact', 1, 'ไม่ผ่าน'),
(65, '37', '1', '0, -, -, -', 0, 'ไม่ผ่าน'),
(66, '38', '1', '1, Premium Clinic, -, -, -, -', 1, 'ไม่ผ่าน'),
(67, '47', '1', 'MIS2, E sarabun, 3, 7', 3, 'ผ่าน'),
(68, '48', '1', '38, 1', 38, 'ไม่ผ่าน'),
(69, '36', '1', '0, 0, 0', 0, 'ไม่ผ่าน'),
(70, '10', '1', '6, เขตบางแค เขตทวีวัฒนา เขตภาษีเจริญ เขตตลิ่งชัน เขตหนองแขม เขตบางบอน , 6', 6, 'ไม่ผ่าน'),
(71, '23', '1', '12, 4', 33.3333, 'ผ่าน'),
(72, '26', '1', '0, 0', 0, 'ไม่ผ่าน'),
(73, '7', '2', '1', 1, 'ผ่าน'),
(74, '19', '1', '540, 540', 100, 'ผ่าน'),
(75, '20', '1', '22.13, 13,469', 58.7438, 'ไม่ผ่าน'),
(83, '20', '1', '22.13, 13469', 60863.1, 'ไม่ผ่าน'),
(84, '20.2', '1', '20.10, 17002', 84587.1, 'ไม่ผ่าน'),
(85, '31', '1', '40099, 15963', 39.809, 'ไม่ผ่าน'),
(86, '33', '1', '281, 281', 100, 'ผ่าน'),
(87, '32', '1', '9, 9', 100, 'ผ่าน'),
(94, '10', '2', '5, ป้อมปราบ บางนา , 5', 5, 'ไม่ผ่าน'),
(95, '29', '2', '1', 1, 'ผ่าน'),
(96, '3.1', '1', '14, 4, 2, 11, 5, 2, 31, 24, 8, 56, 33, 12', 36.3636, 'ผ่าน'),
(97, '24', '1', '20, 20, 508, 422, 838, 814, 1366, 1256', 1.59236, 'ไม่ผ่าน'),
(98, '27', '1', '0, 0, ไม่มี', 0, 'ไม่ผ่าน'),
(99, '7', '1', '1', 1, 'ผ่าน'),
(100, '7', '3', '1', 1, 'ผ่าน'),
(101, '3.2', '1', '292, 15, 0', 0, 'ไม่ผ่าน'),
(102, '23', '1', '27, 4', 14.8148, 'ไม่ผ่าน'),
(103, '9', '1', '1', 1, 'ผ่าน');

-- --------------------------------------------------------

--
-- Table structure for table `eved`
--

CREATE TABLE `eved` (
  `ed_id` int NOT NULL,
  `ev_id` int NOT NULL,
  `us_id` int NOT NULL,
  `ed_time` time NOT NULL,
  `ed_date` date NOT NULL,
  `ed_update` date NOT NULL
) ENGINE=InnoDB DEFAULT CHARSET=utf8mb4 COLLATE=utf8mb4_0900_ai_ci;

--
-- Dumping data for table `eved`
--

INSERT INTO `eved` (`ed_id`, `ev_id`, `us_id`, `ed_time`, `ed_date`, `ed_update`) VALUES
(1, 1, 15, '14:32:13', '2024-01-22', '2024-01-22'),
(2, 2, 15, '14:35:21', '2024-01-22', '2024-01-22'),
(3, 3, 15, '14:39:19', '2024-01-22', '2024-01-22'),
(4, 4, 15, '14:49:27', '2024-01-22', '2024-01-22'),
(5, 5, 15, '14:56:08', '2024-01-22', '2024-01-22'),
(6, 6, 11, '15:10:35', '2024-01-22', '2024-01-22'),
(7, 7, 15, '15:11:46', '2024-01-22', '2024-01-22'),
(8, 8, 15, '15:18:24', '2024-01-22', '2024-01-22'),
(9, 9, 15, '15:31:36', '2024-01-22', '2024-01-22'),
(10, 10, 15, '15:35:02', '2024-01-22', '2024-01-22'),
(11, 11, 15, '15:38:45', '2024-01-22', '2024-01-22'),
(12, 12, 15, '15:59:49', '2024-01-22', '2024-01-22'),
(13, 16, 20, '18:05:07', '2024-01-22', '2024-01-22'),
(14, 17, 20, '09:55:52', '2024-01-23', '2024-01-23'),
(15, 18, 20, '10:03:55', '2024-01-23', '2024-01-23'),
(16, 19, 20, '10:22:58', '2024-01-23', '2024-01-23'),
(17, 20, 22, '10:25:32', '2024-01-23', '2024-01-23'),
(18, 21, 20, '10:30:21', '2024-01-23', '2024-01-23'),
(19, 22, 20, '10:43:31', '2024-01-23', '2024-01-23'),
(20, 24, 20, '10:51:35', '2024-01-23', '2024-01-23'),
(21, 25, 22, '10:51:54', '2024-01-23', '2024-01-23'),
(22, 26, 10, '11:02:51', '2024-01-23', '2024-01-23'),
(23, 27, 20, '11:11:21', '2024-01-23', '2024-01-23'),
(24, 28, 10, '11:11:38', '2024-01-23', '2024-01-23'),
(25, 29, 22, '11:25:07', '2024-01-23', '2024-01-23'),
(26, 30, 22, '11:38:12', '2024-01-23', '2024-01-23'),
(27, 31, 22, '11:52:30', '2024-01-23', '2024-01-23'),
(28, 32, 22, '11:59:11', '2024-01-23', '2024-01-23'),
(29, 34, 22, '12:08:51', '2024-01-23', '2024-01-23'),
(30, 35, 22, '12:15:18', '2024-01-23', '2024-01-23'),
(31, 36, 22, '12:20:14', '2024-01-23', '2024-01-23'),
(32, 37, 22, '12:28:21', '2024-01-23', '2024-01-23'),
(33, 38, 20, '14:03:36', '2024-01-23', '2024-01-23'),
(34, 39, 20, '14:15:31', '2024-01-23', '2024-01-23'),
(35, 40, 15, '15:06:33', '2024-01-23', '2024-01-23'),
(36, 41, 15, '15:20:01', '2024-01-23', '2024-01-23'),
(37, 42, 15, '15:28:34', '2024-01-23', '2024-01-23');

-- --------------------------------------------------------

--
-- Table structure for table `event`
--

CREATE TABLE `event` (
  `ev_id` int NOT NULL,
  `fm_id` varchar(5) CHARACTER SET utf8mb4 COLLATE utf8mb4_general_ci NOT NULL,
  `ev_qur` int NOT NULL,
  `fms_id` varchar(5) CHARACTER SET utf8mb4 COLLATE utf8mb4_general_ci NOT NULL,
  `ev_name` text CHARACTER SET utf8mb4 COLLATE utf8mb4_general_ci NOT NULL,
  `ev_res` text CHARACTER SET utf8mb4 COLLATE utf8mb4_general_ci NOT NULL,
  `ev_status` int NOT NULL DEFAULT '4',
  `ev_budget` text CHARACTER SET utf8mb4 COLLATE utf8mb4_general_ci NOT NULL,
  `ev_buded` text CHARACTER SET utf8mb4 COLLATE utf8mb4_general_ci NOT NULL,
  `ev_point` text CHARACTER SET utf8mb4 COLLATE utf8mb4_general_ci NOT NULL,
  `ev_target` text CHARACTER SET utf8mb4 COLLATE utf8mb4_general_ci NOT NULL,
  `ev_result` text CHARACTER SET utf8mb4 COLLATE utf8mb4_general_ci NOT NULL,
  `ev_problem` text CHARACTER SET utf8mb4 COLLATE utf8mb4_general_ci NOT NULL,
  `ev_str` int NOT NULL DEFAULT '1',
  `ev_img` text CHARACTER SET utf8mb4 COLLATE utf8mb4_general_ci NOT NULL
) ENGINE=InnoDB DEFAULT CHARSET=utf8mb4 COLLATE=utf8mb4_general_ci;

--
-- Dumping data for table `event`
--

INSERT INTO `event` (`ev_id`, `fm_id`, `ev_qur`, `fms_id`, `ev_name`, `ev_res`, `ev_status`, `ev_budget`, `ev_buded`, `ev_point`, `ev_target`, `ev_result`, `ev_problem`, `ev_str`, `ev_img`) VALUES
(1, '5', 1, '9', 'กิจกรรมการเพิ่มประสิทธิภาพการรักษาโรคติดเชื้อไวรัสโคโรนา (โควิด 19) ในผู้ป่วยกลุ่มเสี่ยง)           ', 'นางสาวเพ็ญศรีรัตน์ สุตารมย์', 4, '0, 0, 0', '0, 0, 0', 'อัตราตายของผู้ป่วยโรคติดเชื้อไวรัสโคโรนา 2019 ของสำนักการแพทย์ ไม่เกินร้อยละ 0.1', 'ไม่เกินร้อยละ 0.1      ', 'ไตรมาสที่ 1 ผลการดำเนินงาน  เดือนตุลาคม 2566 – ธันวาคม 2566 ดังนี้ \n    ผู้ป่วยยืนยันโรคติดเชื้อไวรัสโคโรนา 2019 ที่มารับบริการ ดังนี้  \n-	ผู้ป่วยนอก 313 รย \n-	ผู้ป่วยใน 6 ราย \n-	เสียชีวิต 1 ราย\nความก้าวหน้าของโครงการไตรมาสที่ 1  ร้อยละ 25\nสรุปผลการดำเนินงานตามกิจกรรมรายไตรมาส 1  \n1.	รวมผู้ป่วยยืนยันโรคติดเชื้อไวรัสโคโรนา 2019 ที่มารับบริการ จำนวน 319 ราย\n2.	ผู้เสียชีวิตจากโรคติดเชื้อไวรัส โคโรนา 2019 ในโรงพยาบาล จำนวน 1 ราย \nคิดเป็นร้อยละ 03.13 \n, ', '-	ไม่มี -', 1, ''),
(2, '7', 1, '11', 'กิจกรรมพัฒนาระบบ e - referral เพื่อเพิ่มประสิทธิภาพการส่งต่อผู้ป่วย       ', ' นางสาวณัฏฐา ศรีเสน่ห์ ', 4, '0, 0, 0', '0, 0, 0', 'ประชาชนเข้าถึงการรักษาและฟื้นฟูด้วยระบบการบริการทางการแพทย์และสาธารณสุขทุกระดับอย่างทั่วถึง', '1 ระบบ', 'ไตรมาสที่ 1 ผลการดำเนินงาน  เดือนตุลาคม 2566 – ธันวาคม 2566 ดังนี้ \nในวันที่ 29 พฤศจิกายน 2566 เวลา 09.00 – 12.00 น. ประชุมปรึกษาหารือแนวทางการส่งต่อผู้ป่วยระหว่างโรงพยาบาลลาดกระบังกรุงเทพมหานคร ศูนย์บริการสาธารณสุข 45 ร่มเกล้า และศูนย์บริการสาธารณสุข 46       กันตารัติอุทิศ และแนวทางปฏิบัติงานตามนโยบาย Bangkok Health Zoning  ซึ่งโรงพยาบาลลาดกระบังกรุงเทพมหานคร   เป็นโรงพยาบาลรับส่งต่อของศูนย์บริการสาธารณสุข 45 ร่มเกล้า และศูนย์บริการสาธารณสุข 46 กันตารัติอุทิศ และเป็นโรงพยาบาลในพื้นที่โซน 7 ที่ปฏิบัติงานตามนโยบาย Bangkok Health Zoning  ณ ห้องประชุมอาคารสำนักงานเคลื่อนที่    ชั้น 2 โรงพยาบาลลาดกระบังกรุงเทพมหานคร (ตามเอกสารแนบ)\n  การประสานงานเครือข่ายระบบงาน e-Referral ระหว่างโรงพยาบาลลาดกระบังกรุงเทพมหานคร และศูนย์บริการสาธารณสุข 45 ร่มเกล้า และศูนย์บริการสาธารณสุข 46 กันตารัติอุทิศ ศูนย์สนับสนุนบริการสุขภาพเวชศาสตร์เขตเมือง (UMSC) มีกลุ่มไลน์ ชื่อ e-refer รพล 45-46 ในการประสานงาน และส่งเอกสารในส่วนที่เกี่ยวข้อง\nความก้าวหน้าของโครงการไตรมาสที่ 1  ร้อยละ 25\n, ', 'ไม่มี', 1, '555_10.1 à¹à¸­à¸à¸ªà¸²à¸£à¹à¸à¸'),
(3, '11', 1, '23', 'กิจกรรมการให้บริการศูนย์บริการคนพิการแบบเบ็ดเสร็จในสังกัดสำนักการแพทย์', 'นางสาวรพีพรรณ  คงบุรินทร์', 4, '0, 0, 0', '0, 0, 0', 'เพื่อให้คนพิการสามารถเข้าถึงสิทธิของคนพิการได้สะดวกรวดเร็วขึ้น และลดขั้นตอนกระบวนการในการขึ้นทะเบียนคนพิการได้อย่างมีประสิทธิภาพ ', '- โรงพยาบาลสังกัดสำนักการแพทย์', 'ไตรมาสที่ 1 ผลการดำเนินงาน  เดือนตุลาคม 2566 – ธันวาคม 2566 ดังนี้ \n       -โรงพยาบาลลาดกระบังกรุงเทพมหานคร เปิดให้บริการศูนย์บริการคนพิเศษแบบเบ็ดเสร็จ (One Stop Service)   โดยมีการให้บริการแบบครบวงจรทุกวันพฤหัสบดี  \n         1. ให้บริการตรวจประเมินความพิการและออกเอกสารรับรองความพิการ  จำนวน 22 ราย \n         2. รับคำขอมีบัตรประจำตัวคนพิการ เพื่อดำเนินการออกบัตรประจำตัวคนพิการ จำนวน 100 ราย \n         3. รับแบบคำขอขึ้นทะเบียนรับเงินเบี้ยยังชีพความพิการ เพื่อส่งต่อสำนักงานเขตดำเนินการ จำนวน 14 ราย\n         4. ให้บริการด้านสุขภาพ การตรวจรักษา การฟื้นฟูสมรรถภาพ และการจัดหาอุปกรณ์ช่วยเหลือคนพิการ   \n             จำนวน 89 ราย\n         5. ให้คำปรึกษาเรื่องสิทธิและสวัสดิการ ประสานส่งต่อหน่วยงานที่เกี่ยวข้องในพื้นที่ เช่น เงินสงเคราะห์ การปรับสภาพแวดล้อมที่อยู่อาศัย อาชีพ เป็นต้น จำนวน 78 ราย         \nความก้าวหน้าของโครงการไตรมาสที่ 1  ร้อยละ 25\n, ', 'ไม่มี', 1, ''),
(4, '4', 1, '8', 'การพัฒนาระบบเพื่อเพิ่มประสิทธิภาพการรักษาวัณโรคของโรงพยาบาลในสำนักการแพทย์', 'นางปทุมพร  อารุณ', 4, '0, 0, 0', '0, 0, 0', 'เพื่อส่งเสริมให้ประชาชนลดพฤติกรรมเสี่ยงต่อการเกิดโรคสำคัญที่ป้องกันได้ รวมทั้งเข้าถึงกลุ่มเสี่ยงให้\nมากขึ้น\n', 'ร้อยละความสำเร็จของการรักษาผู้ป่วยวัณโรคที่ขึ้นทะเบียนรักษา≥88%', 'ไตรมาสที่ 1 (เดือนตุลาคม – ธันวาคม 2566) ร้อยละของการหายจากโรควัณโรคของผู้ป่วยที่ขึ้นทะเบียนรักษา\n                  จำนวนผู้ป่วยวัณโรคที่รักษาหาย+รักษาครบ *100 \n                  	   จำนวนผู้ป่วยที่ขึ้นทะเบียนทั้งหมด\n                   10 *100  คิดเป็นร้อยละ 83.33 \n                   12\nผู้ป่วยเสียชีวิตระหว่างการรักษา 1 ราย และขาดยามากกว่า 2 เดือนไม่สามารถติดต่อได้ 1 ราย\n\nระดับความคืบหน้าของโครงการ     ความคืบหน้าของโครงการ 40 %\n, ', 'ไม่มี', 1, '694_8.1 à¸à¸²à¸£à¸²à¸à¹à¸à¸'),
(5, '11', 1, '23', 'กิจกรรมการให้บริการศูนย์บริการคนพิการแบบเบ็ดเสร็จในสังกัดสำนักการแพทย์', 'นางสาวรพีพรรณ  คงบุรินทร์', 4, '0, 0, 0', '0, 0, 0', 'เพื่อให้คนพิการสามารถเข้าถึงสิทธิของคนพิการได้สะดวกรวดเร็วขึ้น และลดขั้นตอนกระบวนการในการขึ้นทะเบียนคนพิการได้อย่างมีประสิทธิภาพ ', 'โรงพยาบาลสังกัดสำนักการแพทย์', 'ไตรมาสที่ 1 ผลการดำเนินงาน  เดือนตุลาคม 2566 – ธันวาคม 2566 ดังนี้ \n       -โรงพยาบาลลาดกระบังกรุงเทพมหานคร เปิดให้บริการศูนย์บริการคนพิเศษแบบเบ็ดเสร็จ (One Stop Service)   โดยมีการให้บริการแบบครบวงจรทุกวันพฤหัสบดี  \n         1. ให้บริการตรวจประเมินความพิการและออกเอกสารรับรองความพิการ  จำนวน 22 ราย \n         2. รับคำขอมีบัตรประจำตัวคนพิการ เพื่อดำเนินการออกบัตรประจำตัวคนพิการ จำนวน 100 ราย \n         3. รับแบบคำขอขึ้นทะเบียนรับเงินเบี้ยยังชีพความพิการ เพื่อส่งต่อสำนักงานเขตดำเนินการ จำนวน 14 ราย\n         4. ให้บริการด้านสุขภาพ การตรวจรักษา การฟื้นฟูสมรรถภาพ และการจัดหาอุปกรณ์ช่วยเหลือคนพิการ   \n             จำนวน 89 ราย\n         5. ให้คำปรึกษาเรื่องสิทธิและสวัสดิการ ประสานส่งต่อหน่วยงานที่เกี่ยวข้องในพื้นที่ เช่น เงินสงเคราะห์ การปรับสภาพแวดล้อมที่อยู่อาศัย อาชีพ เป็นต้น จำนวน 78 ราย         \nความก้าวหน้าของโครงการไตรมาสที่ 1  ร้อยละ 25\n, ', 'ไม่มี', 1, ''),
(6, '8', 1, '18', 'โครงการ กทม.ใส่ใจ ผู้สูงวัยหัวใจแกร่ง ', 'คุณอภิชญา วงศ์เมฆ/คุณชูขวัญ รู้ขายสิรนนท์', 4, '0, 0, 0', '0, 0, 0', 'เพื่อให้ผู้สูงอายุที่มีข้อจำกัดในการทำกิจวัตรประจำวัน (ADLs) ในระดับพึ่งพิงทั้งหมดและพึ่งพิงเป็นส่วนมากที่ต้องการการเยี่ยมบ้านหรือการดูแลแบบประคับประคองได้รับบริการตามมาตรฐานในมิติสุขภาพจากโรงพยาบาล', 'ผู้ป่วยและผู้สูงอายุที่อยู่ในภาวะพึ่งพิงและต้องการการเยี่ยมบ้านหรือดูแลแบบประคับประคองได้รับการพยาบาลต่อเนื่องที่บ้านร้อยละ 90', '                - เลือกกลุ่มผู้ป่วยที่มีข้อจำกัดในการทำกิจวัตรประจำวัน ADLs ในระดับพึ่งพิงทั้งหมดและพึ่งพิงเป็นส่วนมาก จำนวน 2 ราย เพื่อส่งต่อเยี่ยมบ้าน \n		- มีการประชุมคณะทำงานคลินิกผู้สูงอายุโรงพยาบาลตากสิน และประชุมวางแผนร่วมกับทีมสหวิชาชีพในการเยี่ยมบ้าน	\n			เยี่ยมบ้านเขตพื้นที่คลองสาน	จำนวน 1 ราย ดำเนินการเสร็จสิ้นแล้ว\n			เยี่ยมบ้านเขตพื้นที่จังหวัดสมุทรปราการ จำนวน 1 ราย ดำเนินการเสร็จสิ้นแล้ว\n			(เดิมผู้ป่วยอาศัยเขตบางขุนเทียน ต่อมาย้ายไปอยู่กับบุตรที่จังหวัดสมุทรปราการ จึงใช้วิธีเยี่ยมบ้านแบบ UMSC ร่วมกับ รพ.สต.นาเกลือ จังหวัดสมุทรปราการ เพื่อติดตามภาวะ Dementia และ Depression รวมถึงการใช้เครื่องพ่นยา (Asthma))\n		- ผลการประเมินความพึงพอใจในการดูแลผู้สูงอายุต่อเนื่องที่บ้าน คิดเป็นร้อยละ 100\n, ', 'หากผู้ป่วยย้ายที่อยู่ จะทำให้การติดต่อประสานงานกับหน่วยงานในพื้นที่ไม่เป็นไปอย่างต่อเนื่อง', 1, ''),
(7, '17', 1, '28', 'ประชาชนกลุ่มเสี่ยงที่มารับบริการในคลินิกสุขภาพเพศหลากหลายและได้รับการตรวจ HIV', 'นายวรกานต์ บุญปริพันธ์', 4, '0, 0, 0', '0, 0, 0', 'ประชาชนที่ที่มาเข้ารับบริการในคลินิกสุขภาพเพศหลากหลายและเป็นกลุ่มเสี่ยง ได้รับการตรวจคัดกรอง HIV ตามมาตรฐานที่กรุงเทพมหานครกำหนด', 'ร้อยละ 95', '    ไตรมาสที่ 1 ผลการดำเนินงาน  เดือนตุลาคม 2566 – ธันวาคม 2566 ดังนี้ \n    ประชาชนเข้ารับบริการในคลินิกสุขภาพเพศหลากหลายในเดือน ตุลาคม จำนวน 9 ราย ได้รับการคัดกรอง HIV จำนวน 9 ราย คิดเป็นร้อยละ 100 เดือน พฤศจิกายน มีผู้เข้ารับบริการ จำนวน 7 ราย ได้รับการคัดกรอง HIV จำนวน 7 ราย คิดเป็นร้อยละ 100 และเดือน ธันวาคม มีผู้เข้ารับบริการ จำนวน 4 ราย ได้รับการคัดกรอง HIV จำนวน 4 ราย คิดเป็นร้อยละ 100 มียอดผู้รับบริการในคลินิกเพศหลากหลายในไตรมาสที่ 1 จำนวนทั้งหมด 20 ราย ได้รับการคัดกรอง HIV ทั้งหมด 20 ราย คิดเป็น ร้อยละ 100\nความก้าวหน้าของโครงการไตรมาสที่ 1  ร้อยละ 25\nสรุปผลการดำเนินงานตามกิจกรรมรายไตรมาส 1  ผู้รับบริการในคลินิกสุขภาพเพศหลากหลายและเป็นกลุ่มเสี่ยง ได้รับการคัดกรอง HIV คิดเป็นร้อยละ 100 \n, ', 'โรงพยาบาลมีแนวทางการให้บริการโดยมีการคัดกรอง HIV กับประชาชนผู้รับบริการในคลินิกที่เป็นกลุ่มเสี่ยงทุกราย', 1, ''),
(8, '18', 1, '28', 'ผู้ป่วยที่ปรึกษาแพทย์ผ่านระบบ telemedicine (คลินิกสุขภาพเพศหลากหลาย) ', 'นายวรกานต์ บุญปริพันธ์	', 4, '0, 0, 0', '0, 0, 0', 'ผู้รับบริการในคลินิกสุขภาพเพศหลากหลายได้รับบริการปรึกษาแพทย์ผ่านระบบ telemedicine และ/หรือรับยาจากที่บ้านตามที่กรุงเทพมหานครกำหนด', 'มีสัดส่วนผู้รับบริการในคลินิกสุขภาพเพศหลากหลายได้รับบริการปรึกษาแพทย์ผ่านระบบ telemedicine และ/หรือรับยาจากที่บ้านคิดเป็นร้อยละ 10\n      \n', 'ไตรมาสที่ 1 ผลการดำเนินงาน  เดือนตุลาคม 2566 – ธันวาคม 2566 ดังนี้ \n    อยู่ระหว่างการวางแผนดำเนินการประชุมและวางแผนจากคณะกรรมการคลินิกสุขภาพเพศหลากหลายเพื่อดำเนินการให้บริการ telemedicine คาดว่าสามารถดำเนินการได้ในช่วงไตรมาสที่ 2 \nความก้าวหน้าของโครงการไตรมาสที่ 1   ร้อยละ25\nสรุปผลการดำเนินงานตามกิจกรรมรายไตรมาส 1 อยู่ระหว่างวางแผนการดำเนินงาน  \n, ', 'อยู่ระหว่างการดำเนินงานเพื่อหาแนวทางการให้บริการผ่านระบบ telemedicine สำหรับคลินิกสุขภาพเพศหลากหลาย', 1, ''),
(9, '1.1', 1, '1', 'กิจกรรมโรงเรียนพ่อ-แม่สำหรับหญิงตั้งครรภ์วัยรุ่น', 'นางณฐินี พ่วงทอง/นางสุปรียา อินทโคตร', 4, '0, 0, 0', '0, 0, 0', '1. เพื่อให้ผู้ใช้บริการหญิงตั้งครรภ์วัยรุ่นทุกรายได้รับการรักษาที่ดีที่สุดตามมาตรฐานวิชาชีพ\n2. เพื่อให้ผู้ใช้บริการหญิงตั้งครรภ์วัยรุ่นมีความรู้ในการดูแลตนเองและทารกในครรภ์ได้อย่างมีคุณภาพ	         \n3. เพื่อให้สามีและครอบครัว มีส่วมร่วมในการดูแลสุขภาพของหญิงตั้งครรภ์วัยรุ่น\n', 'หญิงตั้งครรภ์วัยรุ่นมีสุขภาพแข็งแรง มีความรู้ดูแลตนเองและทารกในครรภ์ได้ดี', 'ไตรมาสที่ 1 (เดือนตุลาคม – ธันวาคม 2566) มีการประชุมในทีมสหสาขาวิชาชีพ มีการวางแผนและทบทวนขั้นตอน และตัวชี้วัดในการดำเนินการโครงการกิจกรรมโรงเรียนพ่อ-แม่สำหรับหญิงตั้งครรภ์วัยรุ่น ตัวชี้วัดความสำเร็จของโครงการ  \nสรุปไตรมาส 1  จำนวนผู้รับบริการในกิจกรรมโรงเรียนพ่อ-แม่ที่มีคะแนนแบบทดสอบหลังเข้าร่วมกิจกรรมมีคะแนนมากกว่าหรือเท่ากับร้อยละ 80 จำนวน     ราย จำนวนผู้รับบริการในกิจกรรมโรงเรียนพ่อ-แม่ทีmeแบบทดสอบหลังเข้าร่วมกิจกรรมโรงเรียนพ่อแม่ทั้งสิ้น     ราย คิดเป็นร้อยละ \nระดับความคืบหน้าของโครงการ ความคืบหน้าของโครงการ 25 %, ', '\n', 1, ''),
(10, '1.1', 1, '1', 'กิจกรรมโรงเรียนพ่อ-แม่สำหรับหญิงตั้งครรภ์วัยรุ่น	', 'นางณฐินี พ่วงทอง', 4, '0, 0, 0', '0, 0, 0', '1. เพื่อให้ผู้ใช้บริการหญิงตั้งครรภ์วัยรุ่นทุกรายได้รับการรักษาที่ดีที่สุดตามมาตรฐานวิชาชีพ\n2. เพื่อให้ผู้ใช้บริการหญิงตั้งครรภ์วัยรุ่นมีความรู้ในการดูแลตนเองและทารกในครรภ์ได้อย่างมีคุณภาพ	         \n3. เพื่อให้สามีและครอบครัว มีส่วมร่วมในการดูแลสุขภาพของหญิงตั้งครรภ์วัยรุ่น\n', 'หญิงตั้งครรภ์วัยรุ่นมีสุขภาพแข็งแรง มีความรู้ดูแลตนเองและทารกในครรภ์ได้ดี  ', 'ไตรมาสที่ 1 (เดือนตุลาคม – ธันวาคม 2566) มีการประชุมในทีมสหสาขาวิชาชีพ มีการวางแผนและทบทวนขั้นตอน และตัวชี้วัดในการดำเนินการโครงการกิจกรรมโรงเรียนพ่อ-แม่สำหรับหญิงตั้งครรภ์วัยรุ่น ตัวชี้วัดความสำเร็จของโครงการ  \nสรุปไตรมาส 1  จำนวนผู้รับบริการในกิจกรรมโรงเรียนพ่อ-แม่ที่มีคะแนนแบบทดสอบหลังเข้าร่วมกิจกรรมมีคะแนนมากกว่าหรือเท่ากับร้อยละ 80 จำนวน 44 ราย จำนวนผู้รับบริการในกิจกรรมโรงเรียนพ่อ-แม่ทีmeแบบทดสอบหลังเข้าร่วมกิจกรรมโรงเรียนพ่อแม่ทั้งสิ้น 44 ราย คิดเป็นร้อยละ 100, ', 'เนื่องจากคลินิกผู้ป่วยนอกยังเป็นแบบรวมไม่ได้แยกแผนก ทำให้การเข้ากลุ่มโรงเรียน พ่อ แม่ การให้คำแนะนำมีประสิทธิภาพน้อยลง ', 1, ''),
(11, '1.2', 1, '1', 'กิจกรรมโรงเรียนพ่อ-แม่สำหรับหญิงตั้งครรภ์วัยรุ่น', 'นางสุปรียา อินทโคตร', 4, '0, 0, 0', '0, 0, 0', '1. เพื่อให้ผู้ใช้บริการหญิงตั้งครรภ์วัยรุ่นทุกรายได้รับการรักษาที่ดีที่สุดตามมาตรฐานวิชาชีพ\n2. เพื่อให้ผู้ใช้บริการหญิงตั้งครรภ์วัยรุ่นมีความรู้ในการดูแลตนเองและทารกในครรภ์ได้อย่างมีคุณภาพ	         \n3. เพื่อให้สามีและครอบครัว มีส่วมร่วมในการดูแลสุขภาพของหญิงตั้งครรภ์วัยรุ่น\n', 'หญิงตั้งครรภ์มีสุขภาพแข็งแรง มีความรู้ดูแลตนเองและทารกในครรภ์ได้ดี  ', 'ไตรมาสที่ 1 (เดือนตุลาคม – ธันวาคม 2566) มีการประชุมในทีมสหสาขาวิชาชีพ มีการวางแผนและทบทวนขั้นตอน และตัวชี้วัดในการดำเนินการโครงการกิจกรรมโรงเรียนพ่อ-แม่สำหรับหญิงตั้งครรภ์\nตัวชี้วัดความสำเร็จของโครงการ  \n, ', 'จำนวนผู้รับบริการในกิจกรรมโรงเรียนพ่อ-แม่ที่มีคะแนนแบบทดสอบหลังเข้าร่วมกิจกรรมมีคะแนนมากกว่าหรือเท่ากับร้อยละ 80 จำนวน 46 ราย จำนวนผู้รับบริการในกิจกรรมโรงเรียนพ่อ-แม่ที่แบบทดสอบหลังเข้าร่วมกิจกรรมโรงเรียนพ่อแม่ทั้งสิ้น 47 ราย คิดเป็นร้อยละ 97.87', 1, ''),
(12, '34', 1, '42', 'กิจกรรมการให้บริการศูนย์บริการคนพิการแบบเบ็ดเสร็จในสังกัดสำนักการแพทย์', 'นางสาวรพีพรรณ  คงบุรินทร์', 4, '0, 0, 0', '0, 0, 0', 'เพื่อให้บริการแก่คนพิการที่เข้ารับบริการออกบัตรประจำตัวคนพิการ ณ ศูนย์บริการคนพิการแบบเบ็ดเสร็จในโรงพยาบาลได้สะดวกรวดเร็วมากขึ้น', 'ร้อยละ 60 (ต้องได้ภายใน 30 นาที)', 'ไตรมาสที่ 1 ผลการดำเนินงาน  เดือนตุลาคม 2566 – ธันวาคม 2566 ดังนี้ \n      ผู้รับบริการที่เข้ารับบริการออกบัตรประจำตัวคนพิการระยะเวลาตั้งแต่ผู้มารับบริการเริ่มยื่นเอกสารคำขอออกบัตรประจำตัวคนพิการให้กับเจ้าหน้าที่ของกรมส่งเสริมคุณภาพชีวิตคนพิการ ณ ศูนย์บริการคนพิการแบบเบ็ดเสร็จในโรงพยาบาลจนถึงได้รับบัตรประจำตัวคนพิการ ดังนี้\n      - เดือนตุลาคม 2566 ออกบัตรประจำตัวคนพิการภายใน 1 วัน จำนวน 22 ราย ระยะเวลาในการออกบัตรคนพิการภายใน 30 นาที จำนวน 22 ราย \n      - เดือนพฤศจิกายน 2566 ออกบัตรประจำตัวคนพิการภายใน 1 วัน จำนวน 28 ราย ระยะเวลาในการออกบัตรคนพิการภายใน 30 นาที จำนวน 28 ราย \n      - เดือนธันวาคม 2566 ออกบัตรประจำตัวคนพิการภายใน 1 วัน จำนวน 50 ราย ระยะเวลาในการออกบัตรคนพิการภายใน 30 นาที จำนวน 50 ราย\n        รวมออกบัตรประจำตัวคนพิการภายใน 1 วัน จำนวน 100 ราย ระยะเวลาในการออกบัตรคนพิการภายใน 30 นาทีจำนวน 100 ราย คิดเป็นร้อยละ 100 \n   \n   ความก้าวหน้าของโครงการไตรมาสที่ 1  ร้อยละ 25\n, ', 'ไม่มี', 1, ''),
(13, '39', 1, '63', 'โครงการก่อสร้างโรงพยาบาลบางนากรุงเทพมหานคร', 'นางสาวรัตพร อาจยาทา', 4, '2,452,800,000, 0, 0', '2,452,800,000, 0, 0', '๒.๑ เพื่อพัฒนาการบริการทางด้านการแพทย์และสาธารณสุขแก่ประชาชนในพื้นที่ที่รับผิดชอบและพื้นที่ใกล้เคียง โดยเพิ่มศักยภาพในหน่วยงานต่าง ๆ เช่น ห้องผู้ป่วยนอกแยกตามสาขาต่าง ๆ เป็นสัดส่วนมีสถานที่ให้บริการที่เหมาะสมและเพียงพอต่อจำนวนผู้มารับบริการ\n๒.๒ เพื่อพัฒนาการให้บริการด้านสุขภาพแก่ประชาชนให้ได้อย่างครบวงจร ทั้งด้านการป้องกันโรค การส่งเสริม การรักษาพยาบาล และการฟื้นฟูสุขภาพ\n๒.๓ เพื่อพัฒนาคุณภาพชีวิตของบุคลากรโรงพยาบาลบางนากรุงเทพมหานครในการปฏิบัติงานมีสถานที่ที่เอื้อต่อการปฏิบัติงาน ส่งผลให้เกิดขวัญและกำลังใจ เกิดความภาคภูมิใจ ความเชื่อมั่นศักยภาพของโรงพยาบาล\n', '3.1 จัดทำเอกสาร ข้อมูลที่จำเป็นสำหรับก่อสร้างโดยจ้างออกแบบ พร้อมประมาณราคาการก่อสร้าง (ระยะเวลาไม่น้อยกว่า 120 วัน) มีรายละเอียดเบื้องต้น ดังนี้\n- การออกแบบงานสถาปัตยกรรม คำนวณโครงสร้าง รวมถึงงานระบบประกอบอาคาร พร้อมเขียนแบบสำหรับใช้ในการก่อสร้าง และการเขียนแบบในระบบ BIM (Building Information Modeling)\n- ไม่ต้องจัดทำรายงานการประเมินผลกระทบสิ่งแวดล้อม (EIA) ตามประกาศกระทรวงสาธารณสุข พระราชบัญญัติสถานพยาบาล พ.ศ. 2541 ในมาตรา 5 ไม่ต้องดำเนินการจัดทำรายงานประเมินผลกระทบสิ่งแวดล้อม\n- การออกแบบอาคารเพื่อการอนุรักษ์พลังงาน ตามพระราชบัญญัติการส่งเสริมการอนุรักษ์พลังงาน (ฉบับที่ ๒๗ พ.ศ. 2550)\n3.2 ก่อสร้างโรงพยาบาลบางนากรุงเทพมหานคร ที่สามารถเปิดให้บริการในปี พ.ศ. 2571 พื้นที่ใช้สอยโดยรวมทั้งหมด พร้อมงานระบบประกอบอาคาร\n- อาคารโรงพยาบาลบางนากรุงเทพมหานคร พื้นที่ประมาณ 52,0000 ตารางเมตร\n- อาคารศูนย์เอราวัณ  พื้นที่ประมาณ 1,369 ตารางเมตร\n- อาคารหอพักบุคลากร พื้นที่ประมาณ 9,000 ตารางเมตร จำนวน 196 ห้อง (30 ตร.ม./ห้อง)\n- พื้นที่งานระบบใต้ดิน พร้อมที่จอดรถ 1 ชั้น พื้นที่ประมาณ 16,000 ตารางเมตร มีที่จอด  \n  รถ  190 คัน \n- งานภูมิทัศน์ (ประตูรั้ว รั้วรอบโครงการ)\n', '1.จัดทำกิจกรรมเสนอเพื่ออนุมัติการดำเนินงาน  ชื่อโครงการก่อสร้างโรงพยาบาลบางนากรุงเทพมหานคร\n2.จัดทำขั้นตอน/แผนการปฏิบัติงานโครงการก่อสร้างโรงพยาบาลบางนากรุงเทพมหานครให้สอดคล้องกับ\nแผนปฏิบัติราชการ \n3.ประสานกับสำนักการโยธา กรุงเทพมหานคร เพื่อติดตามผลการดำเนินงานการก่อสร้างโรงพยาบาลบางนากรุงเทพมหานคร\n4.ส่งตัวแทนของโรงพยาบาลเข้าร่วมเป็นประชุม เพื่อรับทราบผลการดำเนินงาน \n5.สำนักการโยธาดำเนินการรับโอนงบประมาณโครงการก่อสร้างเรียบร้อยแล้ว\n, ', '-', 1, ''),
(14, '39', 1, '63', 'โครงการก่อสร้างโรงพยาบาลบางนากรุงเทพมหานคร', 'นางสาวรัตพร อาจยาทา', 4, '2,452,800,000, 0, 0', '2,452,800,000, 0, 0', '๒.๑ เพื่อพัฒนาการบริการทางด้านการแพทย์และสาธารณสุขแก่ประชาชนในพื้นที่ที่รับผิดชอบและพื้นที่ใกล้เคียง โดยเพิ่มศักยภาพในหน่วยงานต่าง ๆ เช่น ห้องผู้ป่วยนอกแยกตามสาขาต่าง ๆ เป็นสัดส่วนมีสถานที่ให้บริการที่เหมาะสมและเพียงพอต่อจำนวนผู้มารับบริการ\n๒.๒ เพื่อพัฒนาการให้บริการด้านสุขภาพแก่ประชาชนให้ได้อย่างครบวงจร ทั้งด้านการป้องกันโรค การส่งเสริม การรักษาพยาบาล และการฟื้นฟูสุขภาพ\n๒.๓ เพื่อพัฒนาคุณภาพชีวิตของบุคลากรโรงพยาบาลบางนากรุงเทพมหานครในการปฏิบัติงานมีสถานที่ที่เอื้อต่อการปฏิบัติงาน ส่งผลให้เกิดขวัญและกำลังใจ เกิดความภาคภูมิใจ ความเชื่อมั่นศักยภาพของโรงพยาบาล\n', '3.1 จัดทำเอกสาร ข้อมูลที่จำเป็นสำหรับก่อสร้างโดยจ้างออกแบบ พร้อมประมาณราคาการก่อสร้าง (ระยะเวลาไม่น้อยกว่า 120 วัน) มีรายละเอียดเบื้องต้น ดังนี้\n- การออกแบบงานสถาปัตยกรรม คำนวณโครงสร้าง รวมถึงงานระบบประกอบอาคาร พร้อมเขียนแบบสำหรับใช้ในการก่อสร้าง และการเขียนแบบในระบบ BIM (Building Information Modeling)\n- ไม่ต้องจัดทำรายงานการประเมินผลกระทบสิ่งแวดล้อม (EIA) ตามประกาศกระทรวงสาธารณสุข พระราชบัญญัติสถานพยาบาล พ.ศ. 2541 ในมาตรา 5 ไม่ต้องดำเนินการจัดทำรายงานประเมินผลกระทบสิ่งแวดล้อม\n- การออกแบบอาคารเพื่อการอนุรักษ์พลังงาน ตามพระราชบัญญัติการส่งเสริมการอนุรักษ์พลังงาน (ฉบับที่ ๒๗ พ.ศ. 2550)\n3.2 ก่อสร้างโรงพยาบาลบางนากรุงเทพมหานคร ที่สามารถเปิดให้บริการในปี พ.ศ. 2571 พื้นที่ใช้สอยโดยรวมทั้งหมด พร้อมงานระบบประกอบอาคาร\n- อาคารโรงพยาบาลบางนากรุงเทพมหานคร พื้นที่ประมาณ 52,0000 ตารางเมตร\n- อาคารศูนย์เอราวัณ  พื้นที่ประมาณ 1,369 ตารางเมตร\n- อาคารหอพักบุคลากร พื้นที่ประมาณ 9,000 ตารางเมตร จำนวน 196 ห้อง (30 ตร.ม./ห้อง)\n- พื้นที่งานระบบใต้ดิน พร้อมที่จอดรถ 1 ชั้น พื้นที่ประมาณ 16,000 ตารางเมตร มีที่จอด  \n  รถ  190 คัน \n- งานภูมิทัศน์ (ประตูรั้ว รั้วรอบโครงการ)\n', '1.จัดทำกิจกรรมเสนอเพื่ออนุมัติการดำเนินงาน  ชื่อโครงการก่อสร้างโรงพยาบาลบางนากรุงเทพมหานคร\n2.จัดทำขั้นตอน/แผนการปฏิบัติงานโครงการก่อสร้างโรงพยาบาลบางนากรุงเทพมหานครให้สอดคล้องกับ\nแผนปฏิบัติราชการ \n3.ประสานกับสำนักการโยธา กรุงเทพมหานคร เพื่อติดตามผลการดำเนินงานการก่อสร้างโรงพยาบาลบางนากรุงเทพมหานคร\n4.ส่งตัวแทนของโรงพยาบาลเข้าร่วมเป็นประชุม เพื่อรับทราบผลการดำเนินงาน \n5.สำนักการโยธาดำเนินการรับโอนงบประมาณโครงการก่อสร้างเรียบร้อยแล้ว\n, ', '-', 1, ''),
(15, '48', 1, '73', 'การเบิกจ่ายงบประมาณตามแผน', 'นางสาวรัตพร อาจยาทา', 4, '0, 0, ไม่มี', '0, 0, ไม่มี', '          2.1 เพื่อให้หน่วยรับงบประมาณเร่งรัดการใช้จ่ายงบประมาณรายจ่ายประจำปี และงบกลางทุกประเภทที่ได้รับจัดสรรในปีงบประมาณ พ.ศ. 2567 ให้แล้วเสร็จภายในปีงบประมาณ  \n	2.2  เพื่อให้หน่วยรับงบประมาณบันทึกข้อมูลในระบบสารสนเทศของกรุงเทพมหานครให้เป็นปัจจุบัน\n', 'หน่วยรับงบประมาณดำเนินการใช้จ่ายงบประมาณ เพื่อให้บรรลุตามเป้าหมายดังนี้\nไตรมาสที     การใช้จ่ายงบประมาณภาพรวม \n                     สะสม ณ วันสิ้นไตรมาส\n      1	               32\n      2	               54\n      3	               77\n     4	                     100\n      หมายเหตุ  การใช้จ่ายงบประมาณ หมายถึง การเบิกจ่ายงบประมาณ 4 ประเภทงบรายจ่าย ได้แก่ งบบุคลากร งบดำเนินงาน งบเงินอุดหนุน และงบรายจ่ายอื่น (รวมการก่อหนี้ผูกพันงบลงทุน\n', '1.	จัดประชุมวางแผนและจัดทำ กิจกรรมการเบิกจ่ายงบประมาณตามแผนต่อผู้บริหาร\n2.	จัดทำขั้นตอน/แผนการปฏิบัติงาน กิจกรรมการเบิกจ่ายงบประมาณตามแผนให้สอดคล้องกับแผนปฏิบัติราชการ \n3.	รวบรวมและสรุปผลกิจกรรม.การเบิกจ่ายงบประมาณตามแผน และรายงานให้ผู้บริหารรับทราบ\n4.	รายงานผลการเบิกจ่ายงบประมาณตามแผน เพื่อวางแผนการดำเนินงานในปีถัดไป\nสรุปผลการดำเนินงานตัวชี้วัด :  ร้อยละ……18.08%….ชื่อตัวชี้วัด.ร้อยละการเบิกจ่ายงบประมาณตามแผน\n                เบิกจ่ายเงินงบประมาณภาพรวมไตรมาสที่ 1 จำนวน 6,132,656.81 บาท คิดเป็น 18.08% (เงินเดือนและค่าจ้างประจำ 23.91% ค่าจ้างชั่วคราว 23.82% ค่าตอบแทนใช้สอยและวัสดุ 16.86% ค่าสาธารณูปโภค 18.50%)\n คิดเป็นร้อยละ 18.08%  \n\n, ', '-', 1, ''),
(16, '25', 1, '11', 'รับ-ส่งต่อผู้ป่วยระหว่างรพ.ในสังกัดสนพ.และศูนย์บริการสาธารณสุขผ่านระบบ e-Referral', 'นางวิไลพร ฉายะรถี', 4, '0, 0, ไม่มี', '0, 0, ไม่มี', '      2.1  เพื่อเพิ่มประสิทธิภาพการรับ-ส่งต่อผู้ป่วยด้วยระบบ E-Referral\n     2.2 เพื่อพัฒนาคุณภาพการดูแลรักษาพยาบาลด้วยการส่งต่อข้อมูลและส่งตัวผู้ป่วยแบบไร้รอยต่อ\n', '    3.1 ดำเนินการติดตั้งและใช้งานระบบ E-Referral ได้ภายในปีงบประมาณ 2567\n    3.2 สามารถดำเนินงานการรับ-ส่งต่อผู้ป่วยระหว่างโรงพยาบาลในสังกัดสำนักการแพทย์และศูนย์บริการสาธารณสุข โดยโรงพยาบาลสามารถให้วันนัดหมายและศูนย์บริการสาธารณสุขตอบรับการนัดหมายได้ภายใน 30 นาที ยกเว้นกรณีฉุกเฉิน ผ่านระบบ E - Referral ได้มากกว่าร้อยละ 80\n', '1.	ประชุมแนวทางการบริหารจัดการ\n2.	กำหนดรูปแบบการดำเนินการ\n3.	ออกแบบการรายงานข้อมูล \n4.	เชื่อมต่อระบบ E-Referral ระหว่างโรงพยาบาลในสังกัดสำนักการแพทย์และศูนย์บริการสาธารณสุขในเครือข่าย\n5.	เข้าร่วมกลุ่ม Line การรับ - ส่งต่อผู้ป่วยผ่านระบบ  E- Referral ระหว่างโรงพยาบาลในและนอกสังกัดสำนักการแพทย์\n6.	รับส่ง – ต่อผู้ป่วยผ่านระบบ  E- Referral\n7.	ติดตามผลการดำเนินงานและรายงานความก้าวหน้าเป็นรายไตรมาส\nสรุปผลการดำเนินงานตัวชี้วัด :  \n1. ร้อยละความสำเร็จของการติดตั้งและใช้งานระบบ E-Referral ร้อยละ 100\n  - ผลการดำเนินงานตัวชี้วัด สามารถติดตั้งและใช้งานระบบ E-Referral ได้ตามแผน คิดเป็นร้อยละ 100\n2. ร้อยละความสำเร็จในการรับ - ส่งต่อผู้ป่วยระหว่างโรงพยาบาลในสังกัดสำนักการแพทย์และศูนย์บริการสาธารณสุขโดยโรงพยาบาลสามารถให้วันนัดหมายและศูนย์บริการสาธารณสุขตอบรับการนัดหมายได้ ภายใน 30 นาที ยกเว้นกรณีฉุกเฉินผ่านระบบ E - Referral มากกว่าร้อยละ 80\n - ผลการดำเนินงานตัวชี้วัด ผู้ป่วยที่ได้รับการส่งต่อผ่านระบบ  E- Referral มีจำนวนทั้งหมด 9 ราย โดยแบ่งเป็นส่งต่อโรงพยาบาลสิรินธร จำนวน 1 ราย และส่งต่อโรงพยาบาลเจริญกรุงประชารักษ์ จำนวน 8 ราย ให้วันนัดหมายและตอบรับการนัดหมายได้ภายใน 30 นาที จำนวน 9 ราย \nความก้าวหน้ากิจกรรมไตรมาสที่ 1     ร้อยละ 35\nสรุปผลการดำเนินงานตัวชี้วัด           ร้อยละความสำเร็จของการติดตั้งและใช้งานระบบ E-Referral ร้อยละ 100 \n, ', 'ไม่มีจำนวนศูนย์เทคโนสุขภาพดีที่มีบริการ telemedicine (P154)', 1, ''),
(17, '14', 1, '25', 'โครงการส่งเสริมการผลิตไฟฟ้า จากพลังงานหมุนเวียนแบบมุ่งเป้าสำหรับรพ.ในสังกัดสนพ. กทม.', 'นายวัชรนนท์ วุฒิวงศ์พัฒนา', 4, '0, 0, ไม่มี', '0, 0, ไม่มี', '2.1 เพื่อสร้างจิตสำนึกร่วมกันในการประหยัดพลังงานแก่บุคลากรของโรงพยาบาลบางนากรุงเทพมหานคร\n2.2 เพื่อเป็นการประหยัดงบประมาณรายจ่ายที่เกี่ยวข้องกับการใช้พลังงานไฟฟ้า  \n2.3เพื่อเป็นการลดปริมาณการใช้พลังงานของชาติ\n', '3.1	สามารถลดค่าใช้จ่ายด้านพลังงานลดลงร้อยละ 10 \n3.2	สามารถดำเนินการตามขั้นตอนตามพระราชบัญญัติจัดซื้อจัดจ้างและการบริหารพัสดุภาครัฐ 2560', '1.จัดทำกิจกรรมเสนอเพื่ออนุมัติการดำเนินงาน  ชื่อโครงการ“โครงการส่งเสริมการผลิตไฟฟ้า จากพลังงานหมุนเวียนแบบมุ่งเป้าสำหรับโรงพยาบาลในสังกัด สำนักการแพทย์ กรุงเทพมหานคร”. ต่อผู้บริหาร\n2.แต่งตั้งคณะกรรมการเพื่อดำเนินการตามขั้นตอนของพัสดุตามพระราชบัญญัติจัดซื้อจัดจ้างและการบริหารพัสดุภาครัฐ 2560\n3.จัดทำขั้นตอน/แผนการปฏิบัติงานชื่อ“โครงการส่งเสริมการผลิตไฟฟ้า จากพลังงานหมุนเวียนแบบมุ่งเป้าสำหรับโรงพยาบาลในสังกัด สำนักการแพทย์ กรุงเทพมหานคร”ให้สอดคล้องกับแผนปฏิบัติราชการ \nความก้าวหน้ากิจกรรมไตรมาสที่ 1     ร้อยละ 25\nสรุปผลการดำเนินงานตัวชี้วัด :  ร้อยละความสำเร็จของการจัดโครงการส่งเสริมการผลิตไฟฟ้า จากพลังงานหมุนเวียน (ผลลัพธ์) \n, ', '-', 1, ''),
(18, '47', 1, '72', 'กิจกรรมการใช้งานระบบสำหรับการปฏิบัติหน้าที่โดยวิธีการทางอิเล็กทรอนิกส์', 'นายวัชรนนท์ วุฒิวงศ์พัฒนา', 4, '0, 0, ไม่มี', '0, 0, ไม่มี', '     2.1 เพื่อให้บุคลากรของโรงพยาบาลบางนากรุงเทพมหานครมีความรู้ความเข้ามใจ เกี่ยวกับการปฏิบัติ หน้าที่โดยวิธีการทางอิเล็กทรอนิกส์\n    2.2 เพื่อเพิ่มประสิทธิภาพการบริหารจัดการ และประหยัดค่าใช้จ่ายในการพิมพ์งานเอกสาร ลดขั้นตอนการปฏิบัติงาน\n', '3.1	สามารถลดค่าใช้จ่ายด้านกระดาษลดลงร้อยละ  10 \n3.2	บุคลากรของโรงพยาบาลบางนากรุงเทพมหานครมีความเข้าใจ เกี่ยวกับการปฏิบัติ หน้าที่โดยวิธีการทางอิเล็กทรอนิกส์ มากกว่า ร้อยละ 80 \n', '1.	จัดทำกิจกรรมเสนอเพื่ออนุมัติการดำเนินงาน  ชื่อ“กิจกรรมการใช้งานระบบสำหรับการปฏิบัติหน้าที่โดยวิธีการทางอิเล็กทรอนิกส์”ต่อผู้บริหาร\n2.	จัดทำขั้นตอน/แผนการปฏิบัติงานชื่อ“กิจกรรมการใช้งานระบบสำหรับการปฏิบัติหน้าที่โดยวิธีการทางอิเล็กทรอนิกส์”ให้สอดคล้องกับแผนปฏิบัติราชการ \n3.	จัดทำนโยบาย/คู่มือ/แนวทางปฏิบัติที่เกี่ยวข้องกับ“กิจกรรมการใช้งานระบบสำหรับการปฏิบัติหน้าที่โดยวิธีการทางอิเล็กทรอนิกส์”และสื่อสารให้บุคลากรทุกระดับรับทราบ\n\nความก้าวหน้ากิจกรรมไตรมาสที่ 1     ร้อยละ 25\nสรุปผลการดำเนินงานตัวชี้วัด :  ร้อยละความสำเร็จในการยกระดับการเปลี่ยนผ่านดิจิทัล ภาครัฐเพื่อการบริหารราชการที่ยืดหยุ่น โปร่งใส คล่องตัว \n, ', '-', 1, ''),
(19, '36', 1, '43', 'กิจกรรมการพัฒนาคุณภาพโรงพยาบาล', 'นางสาวศกุนิชญ์ แวอูมา', 4, '0, 0, ไม่มี', '0, 0, ไม่มี', '      2.1 เพื่อให้โรงพยาบาลบางนากรุงเทพมหานคร  เกิดการพัฒนาคุณภาพของโรงพยาบาลเป็นการเตรียมความพร้อมในการขอรับรองกระบวนการคุณภาพโรงพยาบาล ( Accreditation HA ขั้นที่3)\n     2.2 เพื่อสร้างวัฒนธรรมความปลอดภัย ตอบสนองความต้องการและสร้างความมั่นใจให้กับผู้ใช้บริการ\n     2.3 เพื่อส่งเสริมภาพลักษณ์ และประชาสัมพันธ์องค์กรให้เป็นที่รู้จักเพิ่มขึ้น\n', '    3.1 เป็นการจัดกิจกรรมการพัฒนาคุณภาพโรงพยาบาลในทุกหน่วยงานและบุคลากรทุกระดับในโรงพยาบาล\n    3.2 ส่งเสริมให้มีการพัฒนาคุณภาพอย่างต่อเนื่อง และธำรงไว้ซึ่งมาตรฐานคุณภาพ มีความพร้อมในการขอรับรองกระบวนการคุณภาพโรงพยาบาล ( Accreditation HA ขั้นที่3) หรือการพัฒนาคุณภาพต่อยอดไปในระดับมาตรฐานสากลอื่น ๆ ได้\n', '1.จัดทำกิจกรรมเสนอเพื่ออนุมัติการดำเนินงาน  กิจกรรมการพัฒนาคุณภาพโรงพยาบาลต่อผู้บริหาร\n2.จัดทำขั้นตอน/แผนการปฏิบัติงาน กิจกรรมการพัฒนาคุณภาพโรงพยาบาลให้สอดคล้องกับแผนปฏิบัติราชการ \n3.ประสานกับสถาบันรับรองคุณภาพสถานพยาบาล(องค์การมหาชน) เพื่อติดตามผลการเข้าเยี่ยมในกิจกรรมการรับรองกระบวนการคุณภาพ เมื่อวันที่19 มิถุนายน 2566\n4.ส่งแผนการพัฒนาคุณภาพตามข้อเสนอแนะที่ได้รับจาการเยี่ยมสำรวจให้กับสถาบันรับรองคุณภาพสถานพยาบาล\n5. ทบทวนคำสั่งแต่งตั้งคณะกรรมการ/คณะทำงานพัฒนาคุณภาพโรงพยาบาลให้เป็นปัจจุบันเนื่องจากบุคลากรบางส่วน ลาออก โอนย้าย  ลาศึกษาต่อ\n6. จัดให้มีการประชุมคณะกรรมการ/คณะทำงานพัฒนาคุณภาพโรงพยาบาล\n\nความก้าวหน้ากิจกรรมไตรมาสที่ 1     ร้อยละ 25\nสรุปผลการดำเนินงานตัวชี้วัด :  ร้อยละความสำเร็จในการผ่านการตรวจประเมินมาตรฐานคุณภาพโรงพยาบาล \n\n, ', '-', 1, ''),
(20, '48', 1, '74', 'การเบิกจ่ายงบประมาณตามแผน', 'นายณนทวัต หนูศิลา', 4, '116,034,710.00, 0, 0', ' 18,861,207.87, 0, 0', 'เพื่อควบคุม กำกับและติดตามการเบิกจ่ายงบประมาณของส่วนราชการ', 'ดำเนินการเบิกจ่ายงบประมาณของส่วนราชการได้ทันภายในระยะเวลาที่กำหนด และครบถ้วน', 'การเบิกจ่ายงบประมาณรายจ่ายประจำปี 2567 รวม 4 หมวด\nที่ได้รับจัดสรรจำนวน 116,034,710.00 บาท  งบประมาณหลังปรับโอน 116,034,710.00 บาท\nเบิกจ่ายเดือนตุลาคม 2566     จำนวน 1,856,386.49 บาท\nเบิกจ่ายเดือนพฤศจิกายน 2566 จำนวน 10,535,869.76 บาท\nเบิกจ่ายเดือนธันวาคม 2566    จำนวน 6,468,951.62 บาท\nรวมยอดเบิกจ่ายสะสมตั้งแต่ 1 ตุลาคม  - 31 ธันวาคม 2566 จำนวน  18,861,207.87  บาท\n, ', 'ไม่มี', 1, ''),
(21, '23', 1, '33', 'กิจกรรมการรักษาพยาบาลด้วยระบบโทรเวชกรรม (Telemedicine) ผ่าน App หมอกทม.  (ในกลุ่ม 42 โรค ตามประกาศสปสช.) ผู้ป่วยกลุ่ม เปราะบาง ผู้ป่วยติดบ้านติดเตียง ผู้สูงอายุผู้พิการ หรือที่แพทย์เห็นสมควร', 'นางวิไลพร ฉายะรถี', 4, '0, 0, ไม่มี', '0, 0, ไม่มี', '2.1 ประชาชนสามารถเข้าถึงการรักษาและฟื้นฟู ด้วยระบบการบริการทางแพทย์และ สาธารณสุขทุกระดับอย่างทั่วถึง สะดวก รวดเร็ว ทันสมัย และเชื่อถือได้\n2.2 เพื่อเพิ่มศักยภาพการให้บริการทางการแพทย์และสาธารณสุขด้วยระบบโทรเวชกรรม (Telemedicine) ผ่าน App หมอกทม.\n', '3.1 สามารถให้การรักษาพยาบาลด้วยระบบโทรเวชกรรม(Telemedicine) ผ่านApp หมอ กทม. ได้สำเร็จ\n3.2 สามารถดำเนินการการรักษาพยาบาลด้วยระบบโทรเวชกรรม (Telemedicine) ผ่านApp หมอกทม. ในกลุ่ม \n42 โรค ตามประกาศสปสช. ได้ร้อยละ 4 ของจำนวนผู้ป่วยนอก  (เฉพาะแพทย์ 350 ครั้ง)\n', '1.	จัดทำกิจกรรมเสนอเพื่ออนุมัติการดำเนินงานต่อผู้บริหาร\n2.	ประชุมคณะกรรมการเพื่อวางแผนการดำเนินงาน และจัดทำแผนการดำเนินงานประชุมคณะกรรมการเพื่อวางแผนการดำเนินงาน และจัดทำแผนการดำเนินงานให้สอดคล้องกับแผนปฏิบัติราชการ \n3.	กำหนดรูปแบบการดำเนินงานและกลุ่มเป้าหมาย\n4.	จัดทำคู่มือ/แนวทางปฏิบัติ/เอกสารคำแนะนำต่างๆ ประสานงานกับหน่วยงานที่เกี่ยวข้องทั้งภายในสำนักการแพทย์,ศูนย์บริการสาธารณสุข,และประชาสัมพันธ์ให้บริการ\n5.	ส่งบุคลากรเข้าร่วมประชุม ดูงาน เพื่อพัฒนาความรู้และศักยภาพในการให้บริการ\n6.	ดำเนินงานการใช้งาน Telemedicine ในผู้รับบริการ\n7.	สรุปผลการดำเนินงาน\n7.1 จำนวนคลินิกทั้งหมดในโรงพยาบาล จำนวน 12 คลินิก ให้บริการด้านการรักษาผู้ป่วยด้วยระบบโทรเวชกรรม telemedicine ผ่านแอพ หมอ กทม. จำนวน 4 คลินิก จำนวนคลินิกที่สามารถให้บริการด้านการรักษาผู้ป่วยด้วยระบบโทรเวชกรรม telemedicine คิดเป็นร้อยละ 33.30 (ค่าเป้าหมาย ร้อยละ 30) จำนวนผู้ป่วยนอกที่มารับบริการตั้งแต่วันที่ 1 ต.ค.2566 – 15 ต.ค.2566 ทั้งหมด 3,749 ราย (8,544 ครั้ง) ให้บริการด้านการรักษาผู้ป่วยด้วยระบบโทรเวชกรรม telemedicine ผ่านแอพ หมอ กทม.(Telemedicine + Tele-ติดตามอาการ) จำนวน 141 ครั้ง คิดเป็นร้อยละ 3.76\n        7.2 จำนวนผู้ป่วยนอกที่มารับบริการตั้งแต่วันที่ 1 ต.ค.2566 – 15 ต.ค.2566 ทั้งหมด 3,749 ราย (8,544 ครั้ง) ให้บริการด้านการรักษาผู้ป่วยด้วยระบบโทรเวชกรรม telemedicine ผ่านแอพ หมอ กทม.จำนวน 20 ครั้ง (ค่าเป้าหมาย จำนวน 350 ครั้ง) คิดเป็นร้อยละ 5.71\n\nความก้าวหน้ากิจกรรมไตรมาสที่ 1     ร้อยละ 25\nสรุปผลการดำเนินงานตัวชี้วัด   ร้อยละความสำเร็จของการรักษาพยาบาลด้วยระบบโทรเวชกรรม (Telemedicine) ผ่าน App หมอกทม.ของโรงพยาบาลสังกัดสำนักการแพทย์ (ผลลัพธ์)     \n, ', '-', 1, ''),
(22, '26', 1, '36', 'การพัฒนาระบบ e-referral เชื่อมโยง HIS โรงพยาบาล 11 แห่ง กับระบบ e-Presscription สปสช', 'นางสาวสุรีรัตน์ ลำเลา', 2, '0, 0, ไม่มี', '0, 0, ไม่มี', '  2.1 เพื่อให้โรงพยาบาลบางนากรุงเทพมหานคร เกิดการพัฒนาการแพทย์วิถีใหม่เพื่อลดโอกาสการติดเชื้อ ทั้งผู้ป่วย ญาติผู้มารับบริการ และบุคลากรในโรงพยาบาล\n    2.2 เพื่ออำนวยความสะดวกให้แก่ประชาชนผู้ป่วยในการรับยาที่ร้านยาใกล้บ้าน ลดความแออัดในโรงพยาบาล\n    2.3 เพื่อส่งเสริมภาพลักษณ์ และประชาสัมพันธ์องค์กรให้เป็นที่รู้จักเพิ่มขึ้น\n', 'ผู้ป่วยได้รับยาที่ถูกต้อง เหมาะสม ปลอดภัย ตามมาตรฐานเภสัชกรรมโรงพยาบาล', '1.	จัดทำกิจกรรมเสนอขออนุมัติต่อผู้บริหาร\n2.	โรงพยาบาลประสานงานสภาเภสัชกรรมและ สปสช.\n3.	โรงพยาบาลประสานทีมในโรงพยาบาล (PTC)\nความก้าวหน้ากิจกรรมไตรมาสที่ 1     ร้อยละ 30\nสรุปผลการดำเนินงานตัวชี้วัด :  ร้อยละความสำเร็จของการเชื่อมระบบ การส่งตัวและข้อมูลผู้ป่วยจาก เครือข่ายปฐมภูมิ คลินิกอบอุ่น ร้านยามาตรฐานไปยัง ศูนย์บริการสาธารณสุขและโรงพยาบาล \n, ', 'รพบ.ไม่มีคลินิกชุมชนอบอุ่น', 3, ''),
(23, '43', 1, '11', 'กิจกรรมการรับ – ส่งต่อผู้ป่วยระหว่างโรงพยาบาลในสังกัดสำนักการแพทย์และศูนย์บริการสาธารณสุขผ่านระบบ e – Referral', 'นางวิไลพร ฉายะรถี', 4, '0, 0, ไม่มี', '0, 0, ไม่มี', '2.1เพื่อเพิ่มประสิทธิภาพการรับ-ส่งต่อผู้ป่วยด้วยระบบ E-Referral\n2.2 เพื่อพัฒนาคุณภาพการดูแลรักษาพยาบาลด้วยการส่งต่อข้อมูลและส่งตัวผู้ป่วยแบบไร้รอยต่อ\n', '3.1 ดำเนินการติดตั้งและใช้งานระบบ E-Referral ได้ภายในปีงบประมาณ 2567\n3.2 สามารถดำเนินงานการรับ-ส่งต่อผู้ป่วยระหว่างโรงพยาบาลในสังกัดสำนักการแพทย์และศูนย์บริการสาธารณสุข โดยโรงพยาบาลสามารถให้วันนัดหมายและศูนย์บริการสาธารณสุขตอบรับการนัดหมายได้ภายใน 30 นาที ยกเว้นกรณีฉุกเฉิน ผ่านระบบ E - Referral ได้มากกว่าร้อยละ 80\n\n', '1.	ประชุมแนวทางการบริหารจัดการ\n2.	กำหนดรูปแบบการดำเนินการ\n3.	ออกแบบการรายงานข้อมูล \n4.	เชื่อมต่อระบบ E-Referral ระหว่างโรงพยาบาลในสังกัดสำนักการแพทย์และศูนย์บริการสาธารณสุขในเครือข่าย\n5.	เข้าร่วมกลุ่ม Line การรับ - ส่งต่อผู้ป่วยผ่านระบบ  E- Referral ระหว่างโรงพยาบาลในและนอกสังกัดสำนักการแพทย์\n6.	รับส่ง – ต่อผู้ป่วยผ่านระบบ  E- Referral\n7.	ติดตามผลการดำเนินงานและรายงานความก้าวหน้าเป็นรายไตรมาส\n1. ร้อยละความสำเร็จของการติดตั้งและใช้งานระบบ E-Referral ร้อยละ 100\n  - ผลการดำเนินงานตัวชี้วัด สามารถติดตั้งและใช้งานระบบ E-Referral ได้ตามแผน คิดเป็นร้อยละ 100\n2. ร้อยละความสำเร็จในการรับ - ส่งต่อผู้ป่วยระหว่างโรงพยาบาลในสังกัดสำนักการแพทย์และศูนย์บริการสาธารณสุขโดยโรงพยาบาลสามารถให้วันนัดหมายและศูนย์บริการสาธารณสุขตอบรับการนัดหมายได้ ภายใน 30 นาที ยกเว้นกรณีฉุกเฉินผ่านระบบ E - Referral มากกว่าร้อยละ 80\n - ผลการดำเนินงานตัวชี้วัด ผู้ป่วยที่ได้รับการส่งต่อผ่านระบบ  E- Referral มีจำนวนทั้งหมด 9 ราย โดยแบ่งเป็นส่งต่อโรงพยาบาลสิรินธร จำนวน 1 ราย และส่งต่อโรงพยาบาลเจริญกรุงประชารักษ์ จำนวน 8 ราย ให้วันนัดหมายและตอบรับการนัดหมายได้ภายใน 30 นาที จำนวน 9 ราย \nความก้าวหน้ากิจกรรมไตรมาสที่ 1 ร้อยละ 35\nสรุปผลการดำเนินงานตัวชี้วัด  ร้อยละความสำเร็จของการติดตั้งและใช้งานระบบ E-Referral ร้อยละ 100 , ', '-', 1, ''),
(24, '43', 1, '11', 'กิจกรรมการรับ – ส่งต่อผู้ป่วยระหว่างโรงพยาบาลในสังกัดสำนักการแพทย์และศูนย์บริการสาธารณสุขผ่านระบบ e – Referral', 'นางวิไลพร ฉายะรถี', 4, '0, 0, ไม่มี', '0, 0, ไม่มี', '2.1เพื่อเพิ่มประสิทธิภาพการรับ-ส่งต่อผู้ป่วยด้วยระบบ E-Referral\n2.2 เพื่อพัฒนาคุณภาพการดูแลรักษาพยาบาลด้วยการส่งต่อข้อมูลและส่งตัวผู้ป่วยแบบไร้รอยต่อ\n', '3.1 ดำเนินการติดตั้งและใช้งานระบบ E-Referral ได้ภายในปีงบประมาณ 2567\n3.2 สามารถดำเนินงานการรับ-ส่งต่อผู้ป่วยระหว่างโรงพยาบาลในสังกัดสำนักการแพทย์และศูนย์บริการสาธารณสุข โดยโรงพยาบาลสามารถให้วันนัดหมายและศูนย์บริการสาธารณสุขตอบรับการนัดหมายได้ภายใน 30 นาที ยกเว้นกรณีฉุกเฉิน ผ่านระบบ E - Referral ได้มากกว่าร้อยละ 80\n\n', '1.	ประชุมแนวทางการบริหารจัดการ\n2.	กำหนดรูปแบบการดำเนินการ\n3.	ออกแบบการรายงานข้อมูล \n4.	เชื่อมต่อระบบ E-Referral ระหว่างโรงพยาบาลในสังกัดสำนักการแพทย์และศูนย์บริการสาธารณสุขในเครือข่าย\n5.	เข้าร่วมกลุ่ม Line การรับ - ส่งต่อผู้ป่วยผ่านระบบ  E- Referral ระหว่างโรงพยาบาลในและนอกสังกัดสำนักการแพทย์\n6.	รับส่ง – ต่อผู้ป่วยผ่านระบบ  E- Referral\n7.	ติดตามผลการดำเนินงานและรายงานความก้าวหน้าเป็นรายไตรมาส\n1. ร้อยละความสำเร็จของการติดตั้งและใช้งานระบบ E-Referral ร้อยละ 100\n  - ผลการดำเนินงานตัวชี้วัด สามารถติดตั้งและใช้งานระบบ E-Referral ได้ตามแผน คิดเป็นร้อยละ 100\n2. ร้อยละความสำเร็จในการรับ - ส่งต่อผู้ป่วยระหว่างโรงพยาบาลในสังกัดสำนักการแพทย์และศูนย์บริการสาธารณสุขโดยโรงพยาบาลสามารถให้วันนัดหมายและศูนย์บริการสาธารณสุขตอบรับการนัดหมายได้ ภายใน 30 นาที ยกเว้นกรณีฉุกเฉินผ่านระบบ E - Referral มากกว่าร้อยละ 80\n - ผลการดำเนินงานตัวชี้วัด ผู้ป่วยที่ได้รับการส่งต่อผ่านระบบ  E- Referral มีจำนวนทั้งหมด 9 ราย โดยแบ่งเป็นส่งต่อโรงพยาบาลสิรินธร จำนวน 1 ราย และส่งต่อโรงพยาบาลเจริญกรุงประชารักษ์ จำนวน 8 ราย ให้วันนัดหมายและตอบรับการนัดหมายได้ภายใน 30 นาที จำนวน 9 ราย \nความก้าวหน้ากิจกรรมไตรมาสที่ 1 ร้อยละ 35\nสรุปผลการดำเนินงานตัวชี้วัด  ร้อยละความสำเร็จของการติดตั้งและใช้งานระบบ E-Referral ร้อยละ 100 , ', '-', 1, ''),
(25, '10', 1, '20', 'โครงการขับขี่รถจักรยานยนต์ฉุกเฉินทางการแพทย์อย่างปลอดภัย', 'น.ส. วริยา สุขยานุดิษฐ , น.ส. กนกวรรณ สุขมา', 1, '0, 368,953.00, 0', '0, 360,353.00, 0', '2.1 เพื่อให้ผู้เข้าร่วมกิจกรรม มีความรู้ และทักษะในการขับขี่รถจักรยานยนต์ฉุกเฉินทางการแพทย์อย่างปลอดภัย\n2.2 เพื่อพัฒนาสมรรถนะของบุคลากรให้สามารถปฏิบัติงานได้อย่างมีประสิทธิภาพ\n2.3 เพื่อสร้างเสริมความเข้าใจในการปฏิบัติงาน การประสานงาน สนับสนุนภารกิจขององค์กร\n', 'จัดโครงการกิจกรรมขับขี่รถจักรยานยนต์ฉุกเฉินทางการแพทย์อย่างปลอดภัย โดยมีผู้เข้าร่วมโครงการฯ จำนวนทั้งสิ้น 43 คน ประกอบด้วย\n	กลุ่มเป้าหมาย จำนวน 32 คน ดังนี้\n	บุคลากรกรุงเทพมหานคร และบุคคลภายนอกตามเป้าหมายโครงการ ซึ่งปฏิบัติงานในเครือข่ายระบบบริการการแพทย์ฉุกเฉินกรุงเทพมหานคร จำนวน 32 คน\n	ผู้เกี่ยวข้อง จำนวน 11 คน\n	1. เจ้าหน้าที่ดำเนินการ จำนวน 6 คน\n	2. วิทยากร จำนวน 5 คน\n', 'จัดโครงการฯ จำนวน 2 รุ่น รุ่นที่ 1 ระหว่างวันที่ 29 - 30 ตุลาคม 2566 จำนวน 30 คน และรุ่นที่ 2 ระหว่างวันที่ 27 – 28 พฤศจิกายน 2566 จำนวน 31 คน ณ สนามฝึกขับรถมืออาชีพ ไอดี ไดร์ฟเวอร์ สาขา ๖ ลำลูกกา \nตำบลลำไทร อำเภอลำลูกกา จังหวัดปทุมธานี และโรงแรมสัปปายะ บายโลตัส วัลเลย์ กอล์ฟ รีสอร์ท ถนนองครักษ์ - บางน้ำเปรี้ยว ตำบลดอนเกาะกา อำเภอบางน้ำเปรี้ยว จังหวัดฉะเชิงเทรา\n, ', 'ไม่มี', 1, '427_Motorlance Project Pic.'),
(26, '1.1', 1, '1', '1. กิจกรรมโรงเรียนพ่อ – แม่สำหรับหญิงตั้งครรภ์วัยรุ่น', 'นางสาวลัคนา   ทองมานะเสถียร', 4, '0, 0, 0', '0, 0, 0', '1. กลุ่มเยาวชนและกลุ่มวัยทำงาน ที่เข้าร่วมกิจกรรมโรงเรียนพ่อแม่มีความรู้ด้านสุขภาพที่ถูกต้องโดยมีคะแนนแบบทดสอบความรู้หลังเข้าร่วมกิจกรรมโรงเรียนพ่อ-แม่\n2. ส่งเสริมให้ประชาชนทุกช่วงวัยมี Health literacy\n', 'ประชาชนทุกช่วงวัยมีความรอบรู้ด้านสุขภาพ โดยแบ่งสัดส่วนกลุ่มเป้าหมายในแต่ละช่วงวัยดังนี้\n- เยาวชน ร้อยละ 30\n- วัยทำงาน ร้อยละ 40 \n- ผู้สูงอายุ ร้อยละ 60', '1. จัดกิจกรรมโรงเรียนพ่อแม่สำหรับหญิงตั้งครรภ์วัยรุ่น ในวันศุกร์ที่ 1 และ 3 ของเดือน\n2. จำนวนหญิงตั้งครรภ์วัยรุ่นฝากครรภ์ .... ราย เข้าโรงเรียนพ่อแม่ .... ราย คิดเป็นร้อยละ 100 \n, ', '-', 1, ''),
(27, '7', 1, '12', 'การเพิ่มประสิทธิภาพการรับ-ส่งต่อผู้ป่วย 5 กลุ่มโรคสำคัญ ระหว่างโรงพยาบาลในและนอกสังกัดสำนักการแพทย์', 'นางนฤมล ปราสัยงาม', 4, '0, 0, ไม่มี', '0, 0, ไม่มี', '2.1 เพื่อพัฒนากระบวนการส่งต่อผู้ป่วย 5 กลุ่มโรคสำคัญของโรงพยาบาลบางนากรุงเทพมหานครได้อย่างมีประสิทธิภาพ\n2.2 เพื่อให้ผู้ปฏิบัติงานและผู้ที่เกี่ยวข้องกับกระบวนการส่งต่อผู้ป่วยมีความรู้ความเข้าใจและใช้เป็นแนวทางในการส่งต่อผู้ป่วยของโรงพยาบาลทั้งในและนอกสังกัดสำนักการแพทย์ ส่งผลให้ผู้ป่วยได้รับความปลอดภัย \n', 'ร้อยละความสำเร็จในการส่งต่อระหว่างโรงพยาบาลในและนอกสังกัดสำนักการแพทย์ มากกว่าร้อยละ 85', '1. จัดทำโครงการและขั้นตอนการปฏิบัติงานของโครงการนำเสนอผู้บริหาร\n     2. แต่งตั้งคณะกรรมการระบบการส่งต่อผู้ป่วยระหว่างโรงพยาบาลในและนอกสังกัดสำนักการแพทย์\n     3. ประชุมคณะกรรมการเพื่อจัดทำแผนและกำหนดแนวทางการส่งต่อระหว่างโรงพยาบาลในและนอกสังกัดสำนัก  \n         การแพทย์ให้สอดคล้องกับแผนปฏิบัติราชการ\n     4. ส่งตัวแทนของโรงพยาบาลเข้าร่วมเป็นคณะทำงานระบบการส่งต่อระดับสำนักการแพทย์\n     5. ส่งตัวแทนของโรงพยาบาลเข้าร่วมประชุมการประสานส่งต่อผู้ป่วยตามสถานพยาบาลมาตรา 7 ในวันที่ 30   \n         พฤศจิกายน – 1 ธันวาคม 2566 \n     6. เข้าร่วมกลุ่ม Line การส่งต่อผู้ป่วยระหว่างโรงพยาบาลในและนอกสังกัดสำนักการแพทย์\n     7. ดำเนินการจัดเก็บข้อมูลตามโครงการตามกำหนดการ\n     ผู้ป่วยได้รับการส่งต่อสำเร็จมีจำนวนทั้งหมด 9 ราย โดยแบ่งเป็นกลุ่มโรคหลอดเลือดหัวใจจำนวน 4 ราย \nและกลุ่มโรคอื่น ๆจำนวน 5 ราย ซึ่งทางโรงพยาบาลได้ส่งต่อผู้ป่วยไปยังโรงพยาบาลในสังกัดสำนักการแพทย์จำนวน 3 ราย โรงพยาบาลรัฐอื่น ๆจำนวน 1 ราย และโรงพยาบาลเอกชนจำนวน 5 ราย ไม่พบอุบัติการณ์ขณะส่งต่อ\nความก้าวหน้าของกิจกรรมไตรมาสที่ 1     ร้อยละ 25\nสรุปผลการดำเนินงานตามตัวชี้วัด  :  ร้อยละความสำเร็จในการส่งต่อระหว่างโรงพยาบาลในและนอกสังกัดสำนักการแพทย์ (ผลลัพธ์)    \n, , ', '-', 1, ''),
(28, '1.2', 1, '1', '1. กิจกรรมโรงเรียนพ่อ – แม่สำหรับหญิงตั้งครรภ์วัยรุ่น', 'นางสาวลัคนา   ทองมานะเสถียร', 4, '0, 0, 0', '0, 0, 0', '1. กลุ่มเยาวชนและกลุ่มวัยทำงาน ที่เข้าร่วมกิจกรรมโรงเรียนพ่อแม่มีความรู้ด้านสุขภาพที่ถูกต้องโดยมีคะแนนแบบทดสอบความรู้หลังเข้าร่วมกิจกรรมโรงเรียนพ่อ-แม่\n2. ส่งเสริมให้ประชาชนทุกช่วงวัยมี Health literacy\n', 'ประชาชนทุกช่วงวัยมีความรอบรู้ด้านสุขภาพ โดยแบ่งสัดส่วนกลุ่มเป้าหมายในแต่ละช่วงวัยดังนี้\n- เยาวชน ร้อยละ 30\n- วัยทำงาน ร้อยละ 40 \n- ผู้สูงอายุ ร้อยละ 60', '1.	จำนวนหญิงตั้งครรภ์วัยรุ่นฝากครรภ์ ... ราย เข้าโรงเรียนพ่อแม่ ... ราย คิดเป็นร้อยละ  \n2.	จำนวนวัยรุ่นอายุ 10 – 19 ปี ที่ตั้งครรภ์ต่อได้รับการฝากครรภ์และคลอดอย่างมีคุณภาพ 14 ราย จำนวนวัยรุ่นอายุ 10 – 19 ปี ที่มารับบริการคลอดบุตรในช่วงเวลาเดียวกัน 31 ราย คิดเป็นร้อยละ 45.16 (ข้อมูล ณ ช่วงเวลา ม.ค. – มี.ค. 2567)\n, ', '-', 1, ''),
(29, '10', 1, '21', 'โครงการเพิ่มประสิทธิภาพการเข้าถึงเพื่อช่วยเหลือผู้เจ็บป่วยฉุกเฉินในระบบบริการการแพทย์ฉุกเฉินกรุงเทพมหานคร', 'น.ส. กนกวรรณ สุขมา', 4, '24,000,000, 27,880,500 , 0', '0, 0, 0', '2.1	เพื่อให้ประชาชนที่เจ็บป่วยวิกฤตฉุกเฉินได้รับการช่วยเหลือ ณ จุดเกิดเหตุจากบุคลากรทางการแพทย์ที่มีความรู้ความสามารถอย่างรวดเร็ว และมีประสิทธิภาพมากขึ้น\n2.2	ระบบบริการการแพทย์ฉุกเฉินกรุงเทพมหานครมีจำนวนบุคลากรปฏิบัติงานที่สามารถรองรับความต้องการการขอรับบริการของประชาชนผู้เจ็บป่วยฉุกเฉินอย่างเพียงพอ\n2.3	เพื่อเพิ่มโอกาสในการเข้าถึงบริการการแพทย์ฉุกเฉินให้กับประชาชนผู้ขอความช่วยเหลือผ่านหมายเลข 1669, 1646\n', 'เพื่อจัดให้มีชุดปฏิบัติการการแพทย์ฉุกเฉินระดับสูง (Advanced Life Support) หรือชุดปฏิบัติการการแพทย์ฉุกเฉินระดับพื้นฐาน (Basic Life Support) ในพื้นที่กรุงเทพมหานคร จำนวน 15 จุด (เดิม 13 จุด เพิ่มใหม่ 2 จุด) โดยชุดปฏิบัติการการแพทย์ฉุกเฉินประกอบด้วยบุคลากร ดังนี้\n		1. พยาบาลวิชาชีพหรือนักปฏิบัติการฉุกเฉินการแพทย์ จำนวน 1 คน ต่อผลัด สำหรับชุดปฏิบัติการการแพทย์ฉุกเฉินระดับสูง (Advanced Life Support)				\n		2. เวชกรฉุกเฉินระดับพื้นฐานหรือพนักงานฉุกเฉินการแพทย์ หรือพนักงานช่วยเหลือคนไข้ หรือลูกจ้างที่ผ่านการอบรมเวชกรฉุกเฉินระดับพื้นฐานหรือหลักสูตรปฏิบัติการแพทย์ขั้นพื้นฐานและช่วยปฏิบัติการแพทย์ขั้นสูง จำนวน 2 คน ต่อผลัด \n		3. พนักงานขับรถยนต์ หรือเจ้าหน้าที่เวชกรฉุกเฉินระดับพื้นฐานทำหน้าที่พนักงานขับรถยนต์ หรือพนักงานขับรถยนต์ ซึ่งเป็นบุคคลภายนอกที่ผ่านการอบรมหลักสูตรเวชกรฉุกเฉินระดับพื้นฐานหรือหลักสูตรปฏิบัติการแพทย์ขั้นพื้นฐานและช่วยปฏิบัติการแพทย์ขั้นสูง จำนวน 1 คน ต่อผลัด\nโดยปฏิบัติงานเป็นผลัดๆ ละ 8 ชั่วโมง รวมวันละ 3 ผลัด\n', 'ดำเนินการจัดชุดปฏิบัติการปฏิบัติงานตามโครงการฯ ทั้งสิ้น 13 จุดจอด และจัดหาพื้นที่จุดจอดที่ 14 และ 15 ในปีงบประมาณ พ.ศ.2567  มีการให้บริการแยกตามจุดจอด ดังนี้\n        จุดจอดที่ 1 จุดจอดใต้ทางด่วนประชาชื่น\n        จุดจอดที่ 2 จุดจอดตลิ่งชัน\n        จุดจอดที่ 3 จุดจอดศูนย์พัฒนากีฬากองทัพบก (รามอินทรา)\n	จุดจอดที่ 4 จุดจอดสำนักงานเขตลาดพร้าว\n	จุดจอดที่ 5 จุดจอดสำนักงานเขตบางนา\n	จุดจอดที่ 6 จุดจอดสำนักงานเขตวังทองหลาง \n	จุดจอดที่ 7 จุดจอดทุ่งครุ (ซ.ประชาอุทิศ 90)\n	จุดจอดที่ 8 จุดจอดคลองสามวา\n	จุดจอดที่ 9 จุดจอดบางขุนเทียน\n        จุดจอดที่ 10 จุดจอดวัดวิมุตยาราม \n	จุดจอดที่ 11 จุดจอดศูนย์กีฬาเฉลิมพระเกียรติ 84 พรรษา (บางบอน) \n	จุดจอดที่ 12 จุดจอดสำนักงานเขตสะพานสูง \n	จุดจอดที่ 13 ศูนย์กีฬาทางน้ำบึงหนองบอน \n        จุดจอดที่ 14 ศูนย์กีฬาประชานิเวศน์ (เปิดให้บริการเมื่อวันที่ 2 ตุลาคม 2567)\n        จุดจอดที่ 15 ศูนย์กีฬาเฉลิมพระเกียรติ 72 พรรษา มีนบุรี (เปิดให้บริการเมื่อวันที่ 2 ตุลาคม 2567)\nผลการดำเนินงานการออกให้บริการการแพทย์ฉุกเฉิน ทั้ง 15 จุดจอด ดังนี้\n        จุดจอดที่ 1 ดำเนินการจัดชุดปฏิบัติการปฏิบัติงานตามโครงการบริเวณ จุดจอดโยธา\nในพื้นที่โซน 1,7,8 การออกปฏิบัติการการแพทย์ฉุกเฉินประจำเดือนธันวาคม 2566 จำนวน 90 ครั้ง\n        จุดจอดที่ 2 ดำเนินการจัดชุดปฏิบัติการปฏิบัติงานตามโครงการบริเวณ จุดจอดตลิ่งชัน\nในพื้นที่โซน 1,3 การออกปฏิบัติการการแพทย์ฉุกเฉินประจำเดือนธันวาคม 2566 จำนวน 158 ครั้ง  \n        จุดจอดที่ 3 ดำเนินการจัดชุดปฏิบัติการปฏิบัติงานตามโครงการบริเวณ จุดจอดศูนย์พัฒนากีฬากองทัพบก รามอินทราในพื้นที่โซน 6,7 การออกปฏิบัติการการแพทย์ฉุกเฉินประจำเดือนธันวาคม 2566 จำนวน 133 ครั้ง  \n        จุดจอดที่ 4 ดำเนินการจัดชุดปฏิบัติการปฏิบัติงานตามโครงการบริเวณ จุดจอดสำนักงานเขตลาดพร้าว\nในพื้นที่โซน 7,8,9 การออกปฏิบัติการการแพทย์ฉุกเฉินประจำเดือนธันวาคม 2566 จำนวน 147 ครั้ง \n        จุดจอดที่ 5 ดำเนินการจัดชุดปฏิบัติการปฏิบัติงานตามโครงการบริเวณ จุดจอดสำนักงานเขตบางนา\nในพื้นที่โซน 5 การออกปฏิบัติการการแพทย์ฉุกเฉินประจำเดือนธันวาคม 2566 จำนวน 159 ครั้ง  \n        จุดจอดที่ 6 ดำเนินการจัดชุดปฏิบัติการปฏิบัติงานตามโครงการบริเวณ จุดจอดสำนักเขตวังทองหลาง\nในพื้นที่โซน 6,9 การออกปฏิบัติการการแพทย์ฉุกเฉินประจำเดือนธันวาคม 2566 จำนวน 100 ครั้ง  \n        จุดจอดที่ 7 ดำเนินการจัดชุดปฏิบัติการปฏิบัติงานตามโครงการบริเวณ จุดจอดทุ่งครุ ประชาอุทิศ\nในพื้นที่โซน 3,4 การออกปฏิบัติการการแพทย์ฉุกเฉินประจำเดือนธันวาคม 2566 จำนวน 136 ครั้ง \n        จุดจอดที่ 8 ดำเนินการจัดชุดปฏิบัติการปฏิบัติงานตามโครงการบริเวณ จุดจอดคลองสามวา\nในพื้นที่โซน 6 การออกปฏิบัติการการแพทย์ฉุกเฉินประจำเดือนธันวาคม 2566 จำนวน 102 ครั้ง\n        จุดจอดที่ 9 ดำเนินการจัดชุดปฏิบัติการปฏิบัติงานตามโครงการบริเวณ จุดจอดบางขุนเทียน\nในพื้นที่โซน 4 การออกปฏิบัติการการแพทย์ฉุกเฉินประจำเดือนธันวาคม 2566 จำนวน 94 ครั้ง\n        จุดจอดที่ 10 ดำเนินการจัดชุดปฏิบัติการปฏิบัติงานตามโครงการบริเวณ จุดจอดวัดวิมุตยาราม \nในพื้นที่โซน 1 การออกปฏิบัติการการแพทย์ฉุกเฉินประจำเดือนธันวาคม 2566 จำนวน 101 ครั้ง\n        จุดจอดที่ 11 ดำเนินการจัดชุดปฏิบัติการปฏิบัติงานตามโครงการบริเวณ จุดจอดบางบอน\nในพื้นที่โซน 3,4 การออกปฏิบัติการการแพทย์ฉุกเฉินประจำเดือนธันวาคม 2566 จำนวน 119 ครั้ง\n        จุดจอดที่ 12 ดำเนินการจัดชุดปฏิบัติการปฏิบัติงานตามโครงการบริเวณ จุดจอดสะพานสูง\nในพื้นที่โซน 9 การออกปฏิบัติการการแพทย์ฉุกเฉินประจำเดือนธันวาคม 2566 จำนวน 81 ครั้ง\n        จุดจอดที่ 13 ดำเนินการจัดชุดปฏิบัติการปฏิบัติงานตามโครงการบริเวณ จุดจอดศูนย์กีฬาทางน้ำบึงหนองบอน ในพื้นที่โซน 7 การออกปฏิบัติการการแพทย์ฉุกเฉินประจำเดือนธันวาคม 2566 จำนวน 75 ครั้ง\n        จุดจอดที่ 14 ดำเนินการจัดชุดปฏิบัติการปฏิบัติงานตามโครงการบริเวณ จุดจอดศูนย์กีฬาประชานิเวศน์\nในพื้นที่โซน 7 การออกปฏิบัติการการแพทย์ฉุกเฉินประจำเดือนธันวาคม 2566 จำนวน 117 ครั้ง\n        จุดจอดที่ 15 ดำเนินการจัดชุดปฏิบัติการปฏิบัติงานตามโครงการบริเวณ จุดจอดสถานีดับเพลิงและกู้ภัยลาดยาวในพื้นที่โซน 7 การออกปฏิบัติการการแพทย์ฉุกเฉินประจำเดือนธันวาคม 2566 จำนวน 93 ครั้ง, ', 'ไม่มี', 1, '726_Ambulance Parking 14,15.pdf'),
(30, '10', 1, '22', 'โครงการพัฒนาศักยภาพศูนย์รับแจ้งเหตุฉุกเฉินการแพทย์', 'นายทะเนตร์ สายมัน', 4, '21,359,510, 0, 0', '0, 0, 0', '2.1 เพื่อพัฒนาศักยภาพศูนย์รับแจ้งเหตุฉุกเฉินการแพทย์ ให้มีประสิทธิภาพสูงสุด สามารถให้บริการได้อย่างรวดเร็วและทั่วถึงในพื้นที่กรุงเทพมหานคร\n2.2 เพื่อให้ประชาชนในพื้นที่กรุงเทพมหานคร ได้รับการดูแลด้านการแพทย์ฉุกเฉินที่มีมาตรฐานปลอดภัย และรวดเร็ว เป็นไปตามที่กฎหมายกำหนด\n2.3 เพื่อนำเอาระบบเทคโนโลยีสารสนเทศเข้ามาส่งเสริมและสนับสนุนให้งานด้านการแพทย์ฉุกเฉินกรุงเทพมหานคร มีประสิทธิภาพมากยิ่งขึ้น\n', '3.1 พัฒนาระบบเทคโนโลยีสารสนเทศสำหรับระบบบริการการแพทย์ฉุกเฉินขึ้นระบบคลาวน์ (Cloud Server)\n	3.1.1 ดำเนินการเช่าระบบคลาวน์ (Cloud Server) จำนวน 1 ระบบ\n	3.1.2 ดำเนินการโอนย้ายระบบเทคโนโลยีสารสนเทศสำหรับระบบบริการการแพทย์ฉุกเฉินขึ้นระบบคลาวน์ (Cloud Server) จำนวน 1 ระบบ\n	3.1.3 ดำเนินการโอนย้ายระบบโทรศัพท์ (Call Center) ขึ้นระบบคลาวน์ (Cloud Server) จำนวน 30 คู่สาย\n	3.1.4 ดำเนินการพัฒนาโปรแกรมระบบเทคโนโลยีสารสนเทศสำหรับระบบบริการการแพทย์ฉุกเฉิน\n3.2 พัฒนาระบบติดตามตำแหน่งรถบริการการแพทย์ฉุกเฉิน (GPS Tracking)\n	3.2.1 จัดซื้ออุปกรณ์บันทึกภาพ (CCTV) ระบบติดตามตำแหน่ง (GPS) และเครื่องอ่านบัตรแถบชนิดแม่เหล็ก ให้แก่รถบริการการแพทย์ฉุกเฉินของศูนย์บริการการแพทย์ฉุกเฉินกรุงเทพมหานคร (ศูนย์เอราวัณ) และโรงพยาบาลในสังกัดสำนักการแพทย์ จำนวน 80 คัน\n	3.2.2 จัดซื้ออุปกรณ์ Tablet สำหรับหน่วยปฏิบัติการในการประสานงานรับส่งข้อมูล จำนวน 100 เครื่อง\n	3.2.3 ดำเนินการพัฒนาโปรแกรมระบบควบคุมและติดตามรถบริการการแพทย์ฉุกเฉิน จำนวน 1 ระบบ\n', '1. ดำเนินการศึกษา วางแผนและวิเคราะห์ระบบ\n2. เสนอขออนุมัติโครงการจากคณะกรรมการบริหารสารสนเทศและผู้บริหารสำนักการแพทย์\n3. เสนอขอความเห็นชอบโครงการจากคณะกรรมการดิจิทัลกรุงเทพมหานคร\n4. คณะกรรมการจัดทำแผนจัดซื้อจัดจ้าง พร้อมทั้งจัดทำร่างขอบเขตของงาน (TOR)\n5. ดำเนินการจัดซื้อจัดจ้าง\n6. อยู้ระหว่างฝ่ายนิติการตรวจร่างสัญญา และเสนอลงนามสัญญาเพื่อดำเนินงานโครงการฯ, ', 'ไม่มี', 1, ''),
(31, '19', 1, '29', 'กิจกรรมการให้บริการประชาชนผู้เจ็บป่วยฉุกเฉินด้วยรถจักรยานยนต์ฉุกเฉินทางการแพทย์ (Motorlance) ', 'นายนารอน แสนทวีผล, น.ส. กนกวรรณ สุขมา', 4, '0, 0, 0', '0, 0, 0', '1. เพื่อให้ประชาชนที่เจ็บป่วยวิกฤตฉุกเฉินได้รับการช่วยเหลือ ณ ที่เกิดเหตุจากบุคลากรทางการแพทย์ที่มีความรู้ความสามารถ อย่างทั่วถึง และรวดเร็วมากขึ้น\n2. เพื่อเป็นการเพิ่มโอกาสในการเข้าถึงบริการการแพทย์ฉุกเฉินให้กับประชาชนผู้ขอความช่วยเหลือผ่านหมายเลข 1646 1669\n', 'จัดให้มีบริการการแพทย์ฉุกเฉินด้วยรถจักรยานยนต์ฉุกเฉินทางการแพทย์ (Motorlance) ให้แก่ประชาชนที่เจ็บป่วยฉุกเฉินในพื้นที่กรุงเทพมหานคร', '- ศูนย์เอราวัณดำเนินการออกแบบการจัดเก็บข้อมูลการให้บริการการแพทย์ฉุกเฉินด้วยรถจักรยานยนต์ฉุกเฉินทางการแพทย์ (Motorlance) ที่ให้บริการแก่ประชาชนผู้เจ็บป่วยฉุกเฉิน และปรับปรุงระบบสารสนเทศสนับสนุนการให้บริการการแพทย์ฉุกเฉินเพื่อรองรับการบันทึกข้อมูลการให้บริการของโรงพยาบาลเครือข่ายที่ให้บริการรถจักรยานยนต์ฉุกเฉินทางการแพทย์ (Motorlance)\n- ดำเนินการเก็บข้อมูลสถิติการให้บริการรายเดือน\n, ', 'ไม่มี', 1, '400_Motorlance Service stat.');
INSERT INTO `event` (`ev_id`, `fm_id`, `ev_qur`, `fms_id`, `ev_name`, `ev_res`, `ev_status`, `ev_budget`, `ev_buded`, `ev_point`, `ev_target`, `ev_result`, `ev_problem`, `ev_str`, `ev_img`) VALUES
(32, '20', 1, '30', 'โครงการเพิ่มประสิทธิภาพการเข้าถึงเพื่อช่วยเหลือผู้เจ็บป่วยฉุกเฉินระบบบริการการแพทย์ฉุกเฉินกรุงเทพมหานคร', 'นายนารอน แสนทวีผล, น.ส. กนกวรรณ สุขมา', 4, '24,000,000, 27,880,500 , 0', '0, 0, 0', '1. เพื่อให้ประชาชนที่เจ็บป่วยวิกฤตฉุกเฉินได้รับการช่วยเหลือ ณ ที่เกิดเหตุจากบุคลากรทางการแพทย์ที่มีความรู้ความสามารถอย่างทั่วถึงรวดเร็วมากขึ้น\n2. เพื่อให้มีบุคลากรปฏิบัติงานในระบบบริการการแพทย์ฉุกเฉินกรุงเทพมหานครอย่างเพียงพอ\n3. เพื่อเป็นการเพิ่มโอกาสในการเข้าถึงบริการการแพทย์ฉุกเฉินให้กับประชาชนผู้ขอความช่วยเหลือผ่านหมายเลข 1646, 1669\n', 'เพื่อจัดให้มีชุดปฏิบัติการการแพทย์ฉุกเฉินระดับสูง (Advanced Life Support) และชุดปฏิบัติการการแพทย์ฉุกเฉินระดับพื้นฐาน (Basic Life Support) ในพื้นที่กรุงเทพมหานคร จำนวน 15 จุด โดยแต่ละจุดประกอบด้วยบุคลากร พยาบาลวิชาชีพหรือนักปฏิบัติการฉุกเฉินการแพทย์ จำนวน 1 คน ต่อผลัด เจ้าหน้าที่เวชกรฉุกเฉินระดับพื้นฐานหรือพนักงานฉุกเฉินการแพทย์ หรือพนักงานช่วยเหลือคนไข้ หรือลูกจ้างที่ผ่านการอบรมเวชกรฉุกเฉินระดับพื้นฐานหรือหลักสูตรพนักงานฉุกเฉินการแพทย์ จำนวน 2 คน ต่อผลัด พนักงานขับรถยนต์ หรือเจ้าหน้าที่เวชกรฉุกเฉินระดับพื้นฐานทำหน้าที่พนักงานขับรถยนต์ หรือพนักงานขับรถยนต์ซึ่งเป็นบุคคลภายนอกที่ผ่านการอบรมหลักสูตร เวชกรฉุกเฉินระดับพื้นฐาน จำนวน 1 คน ต่อผลัด โดยปฏิบัติงานเป็นผลัดๆ ละ 8 ชั่วโมง \nรวมวันละ 3 ผลัด และจัดหาพื้นที่จุดจอดเพื่อให้บริการเพิ่มขึ้นในปีงบประมาณ พ.ศ.2567 จำนวน 2 จุด รวมเป็น 15 จุด\n', 'ดำเนินการจัดชุดปฏิบัติการปฏิบัติงานตามโครงการฯ ทั้งสิ้น 13 จุดจอด และจัดหาพื้นที่จุดจอดที่ 14 และ 15 ในปีงบประมาณ พ.ศ.2567  มีการให้บริการแยกตามจุดจอด ดังนี้\n                        จุดจอดที่ 1 จุดจอดใต้ทางด่วนประชาชื่น\n                        จุดจอดที่ 2 จุดจอดตลิ่งชัน\n			จุดจอดที่ 3 จุดจอดศูนย์พัฒนากีฬากองทัพบก (รามอินทรา)\n			จุดจอดที่ 4 จุดจอดสำนักงานเขตลาดพร้าว\n			จุดจอดที่ 5 จุดจอดสำนักงานเขตบางนา\n			จุดจอดที่ 6 จุดจอดสำนักงานเขตวังทองหลาง \n			จุดจอดที่ 7 จุดจอดทุ่งครุ (ซ.ประชาอุทิศ 90)\n			จุดจอดที่ 8 จุดจอดคลองสามวา\n			จุดจอดที่ 9 จุดจอดบางขุนเทียน\n                        จุดจอดที่ 10 จุดจอดวัดวิมุตยาราม \n			จุดจอดที่ 11 จุดจอดศูนย์กีฬาเฉลิมพระเกียรติ 84 พรรษา (บางบอน) \n			จุดจอดที่ 12 จุดจอดสำนักงานเขตสะพานสูง \n			จุดจอดที่ 13 ศูนย์กีฬาทางน้ำบึงหนองบอน \n			จุดจอดที่ 14 ศูนย์กีฬาประชานิเวศน์ (เปิดให้บริการเมื่อวันที่ 2 ต.ค. 2566)\n			จุดจอดที่ 15 สถานีดับเพลิงและกู้ภัยลาดยาว (เปิดให้บริการเมื่อวันที่ 2 ต.ค. 2566)\nผลการดำเนินงานการออกให้บริการการแพทย์ฉุกเฉินทั้ง 15 จุด ดังนี้\n                        จุดจอดที่ 1 ดำเนินการจัดชุดปฏิบัติการปฏิบัติงานตามโครงการบริเวณ จุดจอดโยธา\nในพื้นที่โซน 1,7,8 การออกปฏิบัติการการแพทย์ฉุกเฉินประจำเดือนธันวาคม 2566 จำนวน 90 ครั้ง\n                        จุดจอดที่ 2 ดำเนินการจัดชุดปฏิบัติการปฏิบัติงานตามโครงการบริเวณ จุดจอดตลิ่งชัน\nในพื้นที่โซน 1,3 การออกปฏิบัติการการแพทย์ฉุกเฉินประจำเดือนธันวาคม 2566 จำนวน 158 ครั้ง  \n                        จุดจอดที่ 3 ดำเนินการจัดชุดปฏิบัติการปฏิบัติงานตามโครงการบริเวณ จุดจอดศูนย์พัฒนากีฬากองทัพบก รามอินทราในพื้นที่โซน 6,7 การออกปฏิบัติการการแพทย์ฉุกเฉินประจำเดือนธันวาคม 2566 จำนวน 133 ครั้ง  \n                       จุดจอดที่ 4 ดำเนินการจัดชุดปฏิบัติการปฏิบัติงานตามโครงการบริเวณ จุดจอดสำนักงานเขตลาดพร้าวในพื้นที่โซน 7,8,9 การออกปฏิบัติการการแพทย์ฉุกเฉินประจำเดือนธันวาคม 2566 จำนวน 147 ครั้ง \n                       จุดจอดที่ 5 ดำเนินการจัดชุดปฏิบัติการปฏิบัติงานตามโครงการบริเวณ จุดจอดสำนักงานเขตบางนา\nในพื้นที่โซน 5 การออกปฏิบัติการการแพทย์ฉุกเฉินประจำเดือนธันวาคม 2566 จำนวน 159 ครั้ง  \n                       จุดจอดที่ 6 ดำเนินการจัดชุดปฏิบัติการปฏิบัติงานตามโครงการบริเวณ จุดจอดสำนักเขตวังทองหลางในพื้นที่โซน 6,9 การออกปฏิบัติการการแพทย์ฉุกเฉินประจำเดือนธันวาคม 2566 จำนวน 100 ครั้ง  \n                       จุดจอดที่ 7 ดำเนินการจัดชุดปฏิบัติการปฏิบัติงานตามโครงการบริเวณ จุดจอดทุ่งครุ ประชาอุทิศ\nในพื้นที่โซน 3,4 การออกปฏิบัติการการแพทย์ฉุกเฉินประจำเดือนธันวาคม 2566 จำนวน 136 ครั้ง \n                       จุดจอดที่ 8 ดำเนินการจัดชุดปฏิบัติการปฏิบัติงานตามโครงการบริเวณ จุดจอดคลองสามวา\nในพื้นที่โซน 6 การออกปฏิบัติการการแพทย์ฉุกเฉินประจำเดือนธันวาคม 2566 จำนวน 102 ครั้ง\n                       จุดจอดที่ 9 ดำเนินการจัดชุดปฏิบัติการปฏิบัติงานตามโครงการบริเวณ จุดจอดบางขุนเทียน\nในพื้นที่โซน 4 การออกปฏิบัติการการแพทย์ฉุกเฉินประจำเดือนธันวาคม 2566 จำนวน 94 ครั้ง\n                       จุดจอดที่ 10 ดำเนินการจัดชุดปฏิบัติการปฏิบัติงานตามโครงการบริเวณ จุดจอดวัดวิมุตยาราม \nในพื้นที่โซน 1 การออกปฏิบัติการการแพทย์ฉุกเฉินประจำเดือนธันวาคม 2566 จำนวน 101 ครั้ง\n                       จุดจอดที่ 11 ดำเนินการจัดชุดปฏิบัติการปฏิบัติงานตามโครงการบริเวณ จุดจอดบางบอน\nในพื้นที่โซน 3,4 การออกปฏิบัติการการแพทย์ฉุกเฉินประจำเดือนธันวาคม 2566 จำนวน 119 ครั้ง\n                       จุดจอดที่ 12 ดำเนินการจัดชุดปฏิบัติการปฏิบัติงานตามโครงการบริเวณ จุดจอดสะพานสูง\nในพื้นที่โซน 9 การออกปฏิบัติการการแพทย์ฉุกเฉินประจำเดือนธันวาคม 2566 จำนวน 81 ครั้ง\n                       จุดจอดที่ 13 ดำเนินการจัดชุดปฏิบัติการปฏิบัติงานตามโครงการบริเวณ จุดจอดศูนย์กีฬาทางน้ำบึงหนองบอนในพื้นที่โซน 7 การออกปฏิบัติการการแพทย์ฉุกเฉินประจำเดือนธันวาคม 2566 จำนวน 75 ครั้ง\n                       จุดจอดที่ 14 ดำเนินการจัดชุดปฏิบัติการปฏิบัติงานตามโครงการบริเวณ จุดจอดศูนย์กีฬาประชานิเวศน์ในพื้นที่โซน 7 การออกปฏิบัติการการแพทย์ฉุกเฉินประจำเดือนธันวาคม 2566 จำนวน 117 ครั้ง\n                       จุดจอดที่ 15 ดำเนินการจัดชุดปฏิบัติการปฏิบัติงานตามโครงการบริเวณ จุดจอดสถานีดับเพลิงและกู้ภัยลาดยาวในพื้นที่โซน 7 การออกปฏิบัติการการแพทย์ฉุกเฉินประจำเดือนธันวาคม 2566 จำนวน 93 ครั้ง, ', 'ไม่มี', 1, '594_Ambulance Parking 14,15.pdf'),
(33, '31', 1, '40', 'กิจกรรมให้การสนับสนุนวิทยากรฝึกอบรมการช่วยฟื้นคืนชีพขั้นพื้นฐาน(CPR) และการใช้เครื่องกระตุกหัวใจไฟฟ้าอัตโนมัติ (AED) ในโรงเรียน ', 'น.ส. กนกวรรณ สุขมา', 4, '0, 0, 0', '0, 0, 0', '1. เพื่อเป็นการเผยแพร่ความรู้ ความเข้าใจ ในการให้ความช่วยเหลือผู้เจ็บป่วยฉุกเฉิน การแจ้งเหตุเจ็บป่วยฉุกเฉิน และการปฐมพยาบาลเบื้องต้น แก่นักเรียนกลุ่มเป้าหมาย\n2. นักเรียนกลุ่มเป้าหมายได้รับการพัฒนาทักษะ ฝึกปฏิบัติ การให้ความช่วยเหลือผู้เจ็บป่วยฉุกเฉิน การแจ้งเหตุเจ็บป่วยฉุกเฉิน และการปฐมพยาบาลเบื้องต้น\n', 'นักเรียนกลุ่มเป้าหมายของโรงเรียนทั้งในและนอกสังกัดกรุงเทพมหานคร ได้รับการสนับสนุนวิทยากรจากส่วนราชการในสังกัดสำนักการแพทย์ ในการฝึกทักษะการปฐมพยาบาลเบื้องต้น การช่วยฟื้นคืนชีพขั้นพื้นฐาน (CPR) และการใช้เครื่องกระตุกหัวใจไฟฟ้าอัตโนมัติ (AED)', ' - ศูนย์เอราวัณ และส่วนราชการในสังกัดสำนักการแพทย์ ให้การสนับสนุนวิทยากร ในการฝึกอบรมเผยแพร่ความรู้ ความเข้าใจ ในการให้ความช่วยเหลือผู้เจ็บป่วยฉุกเฉิน การแจ้งเหตุเจ็บป่วยฉุกเฉิน และการปฐมพยาบาลเบื้องต้น ให้แก่ โรงเรียนทั้งในและนอกสังกัดกรุงเทพมหานคร\n- ศูนย์เอราวัณดำเนินการเก็บรวบรวมข้อมูลสถิติของโรงพยาบาลในสังกัดสำนักการแพทย์ที่ให้การสนับสนุนวิทยากรจัดการเรียนการสอนให้แก่นักเรียนกลุ่มเป้าหมาย\n, ', 'ไม่มี', 1, ''),
(34, '33', 1, '41', 'กิจกรรมการสารวจและรวบรวมข้อมูลการติดตั้งเครื่อง AED ในพื้นที่สาธารณะและชุมชน ', 'นายทัศไนย ลิ้มเจียมรังษี', 4, '0, 0, 0', '0, 0, 0', '1. เพื่อให้มีฐานข้อมูลจำนวน และสถานที่ติดตั้งเครื่องกระตุกหัวใจไฟฟ้า (AED) ในพื้นที่ของกรุงเทพมหานคร\n2. เพื่อให้กรุงเทพมหานครมีศักยภาพ และภาพลักษณ์ที่ดีในการให้ความสำคัญด้านการแพทย์ฉุกเฉิน และการดูแลผู้ป่วยที่มีภาวะหัวใจหยุดเต้น และหมดสติในพื้นที่สาธารณะ\n', 'การสำรวจข้อมูลการติดตั้งเครื่องกระตุกหัวใจไฟฟ้า (AED) ในพื้นที่ที่มีความจำเป็นและมีความต้องการจากข้อมูลการสำรวจในพื้นที่สาธารณะและชุมชนในเขตกรุงเทพมหานคร', '- ศูนย์เอราวัณ สำรวจข้อมูลพื้นที่ที่มีความจำเป็นและมีความต้องการจะติดตั้งเครื่องกระตุกหัวใจไฟฟ้า (AED) ของหน่วยงานในสังกัดกรุงเทพมหานคร\n- ศูนย์เอราวัณรวบรวมข้อมูลจากการสำรวจ และจัดทำฐานข้อมูลจำนวน และสถานที่ติดตั้งของเครื่องกระตุกหัวใจไฟฟ้า (AED) ในพื้นที่กรุงเทพมหานคร ลงในเว็บไซต์ https://healthmap.bangkok.go.th, ', 'ไม่มี', 1, ''),
(35, '31', 1, '40', 'กิจกรรมให้การสนับสนุนวิทยากรฝึกอบรมการช่วยฟื้นคืนชีพขั้นพื้นฐาน(CPR) และการใช้เครื่องกระตุกหัวใจไฟฟ้าอัตโนมัติ (AED) ในโรงเรียน', 'น.ส. กนกวรรณ สุขมา', 4, '0, 0, 0', '0, 0, 0', '1. เพื่อเป็นการเผยแพร่ความรู้ ความเข้าใจ ในการให้ความช่วยเหลือผู้เจ็บป่วยฉุกเฉิน การแจ้งเหตุเจ็บป่วยฉุกเฉิน และการปฐมพยาบาลเบื้องต้น แก่นักเรียนกลุ่มเป้าหมาย\n2. นักเรียนกลุ่มเป้าหมายได้รับการพัฒนาทักษะ ฝึกปฏิบัติ การให้ความช่วยเหลือผู้เจ็บป่วยฉุกเฉิน การแจ้งเหตุเจ็บป่วยฉุกเฉิน และการปฐมพยาบาลเบื้องต้น\n', 'นักเรียนกลุ่มเป้าหมายของโรงเรียนในสังกัดกรุงเทพมหานคร ได้รับการสนับสนุนวิทยากรจากส่วนราชการในสังกัดสำนักการแพทย์ ในการฝึกทักษะการปฐมพยาบาลเบื้องต้น การช่วยฟื้นคืนชีพขั้นพื้นฐาน (CPR) และการใช้เครื่องกระตุกหัวใจไฟฟ้าอัตโนมัติ (AED)', ' - ศูนย์เอราวัณ และส่วนราชการในสังกัดสำนักการแพทย์ ให้การสนับสนุนวิทยากร ในการฝึกอบรมเผยแพร่ความรู้ ความเข้าใจ ในการให้ความช่วยเหลือผู้เจ็บป่วยฉุกเฉิน การแจ้งเหตุเจ็บป่วยฉุกเฉิน และการปฐมพยาบาลเบื้องต้น ให้แก่โรงเรียนในสังกัดกรุงเทพมหานคร \n - ศูนย์เอราวัณดำเนินการเก็บรวบรวมข้อมูลสถิติของโรงพยาบาลในสังกัดสำนักการแพทย์ที่ให้การสนับสนุนวิทยากรจัดการเรียนการสอนให้แก่นักเรียนกลุ่มเป้าหมาย\n, ', 'ไม่มี', 1, ''),
(36, '20.2', 1, '30', 'โครงการเพิ่มประสิทธิภาพการเข้าถึงเพื่อช่วยเหลือผู้เจ็บป่วยฉุกเฉินในระบบบริการการแพทย์ฉุกเฉินกรุงเทพมหานคร', 'นายนารอน แสนทวีผล, น.ส. กนกวรรณ สุขมา', 4, '24,000,000, 27,880,500 , 0', '0, 0, 0', '1. เพื่อให้ประชาชนที่เจ็บป่วยวิกฤตฉุกเฉินได้รับการช่วยเหลือ ณ ที่เกิดเหตุจากบุคลากรทางการแพทย์ที่มีความรู้ความสามารถอย่างทั่วถึงรวดเร็วมากขึ้น\n2. เพื่อให้มีบุคลากรปฏิบัติงานในระบบบริการการแพทย์ฉุกเฉินกรุงเทพมหานครอย่างเพียงพอ\n3. เพื่อเป็นการเพิ่มโอกาสในการเข้าถึงบริการการแพทย์ฉุกเฉินให้กับประชาชนผู้ขอความช่วยเหลือผ่านหมายเลข 1646, 1669\n', 'เพื่อจัดให้มีชุดปฏิบัติการการแพทย์ฉุกเฉินระดับสูง (Advanced Life Support) และชุดปฏิบัติการการแพทย์ฉุกเฉินระดับพื้นฐาน (Basic Life Support) ในพื้นที่กรุงเทพมหานคร จำนวน 15 จุด โดยแต่ละจุดประกอบด้วยบุคลากร พยาบาลวิชาชีพหรือนักปฏิบัติการฉุกเฉินการแพทย์ จำนวน 1 คน ต่อผลัด เจ้าหน้าที่เวชกรฉุกเฉินระดับพื้นฐานหรือพนักงานฉุกเฉินการแพทย์ หรือพนักงานช่วยเหลือคนไข้ หรือลูกจ้างที่ผ่านการอบรมเวชกรฉุกเฉินระดับพื้นฐานหรือหลักสูตรพนักงานฉุกเฉินการแพทย์ จำนวน 2 คน ต่อผลัด พนักงานขับรถยนต์ หรือเจ้าหน้าที่เวชกรฉุกเฉินระดับพื้นฐานทำหน้าที่พนักงานขับรถยนต์ หรือพนักงานขับรถยนต์ซึ่งเป็นบุคคลภายนอกที่ผ่านการอบรมหลักสูตร เวชกรฉุกเฉินระดับพื้นฐาน จำนวน 1 คน ต่อผลัด โดยปฏิบัติงานเป็นผลัดๆ ละ 8 ชั่วโมง \nรวมวันละ 3 ผลัด และจัดหาพื้นที่จุดจอดเพื่อให้บริการเพิ่มขึ้นในปีงบประมาณ พ.ศ.2567 จำนวน 2 จุด รวมเป็น 15 จุด\n', 'ดำเนินการจัดชุดปฏิบัติการปฏิบัติงานตามโครงการฯ ทั้งสิ้น 13 จุดจอด และจัดหาพื้นที่จุดจอดที่ 14 และ 15 ในปีงบประมาณ พ.ศ.2567  มีการให้บริการแยกตามจุดจอด ดังนี้\nจุดจอดที่ 1 จุดจอดใต้ทางด่วนประชาชื่น\nจุดจอดที่ 2 จุดจอดตลิ่งชัน\nจุดจอดที่ 3 จุดจอดศูนย์พัฒนากีฬากองทัพบก (รามอินทรา)\nจุดจอดที่ 4 จุดจอดสำนักงานเขตลาดพร้าว\nจุดจอดที่ 5 จุดจอดสำนักงานเขตบางนา\nจุดจอดที่ 6 จุดจอดสำนักงานเขตวังทองหลาง \nจุดจอดที่ 7 จุดจอดทุ่งครุ (ซ.ประชาอุทิศ 90)\nจุดจอดที่ 8 จุดจอดคลองสามวา\nจุดจอดที่ 9 จุดจอดบางขุนเทียน\nจุดจอดที่ 10 จุดจอดวัดวิมุตยาราม \nจุดจอดที่ 11 จุดจอดศูนย์กีฬาเฉลิมพระเกียรติ 84 พรรษา (บางบอน) \nจุดจอดที่ 12 จุดจอดสำนักงานเขตสะพานสูง \nจุดจอดที่ 13 ศูนย์กีฬาทางน้ำบึงหนองบอน \nจุดจอดที่ 14 ศูนย์กีฬาประชานิเวศน์ (เปิดให้บริการเมื่อวันที่ 2 ต.ค. 2566)\nจุดจอดที่ 15 สถานีดับเพลิงและกู้ภัยลาดยาว (เปิดให้บริการเมื่อวันที่ 2 ต.ค. 2566)\nผลการดำเนินงาน\nจุดจอดที่ 1 ดำเนินการจัดชุดปฏิบัติการปฏิบัติงานตามโครงการบริเวณ จุดจอดโยธา\nในพื้นที่โซน 1,7,8 การออกปฏิบัติการการแพทย์ฉุกเฉินประจำเดือนธันวาคม 2566 จำนวน 90 ครั้ง\nจุดจอดที่ 2 ดำเนินการจัดชุดปฏิบัติการปฏิบัติงานตามโครงการบริเวณ จุดจอดตลิ่งชัน\nในพื้นที่โซน 1,3 การออกปฏิบัติการการแพทย์ฉุกเฉินประจำเดือนธันวาคม 2566 จำนวน 158 ครั้ง  \nจุดจอดที่ 3 ดำเนินการจัดชุดปฏิบัติการปฏิบัติงานตามโครงการบริเวณ จุดจอดศูนย์พัฒนากีฬากองทัพบก รามอินทรา\nในพื้นที่โซน 6,7 การออกปฏิบัติการการแพทย์ฉุกเฉินประจำเดือนธันวาคม 2566 จำนวน 133 ครั้ง  \nจุดจอดที่ 4 ดำเนินการจัดชุดปฏิบัติการปฏิบัติงานตามโครงการบริเวณ จุดจอดสำนักงานเขตลาดพร้าว\nในพื้นที่โซน 7,8,9 การออกปฏิบัติการการแพทย์ฉุกเฉินประจำเดือนธันวาคม 2566 จำนวน 147 ครั้ง \nจุดจอดที่ 5 ดำเนินการจัดชุดปฏิบัติการปฏิบัติงานตามโครงการบริเวณ จุดจอดสำนักงานเขตบางนา\nในพื้นที่โซน 5 การออกปฏิบัติการการแพทย์ฉุกเฉินประจำเดือนธันวาคม 2566 จำนวน 159 ครั้ง  \nจุดจอดที่ 6 ดำเนินการจัดชุดปฏิบัติการปฏิบัติงานตามโครงการบริเวณ จุดจอดสำนักเขตวังทองหลาง\nในพื้นที่โซน 6,9 การออกปฏิบัติการการแพทย์ฉุกเฉินประจำเดือนธันวาคม 2566 จำนวน 100 ครั้ง  \nจุดจอดที่ 7 ดำเนินการจัดชุดปฏิบัติการปฏิบัติงานตามโครงการบริเวณ จุดจอดทุ่งครุ ประชาอุทิศ\nในพื้นที่โซน 3,4 การออกปฏิบัติการการแพทย์ฉุกเฉินประจำเดือนธันวาคม 2566 จำนวน 136 ครั้ง \nจุดจอดที่ 8 ดำเนินการจัดชุดปฏิบัติการปฏิบัติงานตามโครงการบริเวณ จุดจอดคลองสามวา\nในพื้นที่โซน 6 การออกปฏิบัติการการแพทย์ฉุกเฉินประจำเดือนธันวาคม 2566 จำนวน 102 ครั้ง\nจุดจอดที่ 9 ดำเนินการจัดชุดปฏิบัติการปฏิบัติงานตามโครงการบริเวณ จุดจอดบางขุนเทียน\nในพื้นที่โซน 4 การออกปฏิบัติการการแพทย์ฉุกเฉินประจำเดือนธันวาคม 2566 จำนวน 94 ครั้ง\nจุดจอดที่ 10 ดำเนินการจัดชุดปฏิบัติการปฏิบัติงานตามโครงการบริเวณ จุดจอดวัดวิมุตยาราม \nในพื้นที่โซน 1 การออกปฏิบัติการการแพทย์ฉุกเฉินประจำเดือนธันวาคม 2566 จำนวน 101 ครั้ง\nจุดจอดที่ 11 ดำเนินการจัดชุดปฏิบัติการปฏิบัติงานตามโครงการบริเวณ จุดจอดบางบอน\nในพื้นที่โซน 3,4 การออกปฏิบัติการการแพทย์ฉุกเฉินประจำเดือนธันวาคม 2566 จำนวน 119 ครั้ง\nจุดจอดที่ 12 ดำเนินการจัดชุดปฏิบัติการปฏิบัติงานตามโครงการบริเวณ จุดจอดสะพานสูง\nในพื้นที่โซน 9 การออกปฏิบัติการการแพทย์ฉุกเฉินประจำเดือนธันวาคม 2566 จำนวน 81 ครั้ง\nจุดจอดที่ 13 ดำเนินการจัดชุดปฏิบัติการปฏิบัติงานตามโครงการบริเวณ จุดจอดศูนย์กีฬาทางน้ำบึงหนองบอน\nในพื้นที่โซน 7 การออกปฏิบัติการการแพทย์ฉุกเฉินประจำเดือนธันวาคม 2566 จำนวน 75 ครั้ง\nจุดจอดที่ 14 ดำเนินการจัดชุดปฏิบัติการปฏิบัติงานตามโครงการบริเวณ จุดจอดศูนย์กีฬาประชานิเวศน์\nในพื้นที่โซน 7 การออกปฏิบัติการการแพทย์ฉุกเฉินประจำเดือนธันวาคม 2566 จำนวน 117 ครั้ง\nจุดจอดที่ 15 ดำเนินการจัดชุดปฏิบัติการปฏิบัติงานตามโครงการบริเวณ จุดจอดสถานีดับเพลิงและกู้ภัยลาดยาว\nในพื้นที่โซน 7 การออกปฏิบัติการการแพทย์ฉุกเฉินประจำเดือนธันวาคม 2566 จำนวน 93 ครั้ง\n\n, ', 'ไม่มี', 1, '814_Ambulance Parking 14,15.pdf'),
(37, '32', 1, '40', 'กิจกรรมให้การสนับสนุนวิทยากรฝึกอบรมการช่วยฟื้นคืนชีพขั้นพื้นฐาน(CPR) และการใช้เครื่องกระตุกหัวใจไฟฟ้าอัตโนมัติ (AED) ในโรงเรียน', 'น.ส. กนกวรรณ สุขมา', 4, '0, 0, 0', '0, 0, 0', '1. เพื่อเป็นการเผยแพร่ความรู้ ความเข้าใจ ในการให้ความช่วยเหลือผู้เจ็บป่วยฉุกเฉิน การแจ้งเหตุเจ็บป่วยฉุกเฉิน และการปฐมพยาบาลเบื้องต้น แก่นักเรียนกลุ่มเป้าหมาย\n2. นักเรียนกลุ่มเป้าหมายได้รับการพัฒนาทักษะ ฝึกปฏิบัติ การให้ความช่วยเหลือผู้เจ็บป่วยฉุกเฉิน การแจ้งเหตุเจ็บป่วยฉุกเฉิน และการปฐมพยาบาลเบื้องต้น\n', 'นักเรียนกลุ่มเป้าหมายของโรงเรียนทั้งในและนอกสังกัดกรุงเทพมหานคร ได้รับการสนับสนุนวิทยากรจากส่วนราชการในสังกัดสำนักการแพทย์ ในการฝึกทักษะการปฐมพยาบาลเบื้องต้น การช่วยฟื้นคืนชีพขั้นพื้นฐาน (CPR) และการใช้เครื่องกระตุกหัวใจไฟฟ้าอัตโนมัติ (AED)', '- ศูนย์เอราวัณ และส่วนราชการในสังกัดสำนักการแพทย์ ให้การสนับสนุนวิทยากร ในการฝึกอบรมเผยแพร่ความรู้ ความเข้าใจ ในการให้ความช่วยเหลือผู้เจ็บป่วยฉุกเฉิน การแจ้งเหตุเจ็บป่วยฉุกเฉิน และการปฐมพยาบาลเบื้องต้น ให้แก่ โรงเรียนทั้งในและนอกสังกัดกรุงเทพมหานคร \n- ศูนย์เอราวัณดำเนินการเก็บรวบรวมข้อมูลสถิติของโรงพยาบาลในสังกัดสำนักการแพทย์ที่ให้การสนับสนุนวิทยากรจัดการเรียนการสอนให้แก่นักเรียนกลุ่มเป้าหมาย\n, ', 'ไม่มี', 1, ''),
(38, '29', 1, '38', 'เปิดให้บริการศูนย์สนับสนุนบริการเวชศาสตร์เขตเมือง (Urban Medicine Service Center; UMSC)', 'นายกรณ์ นงค์กระโทก', 4, '0, 0, ไม่มี', '0, 0, ไม่มี', '2.1 ประชาชนในเขตสุขภาพกรุงเทพมหานครเข้าถึงบริการสุขภาพได้ง่ายทั่วถึงสู่เส้นเลือดฝอย\n     2.2 ประชาชนในเขตสุขภาพกรุงเทพมหานครได้รับบริการสุขภาพอย่างไร้รอยต่อผ่านเทคโนโลยีสุขภาพ\n     2.3 ประชาชนในเขตสุขภาพกรุงเทพมหานครได้รับบริการทางการแพทย์ฉุกเฉินผ่านเครือข่ายบริการที่มีประสิทธิภาพ\n     2.4 ประชาชนในเขตสุขภาพกรุงเทพมหานครได้รับการป้องกันและดูแลกลุ่มโรคคนเมืองที่สำคัญตามพื้นที่\n     2.5 ประชาชนในเขตสุขภาพกรุงเทพมหานครได้รับการส่งเสริมสุขภาพโดยระบบปฐมภูมิเข้มแข็ง\n', '3.1 สามารถเปิดให้บริการศูนย์สนับสนุนบริการเวชศาสตร์เขตเมือง (UMSC) ได้สำเร็จ ภายในปีงบประมาณ 2567 \n     3.2 สามารถตอบรับการให้บริการให้คำแนะนำปรึกษาปัญหาสุขภาพ ข้อมูลสุขภาพ รับฟังความคิดเห็น ข้อร้องเรียนต่างๆ ผ่านช่องทางออนไลน์ เช่น Line, Facebook, โทรศัพท์ และผ่านศูนย์สนับสนุนบริการเวชศาสตร์เขตเมือง (Urban Medicine Service Center, UMSC) ได้ภายใน 30 นาที มากกว่า ร้อยละ 85\n     3.3ร้อยละ10 ของประชาชน ในเขตพื้นที่บริการของ 7 Health zone ลงทะเบียนเข้าใช้บริการศูนย์ สอบถามปัญหาสุขภาพ Call Center\n     3.4 ประชาชนที่ใช้บริการผ่านศูนย์สนับสนุนบริการเวชศาสตร์เขตเมือง (UMSC) มีความพึงพอใจในระดับดีมากกว่า\nร้อยละ80\n', '1.	จัดทำกิจกรรมเสนอเพื่ออนุมัติการดำเนินงานโครงการเปิดให้บริการศูนย์สนับสนุนบริการเวชศาสตร์เขตเมือง (Urban Medicine Service Center; UMSC) ต่อผู้บริหาร\n2.	แต่งตั้งคณะกรรมการศูนย์เวชศาสตร์เขตเมือง โรงพยาบาลบางนากรุงเทพมหานคร\n3.	จัดทำขั้นตอน/แผนการปฏิบัติงานโครงการเปิดให้บริการศูนย์สนับสนุนบริการเวชศาสตร์เขตเมือง (Urban Medicine Service Center; UMSC) ให้สอดคล้องกับแผนปฏิบัติราชการ ประจำปี พ.ศ. 2567\n1.	จัดทำคู่มือการปฏิบัติงานศูนย์สนับสนุนบริการเวชศาสตร์เขตเมือง (Urban Medicine Service Center; UMSC) \nและสื่อสารให้บุคลากรทุกระดับรับทราบ\n2.	จัดทำโปสเตอร์สื่อประชาสัมพันธ์ผ่านช่องทางออนไลน์และออฟไลน์\n3.	ส่งตัวแทนของโรงพยาบาลเข้าร่วมเป็นคณะคณะทำงานขับเคลื่อนพื้นที่สุขภาพกรุงเทพมหานคร (Bangkok \nHealth Zoning) ให้บริการประชาชน (1 ต.ค. 66 – 15 ธ.ค. 66) จำนวนทั้งสิ้น 1,052 ราย\na.	ให้บริการผ่านช่องทาง Line OA จำนวน 356 ราย\nb.	ให้บริการผ่านทางโทรศัพท์ จำนวน 600 ราย\nc.	ช่องทางอื่น ๆ จำนวน 96 ราย\n4.	สรุปการดำเนินการตามตัวชี้วัด\n-สามารถเปิดให้บริการศูนย์สนับสนุนบริการเวชศาสตร์เขตเมือง (UMSC) ได้สำเร็จ ตั้งแต่วันที่ 2 ตุลาคม 2566\n             -สามารถตอบรับการให้บริการให้คำแนะนำปรึกษาปัญหาสุขภาพ ข้อมูลสุขภาพ รับฟังความคิดเห็น ข้อร้องเรียนต่างๆ ผ่านช่องทางออนไลน์ เช่น Line, Facebook, โทรศัพท์ และผ่านศูนย์สนับสนุนบริการเวชศาสตร์เขตเมือง (Urban Medicine Service Center, UMSC) ได้ภายใน 30 นาที สถิติการให้บริการจำนวน (352/356)คิดเป็นร้อยละ 98.88\n             -ร้อยละของประชาชน ในเขตพื้นที่บริการของ 7 Health zone (ในพื้นที่รับผิดชอบ) ลงทะเบียนเข้าใช้บริการศูนย์ สอบถามปัญหาสุขภาพ Call Center สถิติการให้บริการจำนวน (880/5280) คิดเป็นร้อยละ 16.66\n             -ประชาชนที่ใช้บริการผ่านศูนย์สนับสนุนบริการเวชศาสตร์เขตเมือง (UMSC) มีความพึงพอใจในระดับดีมากกว่า\nสามารถดำเนินการได้ร้อยละ 100\n\nความก้าวหน้ากิจกรรมไตรมาสที่ 1     ร้อยละ 30\nสรุปผลการดำเนินงานตัวชี้วัด : ร้อยละความสำเร็จของการเปิดให้บริการศูนย์สนับสนุนบริการเวชศาสตร์เขตเมือง UMSC ภายในปีงบประมาณ 2567 ร้อยละ 100 (ผลลัพธ์)      \n, , ', '-', 1, ''),
(39, '3.1', 1, '5', 'กิจกรรมการดูแลผู้ป่วยเบาหวานและความดันโลหิตสูงเพื่อป้องกันภาวะแทรกซ้อน', 'นางสาวศศิธร ศิริมงกต', 4, '0, 0, ไม่มี', '0, 0, ไม่มี', '2.1	ประชาชนกลุ่มเป้าหมายได้รับการการคัดกรอง และประเมินความเสี่ยงต่อโรคหัวใจและหลอดเลือด (CVD risk)                 \nและได้รับการตรวจวินิจฉัย หรือได้รับคำแนะนำในกรณีมีความเสี่ยงในระดับสูงขึ้นไป\n2.2 เพื่อให้ผู้ที่มีความเสี่ยงในระดับสูงขึ้นไปสามารถจัดการตนเอง ลดปัจจัยเสี่ยง และปรับพฤติกรรมสุขภาพได้ถูกต้อง   \n          เหมาะสมตามสถานะความเสี่ยง\n', '3.1 อัตราการคัดกรองและประเมินความเสี่ยงในกลุ่มโรคไม่ติดต่อ มากกว่าร้อยละ 20 (ประเมินCVD)\n3.2 ร้อยละ 35 ของผู้ป่วยเบาหวานและความดันโลหิตสูงที่ขึ้นทะเบียนได้รับการประเมินความเสี่ยง CVD risk สูง     \nและเข้าสู่กระบวนการปรับเปลี่ยนพฤติกรรมแล้วมีระดับความเสี่ยง CVD risk ลดลง\n', '1. จัดทำโครงการเสนอเพื่อขออนุมัติการดำเนินการต่อผู้บริหารโรงพยาบาล\n2. แต่งตั้งคณะกรรมการดำเนินงาน\n3. ประชุมวางแผนดำเนินงานและจัดทำแผนการดำเนินงาน\n4. จัดเตรียมความพร้อมด้านอุปกรณ์ เวชภัณฑ์ และด้านบุคลากร สำหรับให้บริการ\n5. ส่งบุคลากรเข้าร่วมประชุม อบรม ความรู้เพื่อพัฒนาศักยภาพในการดูแลผู้ป่วย\n6. ดำเนินงานตามโครงการที่กำหนดไว้   \n        - ประชุมทีม มอบหมายงาน\n        - จัดทำแนวทางปฏิบัติ/แบบประเมิน/เอกสารคำแนะนำต่างๆ\n- ประสานงานกับหน่วยงานที่เกี่ยวข้องและประชาสัมพันธ์ให้บริการ\n    7. ติดตามผลการดำเนินงาน และรายงานความก้าวหน้าเป็นรายไตรมาส\n    8. สรุปสถิติการให้บริการ\n        8.1 จำนวนผู้ป่วยกลุ่มโรคไม่ติดต่อเรื้อรังทั้งหมด 56 ราย ได้รับการคัดกรองและประเมินความเสี่ยง CVD risk          จำนวน 56 ราย คิดเป็นร้อยละ 100 \n        8.2 จำนวนผู้ป่วยเบาหวานและความดันโลหิตสูงที่ขึ้นทะเบียนได้รับการประเมินความเสี่ยง CVD risk สูงทั้งหมด 33 รายและเข้าสู่กระบวนการปรับเปลี่ยนพฤติกรรมแล้วมีระดับความเสี่ยง CVD risk ลดลงจำนวน 12 ราย คิดเป็นร้อยละ 36.36\n\nความก้าวหน้ากิจกรรมไตรมาสที่ 1 ร้อยละ 25\nสรุปผลการดำเนินงานตัวชี้วัด :  ร้อยละของผู้ป่วยเบาหวานและความดันโลหิตสูงที่ขึ้นทะเบียนได้รับการประเมินความเสี่ยง CVD risk สูงและเข้าสู่กระบวนการ มี CVD risk ลดลง (ผลลัพธ์)   \n, ', '-', 1, ''),
(40, '3.2', 1, '7', 'กิจกรรมการคัดกรองภาวะซึมเศร้าในผู้รับบริการโรงพยาบาลสังกัดสำนักการแพทย์', 'นายวรกานต์ บุญปริพันธ์', 4, '0, 0, 0', '0, 0, 0', '     ผู้รับบริการที่ได้รับบริการในโรงพยาบาลที่ได้รับการคัดกรองความเสี่ยงด้านสุขภาพจิตและนำเข้าสู่ระบบการรักษาอย่างต่อเนื่องตามาตรฐานตามที่กรุงเทพมหานครกำหนด', 'เพิ่มขึ้นจากปี 66 ร้อยละ 2', '    ไตรมาสที่ 1 ผลการดำเนินงาน  เดือนตุลาคม 2566 – ธันวาคม 2566 ดังนี้ \n    มีการคัดกรองผู้รับบริการภายในโรงพยาบาลด้านสุขภาพจิตภายในคลินิกผู้สูงอายุและผู้รับบริการที่ได้รับการส่งปรึกษาด้านสุขภาพจิตจากส่วนงานอื่นในโรงพยาบาลเป็นการคัดกรองในเชิงรับ และมีการคัดกรองเชิงรุกในคลินิกฝากครรภ์โดยประเมินในผู้รับบริการการรายใหม่ โดยใช้แบบประเมินภาวะซึมเศร้าด้วยแบบประเมิน 2 คำถาม(2Q) มีรายละเอียดการให้บริการดังนี้  \n-	เดือนตุลาคมมีผู้รับบริการในคลินิกภายในโรงพยาบาลทั้งคลินิกผู้สูงอายุ คลินิกฝากครรภ์รายใหม่ และผู้รับบริการที่ได้รับการส่งปรึกษาด้านสุขภาพจิตจากส่วนงานอื่น จำนวน 112 ราย ได้รับการคัดกรองด้วยแบบประเมินภาวะซึมเศร้าด้วยแบบประเมิน 2 คำถาม (2Q) จำนวน 97 ราย คิดเป็นร้อยละ 86 พบความเสี่ยงด้านสุขภาพจิต จำนวน 5 ราย มีผู้เข้าสู่ระบบการรักษาต่อเนื่อง 0 ราย \n-	เดือนพฤศจิกายน มีผู้รับบริการในคลินิกภายในโรงพยาบาลทั้งคลินิกผู้สูงอายุ คลินิกฝากครรภ์รายใหม่ และผู้รับบริการที่ได้รับการส่งปรึกษาด้านสุขภาพจิตจากส่วนงานอื่น จำนวน 124 ราย ได้รับการคัดกรองด้วยแบบประเมินภาวะซึมเศร้าด้วยแบบประเมิน 2 คำถาม (2Q) จำนวน 99 ราย คิดเป็นร้อยละ 80 พบความเสี่ยงด้านสุขภาพจิต จำนวน 5 ราย มีผู้เข้าสู่ระบบการรักษาต่อเนื่อง 0 ราย \n-	เดือน ธันวาคม มีผู้รับบริการในคลินิกภายในโรงพยาบาลทั้งคลินิกผู้สูงอายุ คลินิกฝากครรภ์รายใหม่ และผู้รับบริการที่ได้รับการส่งปรึกษาด้านสุขภาพจิตจากส่วนงานอื่น จำนวน 120 ราย ได้รับการคัดกรองด้วยแบบประเมินภาวะซึมเศร้าด้วยแบบประเมิน 2 คำถาม (2Q) จำนวน 96 ราย คิดเป็นร้อยละ 80 พบความเสี่ยงด้านสุขภาพจิต จำนวน 5 ราย มีผู้เข้าสู่ระบบการรักษาต่อเนื่อง 0 ราย \nความก้าวหน้าของโครงการไตรมาสที่ 1  ร้อยละ 25\nสรุปผลการดำเนินงานตามกิจกรรมรายไตรมาส 1  \n1.	รวมผู้รับบริการมีผู้รับบริการในคลินิกภายในโรงพยาบาลทั้งคลินิกผู้สูงอายุ คลินิกฝากครรภ์รายใหม่ และผู้รับบริการที่ได้รับการส่งปรึกษาด้านสุขภาพจิตจากส่วนงานอื่นในไตรมาสที่ 1 จำนวน 356 ราย ได้รับการคัดกรองด้วยแบบประเมินภาวะซึมเศร้าด้วยแบบประเมิน 2 คำถาม (2Q) จำนวน 292 ราย พบควาเมสี่ยงด้านสุขภาพจิต 15 ราย นำเข้าสู่ระบบการรักษาต่อเนื่อง 0 ราย  \n2.	รวมผู้รับบริการในโรงพยาบาลได้รับการคัดกรองด้านสุขภาพจิตคิดเป็นร้อยละ 82, ', 'จิตแพทย์อยู่ระหว่างการลาเพื่อศึกษาต่อ ส่งผลต่อการวินิจฉัยและนำเข้าสู่ระบบการรักษาอย่างต่อเนื่องภายในโรงพยาบาล แต่จากการคัดกรองหากพบความเสี่ยงด้านสุขภาพจิต ใช้วิธีการส่งต่อผู้รับบริการไปยังโรงพยาบาลใกล้เคียงที่มีความสามารถในการดูแลด้านสุขภาพจิต เพื่อให้ผู้รับบริการได้รับการดูแลอย่างต่อเนื่อง และคาดว่าโรงพยาบาลสามารถนำผู้รับบริการเข้าสู่ระบบการรักษาต่อเนื่องภายในโรงพยาบาลได้ในปีงบประมาณ พ.ศ. 2567 หลังจากจิตแพทย์กลับจากการลาศึกษาต่อ', 1, ''),
(41, '23', 1, '34', 'กิจกรรมการรักษาพยาบาลด้วยระบบ โทรเวชกรรม (Telemedicine)', 'นางสาวฐิติกาญจน์ เลาหสุรโยธิน', 4, '0, 0, 0', '0, 0, 0', 'สามารถให้บริการด้านการรักษาผู้ป่วยด้วยระบบโทรเวชกรรม (Telemedicine) ในคลินิกของโรงพยาบาลในสังกัดสำนักการแพทย์ ', 'ร้อยละ 30', 'ไตรมาสที่ 1 ผลการดำเนินงาน  เดือนตุลาคม 2566 – ธันวาคม 2566 ดังนี้ \nจำนวนคลินิก 27 คลินิก เปิดให้บริการ 7 คลินิก, ', 'อยู่ระหว่างการดำเนินงานเพื่อหาแนวทางการให้บริการผ่านระบบ telemedicine สำหรับคลินิกต่าง ๆ ในโรงพยาบาล', 1, ''),
(42, '11', 1, '23', 'กิจกรรมการให้บริการศูนย์บริการคนพิการแบบเบ็ดเสร็จในสังกัดสำนักการแพทย์', 'นางสาวรพีพรรณ  คงบุรินทร์', 4, '0, 0, 0', '0, 0, 0', '     เพื่อให้คนพิการสามารถเข้าถึงสิทธิของคนพิการได้สะดวกรวดเร็วขึ้น และลดขั้นตอนกระบวนการในการขึ้นทะเบียนคนพิการได้อย่างมีประสิทธิภาพ ', 'โรงพยาบาลสังกัดสำนักการแพทย์', 'ไตรมาสที่ 1 ผลการดำเนินงาน  เดือนตุลาคม 2566 – ธันวาคม 2566 ดังนี้ \n       -โรงพยาบาลลาดกระบังกรุงเทพมหานคร เปิดให้บริการศูนย์บริการคนพิเศษแบบเบ็ดเสร็จ (One Stop Service)   โดยมีการให้บริการแบบครบวงจรทุกวันพฤหัสบดี  \n         1. ให้บริการตรวจประเมินความพิการและออกเอกสารรับรองความพิการ  จำนวน 22 ราย \n         2. รับคำขอมีบัตรประจำตัวคนพิการ เพื่อดำเนินการออกบัตรประจำตัวคนพิการ จำนวน 100 ราย \n         3. รับแบบคำขอขึ้นทะเบียนรับเงินเบี้ยยังชีพความพิการ เพื่อส่งต่อสำนักงานเขตดำเนินการ จำนวน 14 ราย\n         4. ให้บริการด้านสุขภาพ การตรวจรักษา การฟื้นฟูสมรรถภาพ และการจัดหาอุปกรณ์ช่วยเหลือคนพิการ   \n             จำนวน 89 ราย\n         5. ให้คำปรึกษาเรื่องสิทธิและสวัสดิการ ประสานส่งต่อหน่วยงานที่เกี่ยวข้องในพื้นที่ เช่น เงินสงเคราะห์ การปรับสภาพแวดล้อมที่อยู่อาศัย อาชีพ เป็นต้น จำนวน 78 ราย         \nความก้าวหน้าของโครงการไตรมาสที่ 1  ร้อยละ 25\n, ', 'ไม่มี', 1, '');

-- --------------------------------------------------------

--
-- Table structure for table `form`
--

CREATE TABLE `form` (
  `fm_id` varchar(5) CHARACTER SET utf8mb4 COLLATE utf8mb4_general_ci NOT NULL,
  `fm_name` text CHARACTER SET utf8mb4 COLLATE utf8mb4_general_ci NOT NULL,
  `fm_solve` float NOT NULL,
  `fm_method` int NOT NULL,
  `fm_define` text CHARACTER SET utf8mb4 COLLATE utf8mb4_general_ci NOT NULL,
  `fm_paras` text CHARACTER SET utf8mb4 COLLATE utf8mb4_general_ci NOT NULL,
  `fm_com` tinyint(1) NOT NULL DEFAULT '0',
  `fm_con` text CHARACTER SET utf8mb4 COLLATE utf8mb4_general_ci NOT NULL,
  `fm_numpara` int NOT NULL,
  `fm_res` varchar(100) CHARACTER SET utf8mb4 COLLATE utf8mb4_general_ci NOT NULL
) ENGINE=InnoDB DEFAULT CHARSET=utf8mb4 COLLATE=utf8mb4_general_ci;

--
-- Dumping data for table `form`
--

INSERT INTO `form` (`fm_id`, `fm_name`, `fm_solve`, `fm_method`, `fm_define`, `fm_paras`, `fm_com`, `fm_con`, `fm_numpara`, `fm_res`) VALUES
('1.1', 'KPI 1.5.1.1 : ประชาชนทุกช่วงวัยมีความรอบรู้ด้านสุขภาพ (เยาวชน)', 30, 1, 'นิยาม \nประชาชนทุกช่วงวัยมีความรอบรู้ด้านสุขภาพ หมายถึง กลุ่มเยาวชนและกลุ่มวัยทำงาน ที่เข้าร่วมกิจกรรมโรงเรียนพ่อแม่มีความรู้ด้านสุขภาพที่ถูกต้องโดยมีคะแนนแบบทดสอบความรู้หลังเข้าร่วมกิจกรรมโรงเรียนพ่อ-แม่มากกว่าหรือเท่ากับร้อยละ 80\n\nวิธีการคำนวณ\nจำนวนผู้รับบริการในกิจกรรมโรงเรียนพ่อ-แม่ที่มีคะแนนแบบทดสอบหลังเข้าร่วมกิจกรรมโรงเรียนพ่อแม่มีคะแนนมากกว่าหรือเท่ากับร้อยละ 80 หารด้วย จำนวนผู้รับบริการในกิจกรรมโรงเรียนพ่อ-แม่ที่มีทำแบบทดสอบหลังเข้าร่วมกิจกรรมโรงเรียนพ่อแม่ทั้งหมด คูณด้วย 100', 'สูติ-นรีเวชกรรม_ช่วงอายุ 10-14 ปี (คน)_ผู้ร่วมกิจกรรม, สูติ-นรีเวชกรรม_ช่วงอายุ 15-19 ปี (คน)_ผู้ร่วมกิจกรรม, สูติ-นรีเวชกรรม_รวมผู้ร่วมกิจกรรม (คน)_ผู้ร่วมกิจกรรม, สูติ-นรีเวชกรรม_ช่วงอายุ 10-14 ปี (คน)_ผู้ทำแบบทดสอบหลังร่วมกิจกรรม, สูติ-นรีเวชกรรม_ช่วงอายุ 15-19 ปี (คน)_ผู้ทำแบบทดสอบหลังร่วมกิจกรรม, สูติ-นรีเวชกรรม_รวมผู้ทำแบบทดสอบหลังร่วมกิจกรรม (คน)_ผู้ทำแบบทดสอบหลังร่วมกิจกรรม, สูติ-นรีเวชกรรม_ช่วงอายุ 10-14 ปี (คน)_ผู้มีคะแนนมากกว่าหรือเท่ากับร้อยละ 80, สูติ-นรีเวชกรรม_ช่วงอายุ 15-19 ปี (คน)_ผู้มีคะแนนมากกว่าหรือเท่ากับร้อยละ 80, สูติ-นรีเวชกรรม_รวมผู้มีคะแนนมากกว่าหรือเท่ากับร้อยละ 80 (คน)_ผู้มีคะแนนมากกว่าหรือเท่ากับร้อยละ 80, กุมารเวชกรรม ครั้งที่ 2 เด็กอายุ > 6-12 เดือน_ช่วงอายุ 10-14 ปี (คน)_ผู้ร่วมกิจกรรม, กุมารเวชกรรม ครั้งที่ 2 เด็กอายุ > 6-12 เดือน_ช่วงอายุ 15-19 ปี (คน)_ผู้ร่วมกิจกรรม, กุมารเวชกรรม ครั้งที่ 2 เด็กอายุ > 6-12 เดือน_รวมผู้ร่วมกิจกรรม (คน)_ผู้ร่วมกิจกรรม, กุมารเวชกรรม ครั้งที่ 2 เด็กอายุ > 6-12 เดือน_ช่วงอายุ 10-14 ปี (คน)_ผู้ทำแบบทดสอบหลังร่วมกิจกรรม, กุมารเวชกรรม ครั้งที่ 2 เด็กอายุ > 6-12 เดือน_ช่วงอายุ 15-19 ปี (คน)_ผู้ทำแบบทดสอบหลังร่วมกิจกรรม, กุมารเวชกรรม ครั้งที่ 2 เด็กอายุ > 6-12 เดือน_รวมผู้ทำแบบทดสอบหลังร่วมกิจกรรม (คน)_ผู้ทำแบบทดสอบหลังร่วมกิจกรรม, กุมารเวชกรรม ครั้งที่ 2 เด็กอายุ > 6-12 เดือน_ช่วงอายุ 10-14 ปี (คน)_ผู้มีคะแนนมากกว่าหรือเท่ากับร้อยละ 80, กุมารเวชกรรม ครั้งที่ 2 เด็กอายุ > 6-12 เดือน_ช่วงอายุ 15-19 ปี (คน)_ผู้มีคะแนนมากกว่าหรือเท่ากับร้อยละ 80, กุมารเวชกรรม ครั้งที่ 2 เด็กอายุ > 6-12 เดือน_รวมผู้มีคะแนนมากกว่าหรือเท่ากับร้อยละ 80 (คน)_ผู้มีคะแนนมากกว่าหรือเท่ากับร้อยละ 80, กุมารเวชกรรม ครั้งที่ 3 เด็กอายุ > 12-18 เดือน_ช่วงอายุ 10-14 ปี (คน)_ผู้ร่วมกิจกรรม, กุมารเวชกรรม ครั้งที่ 3 เด็กอายุ > 12-18 เดือน_ช่วงอายุ 15-19 ปี (คน)_ผู้ร่วมกิจกรรม, กุมารเวชกรรม ครั้งที่ 3 เด็กอายุ > 12-18 เดือน_รวมผู้ร่วมกิจกรรม (คน)_ผู้ร่วมกิจกรรม, กุมารเวชกรรม ครั้งที่ 3 เด็กอายุ > 12-18 เดือน_ช่วงอายุ 10-14 ปี (คน)_ผู้ทำแบบทดสอบหลังร่วมกิจกรรม, กุมารเวชกรรม ครั้งที่ 3 เด็กอายุ > 12-18 เดือน_ช่วงอายุ 15-19 ปี (คน)_ผู้ทำแบบทดสอบหลังร่วมกิจกรรม, กุมารเวชกรรม ครั้งที่ 3 เด็กอายุ > 12-18 เดือน_รวมผู้ทำแบบทดสอบหลังร่วมกิจกรรม (คน)_ผู้ทำแบบทดสอบหลังร่วมกิจกรรม, กุมารเวชกรรม ครั้งที่ 3 เด็กอายุ > 12-18 เดือน_ช่วงอายุ 10-14 ปี (คน)_ผู้มีคะแนนมากกว่าหรือเท่ากับร้อยละ 80, กุมารเวชกรรม ครั้งที่ 3 เด็กอายุ > 12-18 เดือน_ช่วงอายุ 15-19 ปี (คน)_ผู้มีคะแนนมากกว่าหรือเท่ากับร้อยละ 80, กุมารเวชกรรม ครั้งที่ 3 เด็กอายุ > 12-18 เดือน_รวมผู้มีคะแนนมากกว่าหรือเท่ากับร้อยละ 80 (คน)_ผู้มีคะแนนมากกว่าหรือเท่ากับร้อยละ 80, ผู้เข้าร่วมกิจกรรมทั้งหมด (คน), ผู้ทำแบบทดสอบหลังร่วมกิจกรรม ของ สูติ-นรีเวชกรรม และ กุมารเวชกรรม ครั้งที่ 2 และ ครั้งที่ 3 ทั้งหมด  (คน)*, ผู้มีคะแนนมากกว่าหรือเท่ากับร้อยละ 80 ของ สูติ-นรีเวชกรรม และ กุมารเวชกรรม ครั้งที่ 2 และ ครั้งที่ 3 ทั้งหมด (คน)*', 0, '0', 29, '10, 11, 12, 13, 14, 15, 16, 17, 23'),
('1.2', 'KPI 1.5.1.1 : ประชาชนทุกช่วงวัยมีความรอบรู้ด้านสุขภาพ (วัยทำงาน)', 60, 1, 'นิยาม \r\nประชาชนทุกช่วงวัยมีความรอบรู้ด้านสุขภาพ หมายถึง กลุ่มเยาวชนและกลุ่มวัยทำงาน ที่เข้าร่วมกิจกรรมโรงเรียนพ่อแม่มีความรู้ด้านสุขภาพที่ถูกต้องโดยมีคะแนนแบบทดสอบความรู้หลังเข้าร่วมกิจกรรมโรงเรียนพ่อ-แม่มากกว่าหรือเท่ากับร้อยละ 80\r\n\r\nวิธีการคำนวณ\r\nจำนวนผู้รับบริการในกิจกรรมโรงเรียนพ่อ-แม่ที่มีคะแนนแบบทดสอบหลังเข้าร่วมกิจกรรมโรงเรียนพ่อแม่มีคะแนนมากกว่าหรือเท่ากับร้อยละ 80 หารด้วย จำนวนผู้รับบริการในกิจกรรมโรงเรียนพ่อ-แม่ที่มีทำแบบทดสอบหลังเข้าร่วมกิจกรรมโรงเรียนพ่อแม่ทั้งหมด คูณด้วย 100\r\n', 'สูติ-นรีเวชกรรม_ช่วงอายุ 20-34 ปี (คน)_ผู้ร่วมกิจกรรม, สูติ-นรีเวชกรรม_ช่วงอายุ 35 ปีขึ้นไป (คน)_ผู้ร่วมกิจกรรม, สูติ-นรีเวชกรรม_รวมผู้ร่วมกิจกรรม (คน)_ผู้ร่วมกิจกรรม, สูติ-นรีเวชกรรม_ช่วงอายุ 20-34 ปี (คน)_ผู้ทำแบบทดสอบหลังร่วมกิจกรรม, สูติ-นรีเวชกรรม_ช่วงอายุ 35 ปีขึ้นไป (คน)_ผู้ทำแบบทดสอบหลังร่วมกิจกรรม, สูติ-นรีเวชกรรม_รวมผู้ทำแบบทดสอบหลังร่วมกิจกรรม (คน)_ผู้ทำแบบทดสอบหลังร่วมกิจกรรม, สูติ-นรีเวชกรรม_ช่วงอายุ 20-34 ปี (คน)_ผู้มีคะแนนมากกว่าหรือเท่ากับร้อยละ 80, สูติ-นรีเวชกรรม_ช่วงอายุ 35 ปีขึ้นไป (คน)_ผู้มีคะแนนมากกว่าหรือเท่ากับร้อยละ 80, สูติ-นรีเวชกรรม_รวมผู้มีคะแนนมากกว่าหรือเท่ากับร้อยละ 80 (คน)_ผู้มีคะแนนมากกว่าหรือเท่ากับร้อยละ 80, กุมารเวชกรรม ครั้งที่ 2 เด็กอายุ > 6-12 เดือน_ช่วงอายุ 20-34 ปี (คน)_ผู้ร่วมกิจกรรม, กุมารเวชกรรม ครั้งที่ 2 เด็กอายุ > 6-12 เดือน_ช่วงอายุ 35 ปีขึ้นไป (คน)_ผู้ร่วมกิจกรรม, กุมารเวชกรรม ครั้งที่ 2 เด็กอายุ > 6-12 เดือน_รวมผู้ร่วมกิจกรรม (คน)_ผู้ร่วมกิจกรรม, กุมารเวชกรรม ครั้งที่ 2 เด็กอายุ > 6-12 เดือน_ช่วงอายุ 20-34 ปี (คน)_ผู้ทำแบบทดสอบหลังร่วมกิจกรรม, กุมารเวชกรรม ครั้งที่ 2 เด็กอายุ > 6-12 เดือน_ช่วงอายุ 35 ปีขึ้นไป (คน)_ผู้ทำแบบทดสอบหลังร่วมกิจกรรม, กุมารเวชกรรม ครั้งที่ 2 เด็กอายุ > 6-12 เดือน_รวมผู้ทำแบบทดสอบหลังร่วมกิจกรรม (คน)_ผู้ทำแบบทดสอบหลังร่วมกิจกรรม, กุมารเวชกรรม ครั้งที่ 2 เด็กอายุ > 6-12 เดือน_ช่วงอายุ 20-34 ปี (คน)_ผู้มีคะแนนมากกว่าหรือเท่ากับร้อยละ 80, กุมารเวชกรรม ครั้งที่ 2 เด็กอายุ > 6-12 เดือน_ช่วงอายุ 35 ปีขึ้นไป (คน)_ผู้มีคะแนนมากกว่าหรือเท่ากับร้อยละ 80, กุมารเวชกรรม ครั้งที่ 2 เด็กอายุ > 6-12 เดือน_รวมผู้มีคะแนนมากกว่าหรือเท่ากับร้อยละ 80 (คน)_ผู้มีคะแนนมากกว่าหรือเท่ากับร้อยละ 80, กุมารเวชกรรม ครั้งที่ 3 เด็กอายุ > 12-18 เดือน_ช่วงอายุ 20-34 ปี (คน)_ผู้ร่วมกิจกรรม, กุมารเวชกรรม ครั้งที่ 3 เด็กอายุ > 12-18 เดือน_ช่วงอายุ 35 ปีขึ้นไป (คน)_ผู้ร่วมกิจกรรม, กุมารเวชกรรม ครั้งที่ 3 เด็กอายุ > 12-18 เดือน_รวมผู้ร่วมกิจกรรม (คน)_ผู้ร่วมกิจกรรม, กุมารเวชกรรม ครั้งที่ 3 เด็กอายุ > 12-18 เดือน_ช่วงอายุ 20-34 ปี_ผู้ทำแบบทดสอบหลังร่วมกิจกรรม, กุมารเวชกรรม ครั้งที่ 3 เด็กอายุ > 12-18 เดือน_ช่วงอายุ 35 ปีขึ้นไป (คน)_ผู้ทำแบบทดสอบหลังร่วมกิจกรรม, กุมารเวชกรรม ครั้งที่ 3 เด็กอายุ > 12-18 เดือน_รวมผู้ทำแบบทดสอบหลังร่วมกิจกรรม (คน)_ผู้ทำแบบทดสอบหลังร่วมกิจกรรม, กุมารเวชกรรม ครั้งที่ 3 เด็กอายุ > 12-18 เดือน_ช่วงอายุ 20-34 ปี (คน)_ผู้มีคะแนนมากกว่าหรือเท่ากับร้อยละ 80, กุมารเวชกรรม ครั้งที่ 3 เด็กอายุ > 12-18 เดือน_ช่วงอายุ 35 ปีขึ้นไป (คน)_ผู้มีคะแนนมากกว่าหรือเท่ากับร้อยละ 80, กุมารเวชกรรม ครั้งที่ 3 เด็กอายุ > 12-18 เดือน_ (คน)รวมผู้มีคะแนนมากกว่าหรือเท่ากับร้อยละ 80_ผู้มีคะแนนมากกว่าหรือเท่ากับร้อยละ 80, ผู้เข้าร่วมกิจกรรมทั้งหมด (คน), ผู้ทำแบบทดสอบหลังร่วมกิจกรรม ของ สูติ-นรีเวชกรรม และ กุมารเวชกรรม ครั้งที่ 2 และ ครั้งที่ 3 ทั้งหมด (คน)*, ผู้มีคะแนนมากกว่าหรือเท่ากับร้อยละ 80 ของ สูติ-นรีเวชกรรม และ กุมารเวชกรรม ครั้งที่ 2 และ ครั้งที่ 3 ทั้งหมด (คน)*', 0, '0', 29, '10, 11, 12, 13, 14, 15, 16, 17, 23'),
('10', 'KPI 1.5.6.1 : เพิ่มประสิทธิภาพการเข้าถึงเพื่อช่วยเหลือผู้เจ็บป่วยฉุกเฉินให้ได้มาตรฐานและเหมาะสมกับพื้นที่เมือง', 50, 2, 'นิยาม\nเพิ่มประสิทธิภาพการเข้าถึงเพื่อช่วยเหลือผู้เจ็บป่วยฉุกเฉินให้ได้มาตรฐานและเหมาะสมกับพื้นที่เมือง หมายถึง การ\nเพิ่มจุดจอดรถจักรยานยนต์ฉุกเฉินทางการแพทย์ (Motorlance) ให้บริการประชาชนที่เจ็บป่วยประจำเขต/แขวง ในพื้นที่กรุงเทพมหานคร\n\nวิธีการคำนวณ\nนับจำนวน\n', 'จำนวนจุดจอด motorlance (จุดจอด), ระบุชื่อเขต (ตย.บางแค,บางนา), จำนวนเขต*', 0, '0', 3, '23, 14, 15, 10, 16, 17, 11, 18, 12, 19, 13, 20, 22'),
('11', 'KPI 1.5.7.1 : มีศูนย์บริการคนพิการแบบเบ็ดเสร็จ', 100, 3, 'นิยาม \nศูนย์บริการคนพิการแบบเบ็ดเสร็จ    (One Stop Service for Persons with disabilities) กรุงเทพมหานคร หมายถึง ศูนย์อำนวยความสะดวกในการเข้าถึงสิทธิและสวัสดิการของคนพิการ แบบจุดเดียวเบ็ดเสร็จ โดยให้บริการ ดังนี้\n1) ให้บริการตรวจประเมินความพิการและออกเอกสารรับรองความพิการ \n2) รับคำขอมีบัตรประจำตัวคนพิการ เพื่อดำเนินการออกบัตรประจำตัวคนพิการ\n3) รับคำขอขึ้นทะเบียนรับเงินเบี้ยความพิการ เพื่อส่งต่อสำนักงานเขตดำเนินการ\n4) ให้บริการด้านสุขภาพ การตรวจรักษา การฟื้นฟูสมรรถภาพ และจัดหาอุปกรณ์ช่วยเหลือคนพิการ \n5) ให้คำปรึกษาเรื่องสิทธิและสวัสดิการ ประสานส่งต่อหน่วยงานที่เกี่ยวข้องในพื้นที่ เช่น เงินสงเคราะห์ การปรับสภาพแวดล้อมที่อยู่อาศัย อาชีพ เป็นต้น\nวิธีคำนวณ\nนับจำนวน\n', '-', 0, '0', 0, '10, 11, 12, 13, 14, 15, 16, 17, 18, 19, 20, 23'),
('12', 'KPI 1.5.7.2 : มีระบบการฟื้นฟูสุขภาพหลังจากการเจ็บป่วย', 90, 1, 'นิยาม : \n1. ผู้สูงอายุ คนพิการ หรือผู้ที่ประสบปัญหาทางการเคลื่อนไหว หมายถึง ผู้สูงอายุ คนพิการ หรือผู้ที่ประสบปัญหาทางการเคลื่อนไหวที่มารับบริการในโรงพยาบาลสังกัดสำนักการแพทย์\n2. กายอุปกรณ์ หมายถึง อุปกรณ์ทางการแพทย์ต่าง ๆ ที่ใช้กับร่างกายเพื่อช่วยเหลือการเคลื่อนไหว เช่น แขนเทียม ขาเทียม และอุปกรณ์ประคองหรือดามหลัง\nเป้าหมาย :\nผู้สูงอายุ คนพิการ หรือผู้ที่ประสบปัญหาทางการเคลื่อนไหว ไม่น้อยกว่าร้อยละ 90 \nได้รับการสนับสนุนอุปกรณ์ทางการแพทย์/กายอุปกรณ์ที่จำเป็นต่อการดำรงชีวิตตามความต้องการและจำเป็น\n\n', 'จำนวนผู้มารับบริการในโรงพยาบาลที่ขอรับการสนับสนุนอุปกรณ์ทางการแพทย์/กายอุปกรณ์ทั้งหมด (ราย)_1.1 ผู้สูงอายุ, จำนวนผู้มารับบริการในโรงพยาบาลที่ขอรับการสนับสนุนอุปกรณ์ทางการแพทย์/กายอุปกรณ์ทั้งหมด (ราย)_1.2 คนพิการ, จำนวนผู้มารับบริการในโรงพยาบาลที่ขอรับการสนับสนุนอุปกรณ์ทางการแพทย์/กายอุปกรณ์ทั้งหมด (ราย)_1.3 ผู้ประสบปัญหาทางการเคลื่อนไหว, รวม   (1) 1.1+1.2+1.3*, จำนวนผู้มารับบริการในโรงพยาบาลได้รับการสนับสนุนอุปกรณ์ทางการแพทย์/กายอุปกรณ์ทั้งหมด (ราย)_2.1 ผู้สูงอายุ, จำนวนผู้มารับบริการในโรงพยาบาลได้รับการสนับสนุนอุปกรณ์ทางการแพทย์/กายอุปกรณ์ทั้งหมด (ราย)_2.2 คนพิการ, จำนวนผู้มารับบริการในโรงพยาบาลได้รับการสนับสนุนอุปกรณ์ทางการแพทย์/กายอุปกรณ์ทั้งหมด (ราย)_2.3 ผู้ประสบปัญหาทางการเคลื่อนไหว, รวม   (2) 2.1+2.2+2.3*', 0, '0', 8, '10, 11, 12, 13, 14, 15, 16, 17, 18, 19, 20, 23'),
('13', 'KPI 2.3.3 : ประชากรกลุ่มเปราะบางได้รับการบรรเทาผลกระทบฝุ่นละออง PM 2.5 ในช่วงวิกฤต', 100, 1, 'นิยาม\nกลุ่มเสี่ยง หมายถึง ผู้สูงอายุ เด็กเล็กหญิงตั้งครรภ์ ผู้ป่วยโรคระบบหัวใจและหลอดเลือดหรือโรคระบบทางเดินหายใจ\nการเฝ้าระวัง หมายถึง การให้ความรู้ความเข้าใจเกี่ยวกับการป้องกันมลพิษทางอากาศหรือแจกหน้ากากป้องกัน PM 2.5 หรือ N 95 ให้แก่ประชาชนกลุ่มเสี่ยงที่มารับบริการในคลินิกโรคทางเดินหายใจในโรงพยาบาลสังกัดสำนักการแพทย์\nวิธีการคำนวณ\nจำนวนประชากรกลุ่มเสี่ยงที่ได้รับผลกระทบจากมลพิษทางอากาศได้รับการรักษา หารด้วย จำนวนประชาชนกลุ่มเสี่ยงได้รับผลกระทบจากมลพิษทางอากาศทั้งหมด คูณด้วย 100', 'จำนวนประชาชนกลุ่มเสี่ยงได้รับผลกระทบจากมลพิษทางอากาศทั้งหมด\r\n(คน)*, จำนวนผู้ป่วยที่แพทย์วินิฉัยโรคที่เกิดจากมลพิษทางอากาศร่วมกับ Y 97 (คน), จำนวนผู้ป่วยที่แพทย์วินิฉัยโรคที่เกิดจากมลพิษทางอากาศร่วมกับ Z581 (คน), จำนวนผู้ป่วยที่แพทย์วินิฉัยโรคที่เกิดจากมลพิษทางอากาศร่วมกับ Z77 (คน), จำนวนประชากรกลุ่มเสี่ยงที่ได้รับผลกระทบจากมลพิษทางอากาศได้รับการรักษา (คน)*', 0, '0', 5, '10, 11, 12, 13, 14, 15, 16, 17, 18, 19, 20, 23'),
('14', 'KPI 2.10.2 : เพิ่มสัดส่วนการใช้พลังงานทดแทนภายในหน่วยงานของกรุงเทพมหานคร', 10, 2, 'นิยาม\nพลังงานทดแทน หมายถึง พลังงานไฟฟ้าที่ผลิตได้จากระบบผลิตไฟฟ้าจากพลังงานแสงอาทิตย์มุ่งเน้นในการสนับสนุนการทำงานทางด้านการการแพทย์และการให้บริการแก่ประชาชน\n\nวิธีการคำนวณ \nนับจำนวน\n', 'สถานที่ติดตั้งพลังงานทดแทน (ตย. รพก.), จำนวนโรงพยาบาลที่ติดตั้ง (จุด)*, เป้าหมาย (จุด)*', 0, '1, 1, 1, 1, 1, 0, 1, 1, 1, 1, 1', 3, '23, 10, 21, 11, 12, 13, 14, 16, 17, 15, 18, 19, 20'),
('15', 'KPI 4.4.1.2 : สิ่งอำนวยความสะดวกในการใช้ระบบขนส่งมวลชนสาธารณะได้รับการปรับปรุง', 100, 1, 'คำนิยาม \nสิ่งอำนวยความสะดวกในการใช้ระบบขนส่งมวลชนสาธารณะได้รับการปรับปรุง หมายถึง ก่อสร้างทางเชื่อมระหว่างสถานีคลองสาน G3 ซึ่งอยู่ด้านหน้าโรงพยาบาลตากสิน กับ ชั้น 2 ของอาคารอเนกประสงค์ 23 ชั้น เพื่ออำนวยความสะดวกให้แก่ผู้มารับบริการของโรงพยาบาลตากสินที่เดินทางมาโดยรถไฟฟ้าสายสีทอง ทั้งประชาชนทั่วไป ผู้สูงอายุ และผู้พิการ ให้ได้รับความสะดวกสบายและปลอดภัย โดยไม่ต้องลงบันไดมาด้านล่างเพื่อเข้าทางประตูเข้าอาคารชั้น 1 ทั้งยังสามารถลดความแออัดบริเวณด้านหน้าโรงพยาบาลได้อีกด้วย\n\nวิธีการคำนวณ\nจำนวนขั้นตอนการดำเนินงานที่ดำเนินการแล้วเสร็จ หารด้วย จำนวนขั้นตอนการดำเนินงานของโครงการทั้งหมด คูณด้วย 100\n', 'ร้อยละความสำเร็จตามตัวชี้วัด*, *', 0, '0', 2, '23, 11'),
('16', 'KR 1 : จำนวนประชาชนที่เข้ารับบริการกับคลินิกสุขภาพเพศหลากหลายเพิ่มขึ้น', 100, 2, 'นิยาม\nจำนวนประชาชนที่เข้ารับบริการคลินิกสุขภาพเพศหลากหลาย หมายถึง จำนวนประชาชนที่เข้ารับบริการคลินิกสุขภาพเพศหลากหลายทั้งหมดในปีงบประมาณ 2567\n\nวิธีการคำนวณ\nนับจำนวนผู้รับบริการ', 'จำนวนผู้มารับบริการในคลินิกสุขภาพเพศหลากหลาย*, เป้าหมาย*', 0, '2100', 2, '23, 10, 11, 12, 13, 20, 19, 18, 17, 16, 15, 14'),
('17', 'KR 2 : ร้อยละของคนเสี่ยงสูงที่เข้ามารับบริการคลินิกสุขภาพเพศหลากหลายต้องได้รับการตรวจคัดกรอง HIV (P015)', 95, 1, 'ประชาชนที่รับบริการคลินิกสุขภาพเพศหลากหลายได้รับการตรวจ HIV หมายถึง ประชาชนที่ไม่ใช่ผู้ติดเชื้อ HIV และมารับบริการในคลินิกสุขภาพเพศหลากหลายได้รับการตรวจคัดกรอง HIV\n\nวิธีการคำนวณ\nประชาชนกลุ่มเสี่ยงที่มารับบริการในคลินิกสุขภาพเพศหลากหลายและได้รับการตรวจ HIV หารด้วย ประชาชนกลุ่มเสี่ยงที่มารับบริการในคลินิกสุขภาพเพศทั้งหมด \nคูณด้วย 100\n', 'กลุ่มเสี่ยง (HIV) ที่มารับบริการในคลินิกสุขภาพเพศหลากหลาย*, กลุ่มเสี่ยง (HIV) ที่ได้รับการตรวจคัดกรอง*', 0, '0', 3, '10, 11, 12, 13, 14, 15, 16, 17, 18, 19, 20, 23'),
('18', 'KR 3 : สัดส่วนของผู้ป่วยที่ปรึกษาแพทย์ผ่านระบบtelemedicine และ/หรือรับยาจากที่บ้าน เทียบกับจำนวนผู้รับบริการทั้งหมด (P015)', 10, 1, 'นิยาม\nผู้ป่วยที่ปรึกษาแพทย์ผ่านระบบ Telemedicine และ/หรือรับยาจากที่บ้าน หมายถึง ผู้ป่วยที่มารับบบริการทางการแพทย์ในคลินิกเพศหลากหลายที่มีการให้บริการด้วยระบบ Telemedicine และ/หรือรับยาที่บ้าน \nผู้รับบริการ หมายถึง ผู้ป่วยที่มารับบริการในคลินิกเพศหลากหลายของโรงพยาบาลสังกัดสำนักการแพทย์ในปีงบประมาณ 2567\n\nวิธีการคำนวณ\nจำนวนครั้งของผู้ป่วยคลินิกเพศหลากหลายที่มีการรับบริการผ่านระบบ Telemedicine และ/หรือรับยาจากที่บ้าน หารด้วย จำนวนครั้งของผู้ป่วยที่มารับบริการในคลินิกเพศหลากหลายของโรงพยาบาลสังกัดสำนักการแพทย์ในปีงบประมาณ 2567\n', 'จำนวนครั้งของผู้รับบริการในคลินิกเพศหลากหลาย*, จำนวนครั้งของผู้ป่วยที่มารับบริการผ่านระบบ Telemedicine, จำนวนครั้งของผู้ป่วยที่รับยาที่บ้าน, รวมจำนวนครั้งของผู้รับบริการผ่านระบบ Telemedicine และ/หรือรับยาจากที่บ้าน*', 0, '0', 4, '10, 11, 12, 13, 14, 15, 16, 17, 18, 19, 20, 23'),
('19', 'KR 4 :ร้อยละของประชาชนที่แจ้งขอรับการช่วยเหลือผู้ประสบเหตุฉุกเฉินและด้านสุขภาพเชิงรุกถึงชุมชนจาก Motorlance (P155)', 100, 1, 'นิยาม\nประชาชนที่ได้รับการช่วยเหลือจาก Motorlance หมายถึง ประชาชนที่แจ้งเหตุขอความช่วยเหลือผู้เจ็บป่วยฉุกเฉินผ่านศูนย์รับแจ้งเหตุและสั่งการ และได้รับบริการด้วยรถจักรยานยนต์ฉุกเฉินทางการแพทย์ (Motorlance)\n\nวิธีการคำนวณ\nจำนวนประชาชนที่แจ้งเหตุขอความช่วยเหลือผู้เจ็บป่วยฉุกเฉินผ่านศูนย์รับแจ้งเหตุและสั่งการและได้รับการจัดบริการด้วยรถจักรยานยนต์ฉุกเฉินทางการแพทย์ (Motorlance) หารด้วยจำนวนประชาชนที่แจ้งเหตุขอความช่วยเหลือผู้เจ็บป่วยฉุกเฉินผ่านศูนย์รับแจ้งเหตุและสั่งการและต้องได้รับการจัดบริการด้วยรถจักรยานยนต์ฉุกเฉินทางการแพทย์ (Motorlance) ทั้งหมด คูณด้วย 100\n', 'จำนวนประชาชนที่แจ้งเหตุขอความช่วยเหลือผู้เจ็บป่วยฉุกเฉินผ่านศูนย์รับแจ้งเหตุและสั่งการและต้องได้รับการจัดบริการด้วยรถจักรยานยนต์ฉุกเฉินทางการแพทย์ (Motorlance) ทั้งหมด*, จำนวนประชาชนที่แจ้งเหตุขอความช่วยเหลือผู้เจ็บป่วยฉุกเฉินผ่านศูนย์รับแจ้งเหตุและสั่งการและได้รับการจัดบริการด้วยรถจักรยานยนต์ฉุกเฉินทางการแพทย์ (Motorlance)*', 0, '0', 2, '23, 22'),
('2', 'ตัวชี้วัดที่ 1.5.2.1 : ประชาชนได้รับการคัดกรองสุขภาพเพิ่มขึ้นจากปีที่ผ่านมา ', 100, 2, 'นิยาม : \nการคัดกรองสุขภาพ หมายถึง การตรวจคัดกรองสุขภาพเบื้องต้น ตามเกณฑ์ที่สำนักงานหลักประกันสุขภาพแห่งชาติ (สปสช.) สำนักงานประกันสังคม และกรมบัญชีกลางกำหนด\n\nเอกสาร/หลักฐาน :\nแบบรายงานผลการดำเนินงานรายไตรมาส\n\nเป้าหมาย : \nเพิ่มขึ้นจำนวน 10,000 รายจากปี 2566', 'จำนวนการตรวจสุขภาพทุกช่วงวัย (ราย)_เด็กปฐมวัย -เด็กวัยเรียน (อายุ 0-14 ปี), จำนวนการตรวจสุขภาพทุกช่วงวัย (ราย)_วัยทำงาน (อายุ 15 -59 ปี), จำนวนการตรวจสุขภาพทุกช่วงวัย (ราย)_ผู้สูงอายุ (อายุ 60 ขึ้นไป), จำนวนการตรวจสุขภาพทุกช่วงวัย (ราย)_รวมทั้งสิ้น (ราย)*, จำนวนเป้าหมาย ปี 2567*', 0, '46000, 46000, 46000, 16000, 16000, 16000, 46000, 46000, 16000, 8000, 8000', 5, '10, 11, 12, 13, 14, 15, 16, 17, 23'),
('20', 'KR 5 : ระยะเวลาเฉลี่ยในการเข้าถึงผู้ป่วยฉุกเฉินที่ขอรับบริการทางการแพทย์ฉุกเฉิน (P155)  ', 24, 1, 'นิยาม\nระยะเวลาเฉลี่ยของการเข้าถึงผู้ป่วยฉุกเฉินที่ขอรับบริการทางการแพทย์ฉุกเฉิน หมายถึง ค่าเฉลี่ยของระยะเวลาที่ออกปฏิบัติการการแพทย์ฉุกเฉิน\n\nวิธีการคำนวณ\nระดับ Advance \n- ผลรวมของระยะเวลาการเข้าถึงผู้ป่วยฉุกเฉินด้วยทีมปฏิบัติการระดับสูง (Advance) (นับเวลาตั้งแต่รับแจ้งเหตุจนถึงที่เกิดเหตุ) หารด้วยจำนวนครั้งที่ออกปฏิบัติการระดับสูง (Advance) ทั้งหมด\n\nระดับ Basic\n- ผลรวมของระยะเวลาการเข้าถึงผู้ป่วยฉุกเฉินด้วยทีมปฏิบัติการระดับพื้นฐาน (Basic) (นับเวลาตั้งแต่รับแจ้งเหตุจนถึงที่เกิดเหตุ) หารด้วยจำนวนครั้งที่ออกปฏิบัติการระดับพื้นฐาน (Basic) ทั้งหมด\n', 'ผลรวมของระยะเวลาการเข้าถึงผู้ป่วยฉุกเฉินด้วยทีมปฏิบัติการระดับสูง (Advance)(นาที)*, จำนวนครั้งที่ออกปฏิบัติการระดับสูงทั้งหมด (Advance)(ครั้ง)*', 0, '0', 2, '23, 22'),
('20.2', 'KR 5 : ระยะเวลาเฉลี่ยในการเข้าถึงผู้ป่วยฉุกเฉินที่ขอรับบริการทางการแพทย์ฉุกเฉิน (P155)  (basic)', 20, 1, 'นิยาม\nระยะเวลาเฉลี่ยของการเข้าถึงผู้ป่วยฉุกเฉินที่ขอรับบริการทางการแพทย์ฉุกเฉิน หมายถึง ค่าเฉลี่ยของระยะเวลาที่ออกปฏิบัติการการแพทย์ฉุกเฉิน\n\nวิธีการคำนวณ\nระดับ Advance \n- ผลรวมของระยะเวลาการเข้าถึงผู้ป่วยฉุกเฉินด้วยทีมปฏิบัติการระดับสูง (Advance) (นับเวลาตั้งแต่รับแจ้งเหตุจนถึงที่เกิดเหตุ) หารด้วยจำนวนครั้งที่ออกปฏิบัติการระดับสูง (Advance) ทั้งหมด\n\nระดับ Basic\n- ผลรวมของระยะเวลาการเข้าถึงผู้ป่วยฉุกเฉินด้วยทีมปฏิบัติการระดับพื้นฐาน (Basic) (นับเวลาตั้งแต่รับแจ้งเหตุจนถึงที่เกิดเหตุ) หารด้วยจำนวนครั้งที่ออกปฏิบัติการระดับพื้นฐาน (Basic) ทั้งหมด\n\n', 'ผลรวมของระยะเวลาการเข้าถึงผู้ป่วยฉุกเฉินด้วยทีมปฏิบัติการระดับพื้นฐาน(basic) (นาที)*, จำนวนครั้งที่ออกปฏิบัติการระดับพื้นฐานทั้งหมด (basic) (ครั้ง)*', 0, '0', 2, '23, 22'),
('21', 'KR 6 : จำนวนเตียงที่บริการประชาชน และอัตราส่วนเตียงต่อประชากรใน กทม. เพิ่มมากขึ้น (P156)', 40, 2, 'นิยาม\nจำนวนเตียงที่บริการประชาชน หมายถึง จำนวนเตียงในโรงพยาบาลคลองสามวาที่ให้บริการผู้ป่วยในแก่ประชาชนผู้มารับบริการ \n\nวิธีการคำนวณ\nนับจำนวน ', 'จำนวนเตียงที่เพิ่มขึ้น*', 0, '0', 1, '23, 19'),
('22', 'KR 7 : ก่อสร้างโรงพยาบาลแห่งใหม่ของกรุงเทพมหานคร (P156)', 2, 2, 'นิยาม\nก่อสร้างโรงพยาบาลแห่งใหม่ของกรุงเทพมหานคร หมายถึง ผลสำเร็จของการดำเนินงานตามขั้นตอนการปฏิบัติงานของโครงการในปีงบประมาณ พ.ศ.2567\n\n\nวิธีการคำนวณ\nจำนวนโครงการที่สามารถดำเนินการตามขั้นตอนการปฏิบัติงานที่กำหนด หารด้วย จำนวนโครงการทั้งหมด    คูณด้วย 100\n', 'จำนวนโรงพยาบาลที่สามารถดำเนินการแล้วเสร็จตามขั้นตอนที่กำหนด*', 0, '0', 1, '23, 16, 19'),
('23', 'KR 8 : ร้อยละของคลินิกในโรงพยาบาลสังกัดสำนักการแพทย์ 11 แห่ง สามารถให้บริการด้านการรักษาผู้ป่วยด้วยระบบโทรเวชกรรม(Telemedicine)(P154)', 30, 1, 'นิยาม\nคลินิกที่สามารถให้บริการด้านการรักษาผู้ป่วยด้วยระบบโทรเวชกรรม (Telemedicine) หมายถึง คลินิกในโรงพยาบาลสังกัดสำนักการแพทย์ที่มีการเปิดให้บริการผู้ป่วยด้วยระบบโทรเวชกรรม (Telemedicine)\n\nวิธีการคำนวณ\nจำนวนคลินิกที่สามารถให้บริการด้านการรักษาผู้ป่วยด้วยระบบโทรเวชกรรม (Telemedicine) หารด้วย จำนวนคลินิกทั้งหมดในโรงพยาบาล คูณด้วย 100\n', 'จำนวนคลินิกในโรงพยาบาลทั้งหมด*, จำนวนคลินิกที่เปิดให้บริการ telemedicine*', 0, '0', 3, '10, 11, 12, 13, 14, 15, 16, 17, 18, 19, 20, 23'),
('24', 'KR 9 : ร้อยละของประชาชนที่เข้ารับการตรวจรักษา/พบแพทย์ได้รับการให้บริการด้านการรักษาผู้ป่วยด้วยระบบโทรเวชกรรม telemedicine ผ่านแอพหมอ กทม. เทียบกับทุก Platform (P154)', 20, 1, 'นิยาม\nการรักษาผู้ป่วยด้วยระบบโทรเวชกรรม (Telemedicine) ผ่านแอพ หมอ กทม. หมายถึง การตรวจรักษา/การพบแพทย์/การให้บริการด้านการรักษาผู้ป่วยด้วยระบบ       โทรเวชกรรม (Telemedicine) ที่มีการรับบริการผ่านแอพพลิเคชัน หมอ กทม.\nการรักษาผู้ป่วยด้วยระบบโทรเวชกรรม (Telemedicine) ทุก Platform หมายถึง โรงพยาบาลมีการให้บริการครอบคลุมการรักษา การประเมินอาการ ความรุนแรง การให้คำปรึกษา หรือมีการประสานส่งต่อหรือติดตามอาการผู้ป่วยผ่านระบบโทรเวชกรรม (Telemedicine) ทุกแพลตฟอร์ม ของโรงพยาบาลในสังกัดสำนักการแพทย์ โดยมีกลุ่มเป้าหมายประกอบด้วย ผู้ป่วยโรคทั่วไปครอบคลุม 42 กลุ่มโรค/อาการ ตามประกาศของสำนักงานหลักประกันสุขภาพแห่งชาติ (สปสช.) ผู้ป่วยกลุ่มเปราะบาง ผู้ป่วยติดบ้านติดเตียง ผู้สูงอายุ ผู้พิการ หรือที่แพทย์เห็นสมควร\n\nวิธีการคำนวณ\nจำนวนผู้ป่วยที่มีการตรวจรักษา/พบแพทย์/การให้บริการด้านการรักษาผู้ป่วยด้วยระบบโทรเวชกรรม (Telemedicine) ผ่านแอพ หมอ กทม. หารด้วย จำนวนผู้ป่วยที่มีการตรวจรักษา/พบแพทย์/การให้บริการด้านการรักษาผู้ป่วยด้วยระบบโทรเวชกรรม (Telemedicine) ทุก Platform      คูณด้วย 100\n', 'การรับบริการผ่านแอพพลิเคชัน \"หมอ กทม.\"_รวมผู้รับบริการ (คน), การรับบริการผ่านแอพพลิเคชัน \"หมอ กทม.\"_รวมผู้รับบริการ (ครั้ง)*, การรับบริการผ่านแอพพลิเคชัน \"Line\"_รวมผู้รับบริการ (คน), การรับบริการผ่านแอพพลิเคชัน \"Line\"_รวมผู้รับบริการ (ครั้ง), การรับบริการผ่านโทรศัพท์_รวมผู้รับบริการ (คน), การรับบริการผ่านโทรศัพท์_รวมผู้รับบริการ (ครั้ง), รวมผู้รับบริการ (คน), รวมผู้รับบริการ (ครั้ง)*', 0, '0', 9, '10, 11, 12, 13, 14, 15, 16, 17, 18, 19, 20, 23'),
('25', 'KR 10 : จำนวนศูนย์เทคโนสุขภาพดีที่มีบริการ telemedicine (P154)', 12, 2, 'นิยาม\nศูนย์เทคโนสุขภาพดีที่มีบริการ telemedicine หมายถึง ศูนย์เทคโนสุขภาพที่สามารถให้บริการพบแพทย์ออนไลน์ผ่านระบบ telemedicine ในการตรวจคัดกรองสุขภาพ และสามารถรับใบรับรองแพทย์ได้ โดยไม่ต้องไปรับบริการที่โรงพยาบาล\n\nวิธีการคำนวณ\nนับจำนวน\n', 'จำนวนศูนย์เทคโนสุขภาพดี*, สถานที่ตั้ง, จำนวนผู้รับบริการทั้งหมด, จำนวนผู้รับบริการที่ใช้ telemedicine', 0, '0', 4, '10, 11, 12, 13, 14, 15, 16, 17, 18, 19, 20, 23'),
('26', 'KR 11 : ร้อยละของจำนวนคลินิกชุมชนอบอุ่นในเขตพื้นที่กทม. มีการเชื่อมโยงเครือข่ายส่งต่อผู้ป่วยผ่านระบบ e-Referral (การเชื่อมระบบการส่งตัวและข้อมูลผู้ป่วยจากเครือข่ายปฐมภูมิ คลินิกอบอุ่น ร้านยามาตรฐาน ไปยังศูนย์บริการสาธารณสุข และ รพ.) (P175)', 20, 1, 'นิยาม\nคลินิกชุมชนอบอุ่นในเขตพื้นที่กทม. มีการเชื่อมโยงเครือข่ายส่งต่อผู้ป่วยผ่านระบบ e-Referral หมายถึง  \nระบบสารสนเทศเพื่อการส่งต่อผู้ป่วย (e-Referral) สามารถเชื่อมโยงการส่งต่อผู้ป่วยกับคลินิกชุมชนอบอุ่นในเขตพื้นที่ กทม. ให้สามารถส่งต่อผู้ป่วยมายังโรงพยาบาล \n\n\nวิธีการคำนวณ\nจำนวนคลินิกชุมชนอบอุ่นที่มีการเชื่อมโยงเครือข่ายส่งต่อผู้ป่วยผ่านระบบ e-Referral หารด้วย จำนวนคลินิกชุมชนอบอุ่นในเขตพื้นที่ กทม. ที่ขึ้นทะเบียนกับ สปสช. ทั้งหมด คูณด้วย 100\n', 'จำนวนคลินิกชุมชนอบอุ่นในเขตพื้นที่กทม. มีการเชื่อมโยงเครือข่ายส่งต่อผู้ป่วยผ่านระบบ e-Referral (นับยอดสะสม)*, จำนวนคลินิกชุมชนอบอุ่นในเขตพื้นที่กทม. ที่ขึ้นทะเบียนกับ สปสช.ทั้งหมด ปัจจุบันคือ 287 (>> ใส่ 287 ในช่องนี้ <<)*', 0, '0', 2, '10, 11, 12, 13, 14, 15, 16, 17, 18, 19, 20, 23'),
('27', 'KR 12 : จำนวนร้านขายยาในเขตพื้นที่กทม. มีการเชื่อมโยงเครือข่ายส่งต่อผู้ป่วยผ่านระบบ e-Referral (การเชื่อมระบบการส่งตัวและข้อมูลผู้ป่วยจากเครือข่ายปฐมภูมิ คลินิกอบอุ่น ร้านยามาตรฐาน ไปยังศูนย์บริการสาธารณสุข        และ รพ.) (P175)', 20, 2, 'นิยาม\nการเชื่อมระบบการส่งตัวและข้อมูลผู้ป่วยจากเครือข่ายปฐมภูมิ คลินิกอบอุ่น ร้านยามาตรฐาน ไปยังศูนย์บริการสาธารณสุข และ รพ. หมายถึง การเชื่อมโยงระบบสารสนเทศโรงพยาบาลเข้ากับระบบสารสนเทศการจ่ายยาตามใบสั่งแพทย์ ของสำนักงานหลักประกันสุขภาพแห่งชาติ\n\nวิธีการคำนวณ\nนับจำนวน\n', 'จำนวนร้านขายยาในเขตพื้นที่กทม., มีการเชื่อมโยงเครือข่ายส่งต่อผู้ป่วยผ่านระบบ e-Referral *, ระบุ ชื่อ สถานที่ตั้ง ของร้านขายยา', 0, '0', 3, '10, 11, 12, 13, 14, 15, 16, 17, 18, 19, 20, 23'),
('28', 'KR 12 : จำนวน Excellent center และศูนย์เวชศาสตร์เขตเมือง (P176)', 100, 3, 'นิยาม\nศูนย์เวชศาสตร์เขตเมือง (Urban Medicine Center)  หมายถึง ศูนย์ที่ให้บริการการแพทย์ที่เป็นปัญหาสุขภาพที่เป็นปัญหาเฉพาะและมีความโดดเด่นที่เกิดขึ้นในเมือง โดยให้ความสำคัญกับองค์ประกอบทางสังคมที่เกี่ยวข้องกับสุขภาพ ควบคู่ไปกับการดูแลสุขภาพและการดูแลรักษาประชาชนและผู้ป่วย ทั้งในระดับปฐมภูมิ ทุติยภูมิและ    ตติยภูมิ สำนักการแพทย์มีศูนย์เวชศาสตร์เขตเมือง จำนวน 7 ศูนย์ ประกอบด้วย\n1.	ศูนย์โรคหัวใจ โรงพยาบาลตากสิน\n2.	ศูนย์โรคหัวใจ โรงพยาบาลเจริญกรุงประชารักษ์\n3.	ศูนย์เวชศาสตร์เขตเมือง Intermediate Care โรงพยาบาลเวชการุณย์รัศมิ์\n4.	ศูนย์เวชศาสตร์ผู้สูงอายุ โรงพยาบาลราชพิพัฒน์\n5.	ศูนย์เวชศาสตร์เขตเมืองเพื่อการฟื้นฟู และประคับประคอง โรงพยาบาลราชพิพัฒน์\n6.	ศูนย์เวชศาสตร์เขตเมือง Intermediate Care โรงพยาบาลผู้สูงอายุบางขุนเทียน\n7.	ศูนย์โรคติดเชื้อและโรคอุบัติใหม่ โรงพยาบาลสิรินธร\nศูนย์เวชศาสตร์เขตเมืองที่ได้รับการพัฒนาให้เป็นศูนย์Excellent Center หมายถึง ศูนย์เวชศาสตร์เขตเมืองของสำนักการแพทย์ ที่ได้รับการพัฒนาศักยภาพทั้ง 10 ด้าน ตามเกณฑ์การเป็นศูนย์ความเป็นเลิศทางการแพทย์ของกรุงเทพมหานคร และผ่านการประเมินรับรองโดยคณะกรรมการศูนย์ความเป็นเลิศทางการแพทย์ สำนักการแพทย์\n\nวิธีการคำนวณ\nนับจำนวน\n', '-', 0, '0', 0, '23, 12, 11'),
('29', 'KR 13 : จำนวนโรงพยาบาลที่เปิดให้บริการ UMSC (P224)', 100, 3, 'นิยาม  \nศูนย์สนับสนุนบริการสุขภาพเวชศาสตร์เขตเมือง (Urban Medicine Service Center, UMSC) หมายถึง\nศูนย์การให้บริการสุขภาพให้กับประชาชนผู้รับบริการโดยหน้าที่ความรับผิดชอบของศูนย์สนับสนุนบริการสุขภาพ เวชศาสตร์เขตเมือง (Urban Medicine Service Center : UMSC) มีดังนี้\n1. การให้คำแนะนำปรึกษาปัญหาสุขภาพ/ข้อมูลสุขภาพ รับฟังความคิดเห็น ข้อร้องเรียน ข้อเสนอแนะ   จากผู้รับบริการผ่านช่องทางต่าง ๆ เช่น โทรศัพท์ (call center) Line OA, Facebook เว็บไซต์ ฯลฯ\n2. การจองนัดพบแพทย์ Online ผ่าน Application หมอ กทม.\n3. ให้บริการพบแพทย์ออนไลน์ และการติดตามผู้ป่วยหลังจำหน่ายจากโรงพยาบาล (Urban Medicine Home Care) ด้วยระบบการแพทย์ทางไกล (Telemedicine)\n4. ประสานการส่งต่อผู้ป่วย (e-Refer) เป็นการส่งตัวผ่านระบบการส่งตัวออนไลน์\n5. ศูนย์รับผู้ป่วยใน (Admission Center)\n6. ประสานการส่งยาถึงบ้าน\n7. ประสานการให้บริการเยี่ยมบ้าน เช่น การทำหัตถการเปลี่ยนสายให้อาหาร สายสวนปัสสาวะ เป็นต้น\n8. บริการอื่น ๆ เช่น การขอประวัติผู้ป่วย ตรวจสอบสิทธิการรักษาพยาบาล ขอใบรับรองแพทย์ Claim ประกัน เป็นต้น\n\nวิธีคำนวณ\n   นับจำนวน \n', '-', 0, '0', 0, '10, 11, 12, 13, 14, 15, 16, 17, 18, 19, 20, 23'),
('3.1', 'KPI 1.5.2.2 : มีการคัดกรองและประเมินความเสี่ยงในกลุ่มโรคไม่ติดต่อในเขตเมือง', 35, 1, 'นิยาม\r\nผู้ป่วยโรคเบาหวาน (E10-E14) และ/หรือ ความดันโลหิตสูง (I10-I15) อายุ 35-60 ปีที่ขึ้นทะเบียน ได้รับการประเมินโอกาสเสี่ยงต่อการเกิดโรคหัวใจและหลอดเลือด (CVD Risk) ใน 10 ปีข้างหน้าที่มีระดับความเสี่ยงสูง CVD Risk ≥ 20% ได้รับการปรับเปลี่ยนพฤติกรรมและ/หรือได้รับการรักษาที่เหมาะสม อาทิ การได้รับยาลดไขมันการควบคุมระดับน้ำตาล และความดันโลหิตได้ ฯลฯ แล้วมีระดับความเสี่ยง CVD Risk ลดลง \r\n1. ผู้ที่ได้รับการประเมินโอกาสเสี่ยงต่อโรคหัวใจและหลอดเลือด (CVD Risk) และมีความเสี่ยงสูง หมายถึง ผู้ป่วยโรคเบาหวาน (E10-E14) และ/หรือ ความดันโลหิตสูง (I10-I15) อายุ 35-60 ปีที่ขึ้นทะเบียน ได้รับการประเมินโอกาสเสี่ยงต่อการเกิดโรคหัวใจและหลอดเลือด (CVD Risk) ใน 10 ปีข้างหน้า ที่มีระดับความเสี่ยงสูง CVD Risk ≥ 20%\r\n	 2. ผู้ป่วยเบาหวาน ความดันโลหิตสูงที่ขึ้นทะเบียน หมายถึง ผู้ป่วยอายุ 35 - 60 ปี ที่ได้รับการวินิจฉัยว่าเป็นโรคเบาหวาน และ/หรือ ความดันโลหิตสูง และได้รับการรักษาในโรงพยาบาลสังกัดสำนักการแพทย์\r\n	3. การเข้าสู่กระบวนการ หมายถึง ผู้ป่วยที่ได้รับการประเมินโอกาสเสี่ยงต่อการเกิดโรคหัวใจและหลอดเลือด (CVD Risk) ใน 10 ปีข้างหน้า ที่มีระดับความเสี่ยงสูง CVD Risk ≥ 20% ได้เข้ารับการปรับเปลี่ยนพฤติกรรมที่สอดคล้องกับความเสี่ยง เช่น  การให้คำปรึกษาเรื่องงดบุหรี่ การปรับพฤติกรรมการรับประทานอาหาร ลดไขมัน ลดเกลือ เป็นต้น และ/หรือได้รับการรักษาที่เหมาะสม อาทิ การได้รับยาลดไขมันการควบคุมระดับน้ำตาล และความดันโลหิตได้ ฯลฯ\r\nหมายเหตุ : รหัส ICD10 ที่จะนำมาประเมิน CVD Risk ได้แก่ \r\n	1. รหัสโรคเบาหวาน E10. - E14. (นับทุกจุดที่ตามหลังรหัส) ยกเว้น รหัส  E10. - E14. ร่วมกับ I60 - I69 ในทุกประเภทการวินิจฉัย (Dx type) รหัสโรคความดันโลหิตสูง I10 - I15 ยกเว้นรหัส I11.0,I11.9, I13.0,I13.1, I13.2, I13.9 และรหัส I10 - I15 ร่วมกับ I60 - I69 ในทุกประเภทการวินิจฉัย (Dx type)\r\n	2. กลุ่มเป้าหมาย ได้แก่ ผู้ที่ได้รับการประเมิน Thai CVD Risk และมีความเสี่ยงสูง (โดยใช้ผลเลือดในการคำนวณ) ระหว่างวันที่ 1 ตุลาคม 2566 - 31 มกราคม 2567 (เนื่องจากต้องใช้ระยะเวลาในการประเมินหลังการปรับเปลี่ยนพฤติกรรมและ/หรือได้รับการรักษาที่เหมาะสม 6 เดือน)\r\nวิธีการคำนวณ\r\nผู้ป่วยโรคเบาหวาน (E10 - E14) และ/หรือความดันโลหิตสูง (I10-I15) อายุ 35 - 60 ปีที่ขึ้นทะเบียน ได้รับการประเมินโอกาสเสี่ยงต่อการเกิดโรคหัวใจและหลอดเลือด (CVD Risk) ใน 10 ปีข้างหน้า ที่มีระดับความเสี่ยงสูง CVD Risk ≥ 20% เข้าสู่กระบวนการ แล้วมีระดับความเสี่ยง CVD Risk ลดลง หารด้วย ผู้ป่วยโรคเบาหวาน (E10-E14) และ/หรือความดันโลหิตสูง (I10-I15) อายุ 35 - 60 ปีที่ขึ้นทะเบียน ได้รับการประเมินโอกาสเสี่ยงต่อการเกิดโรคหัวใจและหลอดเลือด (CVD Risk) ใน 10 ปีข้างหน้า ที่มีระดับความเสี่ยงสูง CVD Risk ≥ 20% ทั้งหมด คูณ 100\r\n\r\n', 'ผู้ป่วยเบาหวาน (1) _1.1 จน.ผู้ป่วยได้รับการประเมิน Thai CVD Risk, ผู้ป่วยเบาหวาน (1) _1.2 จน.ผู้ป่วย CVD Risk เสี่ยงสูง เปลี่ยนพฤติกรรม+รักษา, ผู้ป่วยเบาหวาน (1) _1.3 จน.ผู้ป่วยเปลี่ยนพฤติกรรม+รักษา แล้ว CVD Risk ลดลง, ผู้ป่วยความดัน โลหิตสูง (2)_2.1 จน.ผู้ป่วยได้รับการประเมิน Thai CVD Risk, ผู้ป่วยความดัน โลหิตสูง (2)_2.2 จน.ผู้ป่วย CVD Risk เสี่ยงสูง เปลี่ยนพฤติกรรม+รักษา, ผู้ป่วยความดัน โลหิตสูง (2)_2.3 จน.ผู้ป่วยเปลี่ยนพฤติกรรม+รักษา แล้ว CVD Risk ลดลง, ผู้ป่วยที่เป็นทั้งโรคเบาหวานและ ความดันโลหิตสูง (3)_3.1 จน.ผู้ป่วยได้รับการประเมิน Thai CVD Risk, ผู้ป่วยที่เป็นทั้งโรคเบาหวานและ ความดันโลหิตสูง (3)_3.2 จน.ผู้ป่วย CVD Risk เสี่ยงสูง เปลี่ยนพฤติกรรม+รักษา, ผู้ป่วยที่เป็นทั้งโรคเบาหวานและ ความดันโลหิตสูง (3)_3.3 จน.ผู้ป่วยเปลี่ยนพฤติกรรม+รักษา แล้ว CVD Risk ลดลง, รวมผู้ป่วยทั้งหมด (4)_4.1 จน.ผู้ป่วยได้รับการประเมิน Thai CVD Risk, รวมผู้ป่วยทั้งหมด (4)_4.2 จน.ผู้ป่วย CVD Risk เสี่ยงสูง เปลี่ยนพฤติกรรม+รักษา*, รวมผู้ป่วยทั้งหมด (4)_4.3 จน.ผู้ป่วยเปลี่ยนพฤติกรรม+รักษา แล้ว CVD Risk ลดลง*', 1, '0', 12, '10, 11, 12, 13, 14, 15, 16, 17, 18, 19, 20, 23'),
('3.2', 'KPI 1.5.2.2 : มีการคัดกรองและประเมินความเสี่ยงในกลุ่มโรคไม่ติดต่อในเขตเมือง การคัดกรองความเสี่ยงด้านสุขภาพจิตและนำเข้าสู่ระบบการรักษาอย่างต่อเนื่องเพิ่มขึ้นจากปี 66 ร้อยละ 2', 2, 1, 'นิยาม\nการคัดกรองความเสี่ยงด้านสุขภาพจิต  หมายถึง ผู้ที่มารับบริการในโรงพยาบาลสังกัดสำนักการแพทย์ได้รับการ\nประเมินภาวะซึมเศร้าด้วยแบบประเมิน 2 คำถาม (2Q) \nการเข้าสู่ระบบการรักษาอย่างต่อเนื่อง หมายถึง ผู้ป่วยที่ได้รับการวินิจฉัยจากแพทย์ว่าเป็นผู้ป่วยโรคซึมเศร้าได้รับการรักษาครั้งแรกและได้รับการติดตามรักษาอย่างต่อเนื่องภายใน 6 เดือน\n\nวิธีการคำนวณ\nA  = จำนวนผู้รับบริการได้การคัดกรองความเสี่ยงด้านสุขภาพจิตและนำเข้าสู่ระบบการรักษาอย่างต่อเนื่องในปีงบประมาณ พ.ศ.2567\nB  = จำนวนผู้รับบริการได้การคัดกรองความเสี่ยงด้านสุขภาพจิตและนำเข้าสู่ระบบการรักษาอย่างต่อเนื่องในปีงบประมาณ พ.ศ.2566\nA - B x 100\n                    B\n', 'จำนวนผู้มารับบริการได้รับการประเมินภาวะซึมเศร้าด้วยแบบประเมิน 2 คำถาม (2Q) (1), จำนวนผู้ที่ได้รับการประเมิน 2 คำถาม (2Q) และได้รับการวินิจฉัยว่าเป็นโรคซึมเศร้า  (2) *, จำนวนผู้ป่วยโรคซึมเศร้าจากการคัดกรองตามข้อ (1) ได้รับการรักษาครั้งแรกและได้รับการติดตามรักษาอย่างต่อเนื่องภายใน 6 เดือน*', 0, '0', 4, '23, 14, 15, 10, 16, 17, 11, 12, 13'),
('30', 'KR 14 : ร้อยละของประชาชนในเขตพื้นที่บริการของ 7 Health zone ลงทะเบียนเข้าใช้บริการศูนย์สอบถามปัญหาสุขภาพ Call Center  \n(P224)\n\n(จำนวนประชาชนที่ใช้บริการ call center (อัตราส่วนเพิ่มมากขึ้น))\n', 100, 2, 'นิยาม\nประชาชนที่ในเขตพื้นที่บริการของ 7 Health zone ลงทะเบียนเข้าใช้บริการศูนย์สอบถามปัญหาสุขภาพ Call Center หมายถึง ประชาชนที่ใช้บริการศูนย์สอบถามปัญหาสุขภาพ Call Center ผ่านศูนย์สนับสนุนบริการสุขภาพเวชศาสตร์เขตเมือง (Urban Medicine Service Center, UMSC) \n\nวิธีการคำนวณ\nA = จำนวนประชาชนที่ใช้บริการศูนย์สอบถามปัญหาสุขภาพ Call Center ผ่านศูนย์สนับสนุนบริการเวชศาสตร์เขตเมือง (Urban Medicine Service Center, UMSC) ในปี 2567  \nB = จำนวนประชาชนที่ใช้บริการศูนย์สอบถามปัญหาสุขภาพ Call Center ผ่านศูนย์สนับสนุนบริการเวชศาสตร์เขตเมือง (Urban Medicine Service Center, UMSC)  ในปี 2566 \n                         = A - B  X 100\n                              B\n', 'จำนวนประชาชนที่ใช้บริการศูนย์สอบถามปัญหาสุขภาพผ่าน (UMSC) (ครั้ง)*', 0, '0', 1, '10, 11, 12, 13, 14, 15, 16, 17, 18, 19, 20, 23'),
('31', 'KR 15 : ร้อยละของนักเรียนกลุ่มเป้าหมายในโรงเรียนสังกัดกรุงเทพมหานครได้รับการฝึกทักษะการปฐมพยาบาลเบื้องต้นในการฟื้นคืนสัญญาณชีพ (CPR) (P237)', 100, 1, 'นิยาม\nนักเรียนกลุ่มเป้าหมายในโรงเรียนพื้นที่กรุงเทพมหานคร ได้รับการฝึกทักษะ การปฐมพยาบาล เบื้องต้นในการฟื้นคืนสัญญาณชีพ (CPR) หมายถึง นักเรียนกลุ่มเป้าหมายในโรงเรียนสังกัดกรุงเทพมหานครที่ขอรับการฝึกทักษะ การปฐมพยาบาล เบื้องต้นในการฟื้นคืนสัญญาณชีพ (CPR) โดยผู้ฝึกสอนที่ผ่านการอบรมการช่วยฟื้นคืนชีพขั้นพื้นฐาน(CPR) และการใช้เครื่องกระตุกหัวใจไฟฟ้าอัตโนมัติ (AED) \n\nวิธีการคำนวณ\nจำนวนนักเรียนกลุ่มเป้าหมายในโรงเรียนพื้นที่ กรุงเทพมหานครที่ได้รับการฝึกทักษะการปฐมพยาบาล เบื้องต้นในการฟื้นคืนสัญญาณชีพ (CPR) โดยผู้สอนที่ผ่านการอบรมการช่วยฟื้นคืนชีพขั้นพื้นฐาน(CPR) และการใช้เครื่องกระตุกหัวใจไฟฟ้าอัตโนมัติ (AED) หารด้วย จำนวนนักเรียนกลุ่มเป้าหมายในโรงเรียนพื้นที่กรุงเทพมหานครที่ขอรับการฝึกทักษะทั้งหมด คูณด้วย 100\n', 'จำนวนนักเรียนกลุ่มเป้าหมายในโรงเรียนพื้นที่กรุงเทพมหานครที่ขอรับการฝึกทักษะทั้งหมด*, จำนวนนักเรียนกลุ่มเป้าหมายในโรงเรียนพื้นที่ กรุงเทพมหานครที่ได้รับการฝึกทักษะการปฐมพยาบาล เบื้องต้นในการฟื้นคืนสัญญาณชีพ (CPR) โดยผู้สอนที่ผ่านการอบรมการช่วยฟื้นคืนชีพขั้นพื้นฐาน(CPR) และการใช้เครื่องกระตุกหัวใจไฟฟ้าอัตโนมัติ (AED)*', 0, '0', 2, '23, 22, 10, 11, 12, 13, 14, 15, 16, 17, 18, 19, 20'),
('32', 'KR 16 : ร้อยละของนักเรียนกลุ่มเป้าหมายในโรงเรียนนอกสังกัดกรุงเทพมหานครได้รับการฝึกทักษะการปฐมพยาบาลเบื้องต้นในการฟื้นคืนสัญญาณชีพ (CPR)  (P237) ', 80, 1, 'นักเรียนกลุ่มเป้าหมายในสถาบันการศึกษานอกสังกัดกรุงเทพมหานครที่ขอรับการสนับสนุน หมายถึง นักเรียน กลุ่มเป้าหมายในสถาบันการศึกษานอกสังกัดกรุงเทพมหานคร ที่ขอรับการ สนับสนุนวิทยากรในการฝึกอบรมการช่วยฟื้นคืนชีพขั้นพื้นฐาน(CPR) และการใช้เครื่องกระตุกหัวใจไฟฟ้าอัตโนมัติ (AED)\n\nวิธีการคำนวณ\nจำนวนสถาบันการศึกษานอกสังกัดกรุงเทพมหานคร ที่ได้รับการสนับสนุนวิทยากรการฝึกอบรมการช่วยฟื้นคืนชีพขั้นพื้นฐาน(CPR) และการใช้เครื่องกระตุกหัวใจไฟฟ้าอัตโนมัติ (AED) และได้รับการสนับสนุนวิทยากร หารด้วย จำนวนสถาบันการศึกษานอกสังกัดกรุงเทพมหานคร       ที่ขอรับการสนับสนุนวิทยากรการฝึกอบรมฯ ทั้งหมด    คูณด้วย 100\n', 'จำนวนสถาบันการศึกษานอกสังกัดกรุงเทพมหานคร ที่ได้รับการสนับสนุนวิทยากรการฝึกอบรมการช่วยฟื้นคืนชีพขั้นพื้นฐาน(CPR) และการใช้เครื่องกระตุกหัวใจไฟฟ้าอัตโนมัติ (AED) และได้รับการสนับสนุนวิทยากร *, จำนวนสถาบันการศึกษานอกสังกัดกรุงเทพมหานคร ที่ขอรับการสนับสนุนวิทยากรการฝึกอบรมฯ ทั้งหมด*', 0, '0', 3, '23, 22, 10, 14, 15, 16, 17, 11, 12, 18, 13, 19, 20'),
('33', 'KR 17 : ร้อยละของพื้นที่ที่มีความจำเป็นและความต้องการจากผลการสำรวจไดัรับการติดตั้งเครื่อง AED ในพื้นที่สาธารณะและชุมชน (จำนวนเครื่อง AED ที่มีการสั่งซื้อเพิ่ม และสั่งซื้อทดแทน) (P 238)', 80, 1, 'นิยาม\n\nพื้นที่สาธารณะ หมายถึง สวนสาธารณะและโรงเรียนในสังกัดกรุงเทพมหานคร ที่ได้รับการสำรวจและมีความจำเป็นต้องติดตั้งเครื่อง AED ได้รับการติดตั้งเครื่อง\nชุมชน หมายถึง ชุมชนจัดตั้งที่ขึ้นทะเบียนของ AED \nกรุงเทพมหานคร ที่ได้รับการสำรวจและมีความจำเป็นต้องติดตั้งเครื่อง AED ได้รับการติดตั้งเครื่อง\n\nวิธีการคำนวณ\nจำนวนพื้นที่สาธารณะและชุมชนที่ได้รับการสำรวจและมีความจำเป็นจำเป็นต้องติดตั้งเครื่อง AED ได้รับการติดตั้งเครื่อง AED หารด้วยจำนวนพื้นที่สาธารณะและชุมชนที่ได้รับการสำรวจและมีความจำเป็นต้องติดตั้งทั้งหมด      คูณด้วย 100\n', 'จำนวนพื้นที่สาธารณะและชุมชนที่ได้รับการสำรวจและมีความจำเป็นต้องติดตั้งทั้งหมด*, จำนวนพื้นที่สาธารณะและชุมชนที่ได้รับการสำรวจและมีความจำเป็นจำเป็นต้องติดตั้งเครื่อง AED ได้รับการติดตั้งเครื่อง AED*', 0, '0', 2, '23, 22'),
('34', 'ตัวชี้วัด KR 34 : ระยะเวลาเฉลี่ยในการออกบัตรคนพิการ ณ โรงพยาบาล', 60, 1, 'นิยาม : \nระยะเวลาในการออกบัตรประจำตัวคนพิการ หมายถึง ระยะเวลาตั้งแต่ผู้มารับบริการเริ่มยื่นเอกสารคำขอออกบัตรประจำตัว\nเป้าหมาย : \nร้อยละ 60 (ให้บริการภายใน 30 นาที)', 'จำนวนคนพิการที่ได้รับบริการออกบัตรประจำตัวคนพิการภายใน 1 วัน ทั้งหมด (ราย) (1)*, จำนวนคนพิการที่ได้รับบริการออกบัตรประจำตัว คนพิการ ภายใน 30 นาที (ราย) (2)*', 0, '0', 2, '10, 11, 12, 13, 14, 15, 16, 17, 18, 19, 20, 23'),
('35', 'KPI 19 : จำนวนศูนย์ความเป็นเลิศทางการแพทย์หรือศูนย์การรักษาโรคเฉพาะทางของโรงพยาบาลในสังกัดสำนักการแพทย์ผ่าน DSC', 9, 2, 'นิยาม\n     ศูนย์ความเป็นเลิศทางการแพทย์ของโรงพยาบาลในสังกัดสำนักการแพทย์ หมายถึง ศูนย์ความเป็นเลิศทางการแพทย์ที่ผ่านการประเมินโดยคณะกรรมการศูนย์ความเป็นเลิศทางการแพทย์ โรงพยาบาลสังกัดสำนักการแพทย์แล้ว จำนวน 9  ศูนย์ ประกอบด้วย \n1. ศูนย์จักษุวิทยา โรงพยาบาลกลาง \n2. ศูนย์ผ่าตัดกระดูกและข้อ โรงพยาบาลกลาง            \n3. ศูนย์ศัลยกรรมโรคอ้วน โรงพยาบาลกลาง \n4. ศูนย์ส่องกล้องและผ่าตัดผ่านกล้องระบบทางเดินอาหาร โรงพยาบาลกลาง \n5. ศูนย์สมองและหลอดเลือดสมอง โรงพยาบาลตากสิน \n6. ศูนย์เบาหวานและเมตาบอลิก โรงพยาบาลตากสิน \n7. ศูนย์ตรวจรักษาและผ่าตัดผ่านกล้อง โรงพยาบาล    เจริญกรุงประชารักษ์ \n8. ศูนย์เวชศาสตร์การกีฬาและเวชศาสตร์ฟื้นฟู โรงพยาบาลเจริญกรุงประชารักษ์ \n9. ศูนย์โรคระบบทางเดินหายใจ โรงพยาบาลสิริธร\n2. ความสำเร็จในการประเมินการรับรองเฉพาะโรค Disease Specific Certification – DSC หมายถึง การรับรองเฉพาะโรค/เฉพาะระบบโดยใช้มาตรฐานเฉพาะโรค/เฉพาะระบบ (Program and Disease Specific Standards; PDSS) จากสถาบันรับรองคุณภาพสถานพยาบาล (องค์การมหาชน) สรพ. จำนวน 1 ศูนย์ จาก 5 ศูนย์ ประกอบด้วย \n1. ศูนย์จักษุวิทยา โรงพยาบาลกลาง \n2. ศูนย์ผ่าตัดกระดูกและข้อ โรงพยาบาลกลาง            \n3. ศูนย์ส่องกล้องและผ่าตัดผ่านกล้องระบบทางเดินอาหาร โรงพยาบาลกลาง\n4. ศูนย์เวชศาสตร์การกีฬาและเวชศาสตร์ฟื้นฟู โรงพยาบาลเจริญกรุงประชารักษ์\n5. ศูนย์โรคระบบทางเดินหายใจ โรงพยาบาลสิริธร\n\nค่าเป้าหมาย\n1 ศูนย์ \n\nวิธีการคำนวณ\nนับจำนวน\n', '1. จำนวนศูนย์ความเป็นเลิศทางการแพทย์ที่ได้รับประเมิน DSC ปี 67*, ระบุ ชื่อ ศูนย์ความเป็นเลิศทางการแพทย์, 2. จำนวนรายโรค/ระบบ ที่ได้รับประเมิน DSC  ปี 67, ระบุรายโรค / ระบบ', 0, '0', 3, '10, 11, 12, 13, 14, 15, 16, 17, 18, 23'),
('36', 'KPI 20 : ความสำเร็จในการผ่านการตรวจประเมินมาตรฐานคุณภาพ ', 3, 2, 'คำนิยาม\nผ่านการประเมินมาตรฐานคุณภาพโรงพยาบาล หมายถึง  ผ่านการรับรอง คุณภาพตามมาตรฐานโรงพยาบาล และบริการสุขภาพ โดยรับการตรวจประเมินจากสถาบันรับรองคุณภาพสถานพยาบาล (องค์กรมหาชน) หรือพร้อมรับการตรวจ ประเมินคุณภาพโรงพยาบาล โดยส่งหนังสือขอรับการตรวจประเมินคุณภาพโรงพยาบาลไปยังสถาบันรับรองคุณภาพสถานพยาบาล (องค์กรมหาชน) เพื่อกำหนดวันเข้าตรวจประเมิน \n            \nวิธีการคำนวณ\nนับจำนวน\n', '1.จำนวนโรงพยาบาลที่ผ่านการประเมิน HA ในปี 67\r\nระบุชื่อรพ., 2. จำนวนโรงพยาบาลที่ส่งหนังสือถึง สรพ. เพื่อขอรับการประเมิน HA ในปี 67 ระบุชื่อ รพ., - รวม 1 + 2*', 0, '0', 3, '23, 14, 15, 13, 18, 19, 20'),
('37', 'KR 21 : จำนวนศูนย์/โครงการที่ดำเนินการสำเร็จ', 9, 2, 'นิยาม\nศูนย์/โครงการที่ดำเนินการสำเร็จ หมายถึง ศูนย์/โครงการที่ส่วนราชการสามารถเปิดให้บริการได้ภายในปีงบประมาณ พ.ศ.2567 \n\nค่าเป้าหมาย\n 9 ศูนย์/โครงการ\n\nวิธีการคำนวณ\nนับจำนวน\n', 'จำนวนศูนย์/โครงการที่ดำเนินการแล้วเสร็จ*, - ระบุชื่อโครงการ ที่ 1 (ยังไม่มีใส่ \"-\"), - ระบุชื่อโครงการ ที่ 2 (ยังไม่มีใส่ \"-\"), - ระบุชื่อโครงการ ที่ 3 (ยังไม่มีใส่ \"-\")', 0, '0', 4, '23, 10, 11, 12, 14, 16, 17'),
('38', 'KPI 22 : ร้อยละความสำเร็จในการพัฒนาศักยภาพ โรงพยาบาลเพื่อรองรับเทคโนโลยีด้านสุขภาพและบริการ  รูปแบบใหม่', 100, 2, 'คำนิยาม\nการพัฒนาศักยภาพเพื่อรองรับเทคโนโลยีด้านสุขภาพและบริการรูปแบบใหม่ หมายถึง การเปิดให้บริการ Premium Clinic หรือการนำเทคโนโลยีด้านสุขภาพรูปแบบใหม่มาใช้ในการให้บริการ\n\nวิธีการคำนวณ\nนับจำนวน\n', 'จำนวน Premium Clinic*, ระบุชื่อคลินิก ลำดับที่ 1, ระบุชื่อคลินิก ลำดับที่ 2 (ถ้าไม่มีใส่ \"-\"), ระบุชื่อคลินิก ลำดับที่ 3 (ถ้าไม่มีใส่ \"-\"), ระบุชื่อคลินิก ลำดับที่ 4 (ถ้าไม่มีใส่ \"-\"), ระบุชื่อคลินิก ลำดับที่ 5 (ถ้าไม่มีใส่ \"-\")', 0, '0', 1, '23, 10, 11, 16, 12, 17'),
('39', 'KPI 23 : ร้อยละความสำเร็จในการพัฒนา/ปรับปรุงโครงสร้างพื้นฐานตามแผนที่ ส่วนราชการกำหนด', 80, 1, 'คำนิยาม\r\nความสำเร็จในการพัฒนา/ปรับปรุงโครงสร้างพื้นฐาน ตามแผนที่ส่วนราชการกำหนด หมายถึง โครงการ/กิจกรรมที่ดำเนินการแล้วเสร็จตามขั้นตอนที่กำหนด  \r\n\r\n\r\nวิธีการคำนวณ\r\nจำนวนโครงการที่ส่วนราชการดำเนินการแล้วเสร็จตามขั้นตอนที่กำหนด หารด้วย จำนวนโครงการทั้งหมด       คูณด้วย 100\r\n\r\n1. โครงการการก่อสร้างอาคารอเนกประสงค์โรงพยาบาลตากสิน  (รพต.)\r\nขั้นตอนที่ 1 งานโครงสร้าง ชั้น ๑ - ชั้น ๒  \r\nขั้นตอนที่ 2 งานโครงสร้าง ชั้น ๓ - ชั้น ๔\r\nขั้นตอนที่ 3 งานโครงสร้าง ชั้น ๕ - ชั้น ๖\r\nขั้นตอนที่ 4 งานโครงสร้าง ชั้น ๗ - ชั้น ๘\r\nขั้นตอนที่ 5 งานโครงสร้าง ชั้น ๙ - ชั้น ๑0\r\nขั้นตอนที่ 6 งานโครงสร้าง ชั้น ๑๑ - ชั้น ๑๒\r\nขั้นตอนที่ 7 งานโครงสร้าง ชั้น ๑๓ - ชั้น ๑๔\r\n2. โครงการก่อสร้างโรงพยาบาลบางนากรุงเทพมหานคร  (รพบ.)\r\nขั้นตอนที่ 1  จัดทำรายละเอียดแบบก่อสร้าง\r\nขั้นตอนที่ 2 คณะกรรมการกำหนดราคากลาง\r\nขั้นตอนที่ 3 ประกาศจัดซื้อจัดจ้าง\r\nขั้นตอนที่ 4 ประกาศผู้ชนะราคา\r\nขั้นตอนที่ 5 ตรวจร่างสัญญาและลงนามในสัญญา\r\n', 'ขั้นตอนที่ รพ.สามารถดำเนินการแล้วเสร็จ (%)*, *', 0, '0', 2, '23, 11, 20'),
('4', 'KPI 1.5.4.2 : อัตราการรักษาสำเร็จในผู้ป่วยวัณโรค', 88, 1, 'นิยาม\n1 ความสำเร็จของการรักษา หมายถึง ผู้ป่วยวัณโรคปอดรายใหม่ที่มีผลการรักษาหายรวมกับรักษาครบ \n       1.1 รักษาหาย (Cured) หมายถึง ผู้ป่วยวัณโรคปอดรายใหม่ที่มีผลตรวจทางห้องปฏิบัติการพบเชื้อวัณโรคก่อนเริ่มการรักษา และต่อมาตรวจไม่พบเชื้อวัณโรคอย่างน้อยหนึ่งครั้งก่อนสิ้นสุดการรักษา และในเดือนสุดท้ายของการรักษา\n1.2 รักษาครบ (Treatment Completed) หมายถึง ผู้ป่วยวัณโรคปอดรายใหม่ที่รักษาครบกำหนดโดยไม่มีหลักฐานที่แสดงว่าการรักษาล้มเหลว ซึ่งผู้ป่วยดังกล่าวไม่มีเอกสารที่แสดงผลการตรวจเสมหะในเดือนสุดท้ายของการรักษา ทั้งนี้มีผลตรวจเสมหะเป็นลบอย่างน้อยหนึ่งครั้งก่อนสิ้นสุดการรักษา รวมทั้งผู้ป่วยที่ไม่ได้ตรวจหรือไม่มีผลตรวจ\n2 ผู้ป่วยวัณโรคปอดรายใหม่ หมายถึง ผู้ป่วยวัณโรคปอดที่ไม่เคยรักษาวัณโรคมาก่อนและผู้ป่วยที่รักษาวัณโรคน้อยกว่า 1 เดือน และไม่เคยขึ้นทะเบียนในแผนงานวัณโรคแห่งชาติ แบ่งเป็น 2 \nกลุ่ม คือ\n2.1 ผู้ป่วยที่มีผลตรวจยืนยันพบเชื้อวัณโรค (Bacteriologically confirmed: B+) หมายถึง ผู้ป่วยวัณโรคที่มีผลตรวจเสมหะเป็นบวก อาจจะเป็นการตรวจด้วยวิธี Smear microscopy หรือ Culture หรือวิธี Molecular หรือวิธีการอื่นๆ ที่องค์การอนามัยโลกรับรอง \n2.2 ผู้ป่วยที่วินิจฉัยด้วยลักษณะทางคลินิก (Clinically diagnosed: B-) หมายถึง ผู้ป่วยวัณโรคที่มีผลตรวจเสมหะเป็นลบ หรือไม่มีผลตรวจ แต่ผลการวินิจฉัยด้วยวิธีการตรวจเอกซเรย์รังสีทรวงอกหรือผลการตรวจชิ้นเนื้อผิดปกติเข้าได้กับวัณโรค ร่วมกับมีลักษณะทางคลินิกเข้าได้กับวัณโรค และแพทย์ตัดสินใจรักษาด้วยสูตรยารักษาวัณโรค\n\nวิธีการคำนวณ\nอัตราผลสำเร็จในการรักษา เท่ากับจำนวนผู้ป่วยที่รักษาหาย รวมกับจำนวนผู้ป่วยที่รักษาครบ ที่ขึ้นทะเบียนรักษาตั้งแต่รอบที่ 1 - 4 /2566 ในโรงพยาบาล 9 แห่ง หารด้วย จำนวนผู้ป่วยวัณโรคปอดรายใหม่ที่ขึ้นทะเบียนทั้งหมดในโรงพยาบาล 9 แห่ง ในรอบดังกล่าว คูณ 100 \n', 'จำนวนผู้ป่วยวัณโรคปอดรายใหม่ที่ขึ้นทะเบียนรักษา_ผลตรวจยืนยันพบเชื้อ (B+) (ราย), จำนวนผู้ป่วยวัณโรคปอดรายใหม่ที่ขึ้นทะเบียนรักษา_วินิจฉัยด้วยลักษณะทางคลินิก (B-) (ราย), จำนวนผู้ป่วยวัณโรคปอดรายใหม่ที่ขึ้นทะเบียนรักษา_รวมจำนวนผู้ป่วยใหม่ที่ขึ้นทะเบียนรักษา*, ผลการรักษาหาย (Cure Rate) (ราย), ผลการรักษาครบ (Complete Rate) (ราย), ผลความสำเร็จการรักษา (Cure+Complete) (ราย)*', 0, '0', 6, '23, 10, 18, 12, 13, 11, 17, 16, 15, 14'),
('40', 'ร้อยละของผู้ติดเชื้อเอชไอวีที่รู้สถานการณ์ติดเชื้อได้รับการรักษาด้วยยาต้านไวรัสและสามารถกดไวรัสได้ ', 100, 3, 'นิยาม \nผู้ติดเชื้อเอชไอวีที่รู้สถานะการติดเชื้อได้รับการรักษาด้วยยาต้านไวรัสและสามารถกดไวรัสได้ หมายถึง ผู้ติดเชื้อ เอชไอวีที่กินยาต้านไวรัสมากกว่า 180 วัน ได้รับการตรวจหาปริมาณไวรัสและสามารถกดระดับไวรัสได้ น้อยกว่า 1,000 copies/mL ตามเป้าหมาย 95-95-95 ในการยุติเอดส์ของ WHO ในปี 2573 \nวิธีคำนวณ/วัดผลการดำเนินงาน/สูตรคำนวณ\nจำนวนผู้ที่มีระดับปริมาณไวรัส น้อยกว่า 1,000 copies/mL หารด้วย จำนวนผู้ที่ได้รับยาต้านไวรัสมากกว่า 180 วัน และได้รับการตรวจหาปริมาณไวรัส คูณด้วย ๑๐๐\nวิธีเก็บข้อมูล/หลักฐาน\n1. รายงาน HIV Dashboard จากเว็บไซต์ Bangkok Smart Monitoring System (BSMS)\n2. รายงานผลการดำเนินงาน ปัญหา อุปสรรค และข้อเสนอแนะในการดำเนินงาน\n', '-', 0, '0', 0, '23'),
('41', 'ร้อยละของการรักษาพยาบาลด้วยระบบโทรเวชกรรม (Telemedicine) ผ่าน App หมอ กทม. ของโรงพยาบาลสังกัดสำนักการแพทย์ ', 100, 3, 'นิยาม  \nการรักษาพยาบาลด้วยระบบโทร      เวชกรรม (Telemedicine) ผ่าน App หมอ กทม.ของโรงพยาบาลสังกัดสำนักการแพทย์ หมายถึง แพทย์ในโรงพยาบาลในสังกัดสำนักการแพทย์ สามารถตรวจวินิจฉัย ประเมินอาการ หรือให้คำแนะนำเกี่ยวกับอาการเจ็บป่วยเบื้องต้นที่ไม่รุนแรง ให้กับผู้ป่วยด้วยระบบโทรเวชกรรม (Telemedicine) ผ่าน App หมอ กทม.โดยมีกลุ่มเป้าหมายประกอบด้วยผู้ป่วยโรคทั่วไปครอบคลุม 42 กลุ่มโรค/อาการ ตามประกาศของสำนักงานหลักประกันสุขภาพแห่งชาติ (สปสช.) ผู้ป่วยกลุ่มเปราะบางผู้ป่วยติดบ้านติดเตียง ผู้สูงอายุ ผู้พิการ หรือที่แพทย์เห็นสมควร\nผู้ป่วยนอก หมายถึง ผู้ป่วยโรคทั่วไปครอบคลุม 42 กลุ่มโรค/อาการ ตามประกาศของสำนักงานหลักประกันสุขภาพแห่งชาติ (สปสช.) หรือที่แพทย์เห็นสมควร\nวิธีคำนวณ/วัดผลการดำเนินงาน/สูตรคำนวณ\nจำนวนผู้รับบริการรักษาพยาบาลด้วยระบบโทรเวชกรรม (Telemedicine) ผ่าน App หมอ กทม. หารด้วย จำนวนผู้ป่วยนอก (OPD) 42 กลุ่มโรค/อาการ ตามประกาศของสำนักงานหลักประกันสุขภาพแห่งชาติ (สปสช.) หรือที่แพทย์เห็นสมควร ที่มารับบริการในโรงพยาบาลสังกัดสำนักการแพทย์ทั้งหมด คูณด้วย 100\n\nวิธีเก็บข้อมูล/หลักฐาน\n1. เก็บข้อมูลจากระบบสารสนเทศของโรงพยาบาล (Hospital Information System: HIS)\n2. รายงานผลการดำเนินงาน ปัญหา อุปสรรค และข้อเสนอแนะในการดำเนินงาน\n', '-', 0, '0', 0, '23'),
('42', 'จำนวนกลุ่มเขตสุขภาพ (Bangkok Health Zoning) ที่มีการจัดกิจกรรมตลาดนัดรักษ์สุขภาพ ', 100, 3, 'นิยาม  \n1. กลุ่มเขตสุขภาพ (Bangkok Health Zoning) หมายถึง การแบ่งพื้นที่กลุ่มเขตในกรุงเทพมหานคร เพื่อให้มีการพัฒนาระบบบริหารจัดการด้านการแพทย์และสาธารณสุข โดยมีโรงพยาบาลสังกัดกรุงเทพมหานครเป็นโรงพยาบาลแม่ข่าย (Zone Facilitator) \nจำแนกเป็น 7 กลุ่มเขต ดังนี้\n     1.1 กลุ่มเขตที่ 1 ครอบคลุมพื้นที่เขตทวีวัฒนา ตลิ่งชัน หนองแขม บางแค ภาษีเจริญ บางบอน และบางขุนเทียน (โรงพยาบาลราชพิพัฒน์ เป็นโรงพยาบาลแม่ข่าย)\n     1.2 กลุ่มเขตที่ 2 ครอบคลุมพื้นที่เขตจอมทอง บางกอกน้อย บางกอกใหญ่ ธนบุรี และคลองสาน (โรงพยาบาลตากสิน เป็นโรงพยาบาลแม่ข่าย)\n     1.3 กลุ่มเขตที่ 3 ครอบคลุมพื้นที่เขตราษฎร์บูรณะ ทุ่งครุ บางคอแหลม ยานนาวา สาทร คลองเตย วัฒนา บางรัก ปทุมวัน และพระโขนง (โรงพยาบาลเจริญกรุงประชารักษ์ เป็นโรงพยาบาลแม่ข่าย)\n     1.4 กลุ่มเขตที่ 4 ครอบคลุมพื้นที่เขต บางพลัด ดุสิต บางซื่อ และพระนคร (โรงพยาบาลวชิรพยาบาลเป็นโรงพยาบาลแม่ข่าย)\n     1.5 กลุ่มเขตที่ 5 ครอบคลุมพื้นที่เขตจตุจักร พญาไท ดินแดง ห้วยขวาง ป้อมปราบศัตรูพ่าย สัมพันธวงศ์ และราชเทวี (โรงพยาบาลกลาง เป็นโรงพยาบาลแม่ข่าย)\n     1.6 กลุ่มเขตที่ 6 ครอบคลุมพื้นที่เขตดอนเมือง สายไหม หลักสี่ บางเขน ลาดพร้าว และวังทองหลาง (โรงพยาบาลกลาง เป็นโรงพยาบาลแม่ข่าย)\n     1.7 กลุ่มเขตที่ 7 ครอบคลุมพื้นที่เขตสวนหลวง ประเวศ บางนา บางกะปิ สะพานสูง  บึงกุ่ม คันนายาว มีนบุรี คลองสามวา        หนองจอก และลาดกระบัง (โรงพยาบาล      สิรินธร เป็นโรงพยาบาลแม่ข่าย)\n\n\n2. ตลาดนัดรักษ์สุขภาพ หมายถึง การจัดกิจกรรมในพื้นที่หนึ่งของเขตสุขภาพ โดยหน่วยงาน/เครือข่ายที่เกี่ยวข้องทั้งภาครัฐและภาคเอกชน เพื่อนำเสนอผลสำเร็จของโครงการที่เกิดจากการวิเคราะห์ปัญหาสำคัญของชุมชนในพื้นที่อย่างน้อย 1 โครงการ โดยร่วมกันจัดกิจกรรม ได้แก่ การเสวนา แลกเปลี่ยนเรียนรู้ และประชาสัมพันธ์เกี่ยวกับข้อมูลหรือกิจกรรมด้านสุขภาพ เพื่อให้บุคลากรและประชาชนที่เข้าร่วมกิจกรรมได้แลกเปลี่ยนเรียนรู้ นำไปสู่การต่อยอดโครงการอื่น ๆ เพื่อประโยชน์ด้านสุขภาพแก่ประชาชนในพื้นที่ต่อไป โดยโครงการดังกล่าวจะต้องเกิดจากการดำเนินการในกลุ่มเขตสุขภาพ (Bangkok Health Zoning)\nค่าเป้าหมาย\nกลุ่มเขตสุขภาพละ 1 ครั้งต่อปี รวมจำนวน 6 กลุ่มเขต (ยกเว้นกลุ่มเขตสุขภาพที่ 4)\n\n\nวิธีคำนวณ/วัดผลการดำเนินงาน/สูตรคำนวณ\nเทียบผลการดำเนินการกับเกณฑ์ที่กำหนด\n\nวิธีเก็บข้อมูล/หลักฐาน\n1. แบบฟอร์มการรายงานตัวชี้วัด\n2. ภาพถ่ายกิจกรรม\n3. รายงานสรุปผลการดำเนินการโครงการที่เกิดจากการวิเคราะห์ปัญหาสำคัญของชุมชนในพื้นที่ 6 กลุ่มเขตสุขภาพ (Bangkok Health Zoning)\n4. แบบประเมินความพึงพอใจ และรายงานสรุปผลการประเมินความพึงพอใจ\n5. รายงานผลการดำเนินงาน ปัญหา อุปสรรค และข้อเสนอแนะในการดำเนินงาน\n', '-', 0, '0', 0, '23'),
('43', 'ร้อยละความสำเร็จในการรับ-ส่งต่อผู้ป่วยระหว่างโรงพยาบาลในสังกัดสำนักการแพทย์และศูนย์บริการสาธารณสุขผ่านระบบ e-Referral', 100, 3, 'นิยาม  \nความสำเร็จในการรับ-ส่งต่อผู้ป่วยระหว่างโรงพยาบาลในสังกัดสำนักการแพทย์และศูนย์บริการสาธารณสุขผ่านระบบ e-Referral หมายถึง ศูนย์บริการสาธารณ\nสุขสามารถส่งต่อผู้ป่วยผ่านระบบสารสนเทศ e-Referral ให้มารับการรักษาต่อที่โรงพยาบาลในสังกัดสำนักการแพทย์ โดยโรงพยาบาลสามารถให้วันนัดหมายและศูนย์บริการสาธารณสุขตอบรับการนัดหมายได้ภายใน 30 นาที ยกเว้นกรณีฉุกเฉิน\nภารกิจของหน่วยงาน/ส่วนราชการฯ ที่เกี่ยวข้อง \n1. สำนักอนามัย ดำเนินการ ดังนี้\n1.1 ศูนย์บริการสาธารณสุขให้บริการตรวจรักษา กรณีพบว่ามีความจำเป็นต้องส่งต่อให้บันทึกข้อมูลการส่งต่อผู้ป่วย เพื่อรับการตรวจวินิจฉัยหรือรักษาไปยังโรงพยาบาล และแจ้งขอวันนัดหมายเพื่อเข้ารับการรักษาตามสิทธิการรักษาผ่านระบบ e-Referral\n1.2 เมื่อศูนย์บริการสาธารณสุขได้รับแจ้งวันนัดหมายจากโรงพยาบาลให้ดำเนินการตอบรับในระบบ e-Referral และแจ้งผู้ป่วยทราบพร้อมพิมพ์ใบนัดหมาย\n2. สำนักการแพทย์ ดำเนินการ ดังนี้\n2.1 เมื่อได้รับแจ้งขอวันนัดหมายจากศูนย์บริการสาธารณสุข โรงพยาบาลดำเนินการตรวจสอบความถูกต้องและครบถ้วนของข้อมูล หากไม่ครบถ้วนต้องดำเนินการประสานขอข้อมูลเพิ่มเติมและระบุวันนัดหมายพร้อมคลินิกที่ต้องเข้ารับการรักษาในระบบ e-Referral\n2.2 กรณีผู้ป่วยไม่มีหมายเลขผู้ป่วยนอก (Hospital Number: HN) ของโรงพยาบาลมาก่อนให้ดำเนินการออก HN ใหม่ \n2.3 แจ้งวันนัดหมายให้ศูนย์บริการสาธารณสุขทราบผ่านระบบ e-Referral\n2.4 ผู้ป่วยเข้ารับการรักษาในโรงพยาบาลตามวันนัดหมาย\nวิธีคำนวณ/วัดผลการดำเนินงาน/สูตรคำนวณ\nจำนวนครั้งของผู้ป่วยที่ส่งต่อผ่านระบบ e-Referral ได้รับการนัดหมายภายใน 30 นาที หารด้วย จำนวนครั้งของผู้ป่วยที่ส่งต่อจากศูนย์บริการสาธารณสุขผ่านระบบ e-Referral ทั้งหมด คูณด้วย 100\nวิธีเก็บข้อมูล/หลักฐาน\n1. เก็บข้อมูลจากระบบสารสนเทศของโรงพยาบาลและศูนย์บริการสาธารณสุข\n2. รายงานผลการดำเนินงาน ปัญหา อุปสรรค และข้อเสนอแนะในการดำเนินงาน\n', '-', 0, '0', 0, '23'),
('44', 'ร้อยละของการรักษาพยาบาลด้วยระบบโทรเวชกรรม (Telemedicine) ผ่าน App หมอ กทม. ของโรงพยาบาลสังกัดสำนักการแพทย์ ', 100, 3, 'นิยาม  \nการรักษาพยาบาลด้วยระบบโทร      เวชกรรม (Telemedicine) ผ่าน App หมอ กทม.ของโรงพยาบาลสังกัดสำนักการแพทย์ หมายถึง แพทย์ในโรงพยาบาลในสังกัดสำนักการแพทย์ สามารถตรวจวินิจฉัย ประเมินอาการ หรือให้คำแนะนำเกี่ยวกับอาการเจ็บป่วยเบื้องต้นที่ไม่รุนแรง ให้กับผู้ป่วยด้วยระบบโทรเวชกรรม (Telemedicine) ผ่าน App หมอ กทม.โดยมีกลุ่มเป้าหมายประกอบด้วยผู้ป่วยโรคทั่วไปครอบคลุม 42 กลุ่มโรค/อาการ ตามประกาศของสำนักงานหลักประกันสุขภาพแห่งชาติ (สปสช.) ผู้ป่วยกลุ่มเปราะบางผู้ป่วยติดบ้านติดเตียง ผู้สูงอายุ ผู้พิการ หรือที่แพทย์เห็นสมควร\nผู้ป่วยนอก หมายถึง ผู้ป่วยโรคทั่วไปครอบคลุม 42 กลุ่มโรค/อาการ ตามประกาศของสำนักงานหลักประกันสุขภาพแห่งชาติ (สปสช.) หรือที่แพทย์เห็นสมควร\nวิธีคำนวณ/วัดผลการดำเนินงาน/สูตรคำนวณ\nจำนวนผู้รับบริการรักษาพยาบาลด้วยระบบโทรเวชกรรม (Telemedicine) ผ่าน App หมอ กทม. หารด้วย จำนวนผู้ป่วยนอก (OPD) 42 กลุ่มโรค/อาการ ตามประกาศของสำนักงานหลักประกันสุขภาพแห่งชาติ (สปสช.) หรือที่แพทย์เห็นสมควร ที่มารับบริการในโรงพยาบาลสังกัดสำนักการแพทย์ทั้งหมด คูณด้วย 100\n\nวิธีเก็บข้อมูล/หลักฐาน\n1. เก็บข้อมูลจากระบบสารสนเทศของโรงพยาบาล (Hospital Information System: HIS)\n2. รายงานผลการดำเนินงาน ปัญหา อุปสรรค และข้อเสนอแนะในการดำเนินงาน\n', '-', 0, '0', 0, '23'),
('45', 'ร้อยละของผู้ป่วยวิกฤติฉุกเฉินที่ได้รับบริการการแพทย์ฉุกเฉิน ด้วยรถจักรยานยนต์ฉุกเฉินทางการแพทย์ (Motorlance) ภายในระยะเวลา 10 นาที', 100, 3, 'นิยาม\nผู้ป่วยวิกฤติฉุกเฉินที่ได้รับบริการการแพทย์ฉุกเฉิน ด้วยรถจักรยานยนต์ฉุกเฉินทางการแพทย์ (Motorlance) ภายในระยะเวลา 10 นาที หมายถึง ผู้ป่วยวิกฤติฉุกเฉินในเขตพื้นที่รับผิดชอบที่ได้รับบริการการแพทย์ฉุกเฉินด้วยรถจักรยานยนต์ฉุกเฉินทางการแพทย์ (Motorlance) ภายในระยะเวลา 10 นาที โดยสั่งการจากศูนย์รับแจ้งเหตุและสั่งการ (Call center) ของศูนย์เอราวัณ\n\nวิธีคำนวณ/วัดผลการดำเนินงาน/สูตรคำนวณ\nจำนวนผู้ป่วยวิกฤตฉุกเฉิน (สีแดง) ที่ได้รับบริการการแพทย์ฉุกเฉินด้วยรถจักรยานยนต์ฉุกเฉินทางการแพทย์ (Motorlance) ภายในระยะเวลา 10 นาที หารด้วยจำนวนผู้ป่วยวิกฤตฉุกเฉิน (สีแดง) ที่ได้รับบริการด้วยรถจักรยานยนต์ฉุกเฉินทางการแพทย์ (Motorlance) ทั้งหมด คูณด้วย 100\n\nวิธีเก็บข้อมูล/หลักฐาน\n1. ฐานข้อมูลระบบสารสนเทศของศูนย์บริการการแพทย์ฉุกเฉินกรุงเทพมหานคร (ศูนย์เอราวัณ)\n2. รายงานผลการดำเนินงาน ปัญหา อุปสรรค และข้อเสนอแนะในการดำเนินงาน\n', '-', 0, '0', 0, '23'),
('46', 'ร้อยละความสำเร็จในในการยกระดับการเปลี่ยนผ่านดิจิทัลภาครัฐเพื่อการบริหารราชการที่ยืดหยุ่น โปร่งใส คล่องตัว ', 100, 3, 'ตามที่ สกก. กำหนด', '-', 0, '0', 0, '23');
INSERT INTO `form` (`fm_id`, `fm_name`, `fm_solve`, `fm_method`, `fm_define`, `fm_paras`, `fm_com`, `fm_con`, `fm_numpara`, `fm_res`) VALUES
('47', 'ร้อยละความสำเร็จในในการยกระดับการเปลี่ยนผ่านดิจิทัลภาครัฐเพื่อการบริหารราชการที่ยืดหยุ่น โปร่งใส คล่องตัว ', 7, 2, 'ตามที่ สยป.กำหนด', 'ระบุชื่อระบบอิเล็กทรอนิกส์ \r\n(ตย. ระบบ MIS2), จำนวนระบบอิเล็กทรอนิกส์ที่นำมาใช้ปฏิบัติหน้าที่*, เป้าหมาย*', 0, '7', 3, '10, 11, 12, 13, 14, 15, 16, 17, 18, 19, 20, 21, 22, 23'),
('48', 'ความสำเร็จของการเบิกจ่ายงบประมาณในภาพรวม ', 100, 1, 'ตามที่ สงม.กำหนด', 'ร้อยละความสำเร็จในการเบิกจ่ายงบประมาณ*, *', 0, '0', 2, '10, 11, 12, 13, 14, 15, 16, 17, 18, 19, 20, 21, 22, 23'),
('5', 'KPI 1.5.4.5 : อัตราป่วยตายด้วยโรคติดเชื้อไวรัสโคโรนา 2019 (โควิด 19)', 0.1, 1, 'คำนิยาม \n1. โรคติดเชื้อไวรัสโคโรนา 2019       (โรคโควิด19) หมายถึง การติดเชื้อไวรัส โคโรนา 2019 ทั้งที่มีอาการและไม่มีอาการ โดยมีผลตรวจทางห้องปฏิบัติการยืนยันเป็นบวก\n2. อัตราป่วยตายไม่เกินค่าเป้าหมาย หมายถึง อัตราป่วยตายของผู้ป่วยโรคติดเชื้อไวรัสโคโรนา 2019 ของสำนักการแพทย์ ไม่เกินร้อยละ 0.1 (ตั้งแต่วันที่ 1 ต.ค.66 – 30 ก.ย.67) โดยนับผู้ป่วยทุกรายที่มีผลทางห้องปฏิบัติการยืนยันเป็นบวก\n วิธีการคำนวณ\nจำนวนผู้เสียชีวิตจากโรคติดเชื้อไวรัส       โคโรนา 2019 ในโรงพยาบาลสังกัดสำนักการแพทย์ หารด้วย จำนวนผู้ป่วยยืนยันโรคติดเชื้อไวรัสโคโรนา 2019 ที่มารับบริการในสังกัดสำนักการแพทย์ คูณด้วย 100\n', 'จำนวนผู้ป่วย COVID-19_ผู้ป่วยนอก (ราย), จำนวนผู้ป่วย COVID-19_ผู้ป่วยใน (ราย), รวมผู้ป่วย  COVID-19 (ราย)*, จำนวนผู้ป่วย COVID-19  เสียชีวิต (ราย)*', 0, '0', 5, '23, 18, 17, 16, 15, 14, 10, 11, 12, 13'),
('6', 'KPI 1.5.5.1 : ระบบการบริหารทรัพยากรสนับสนุนการบริการทางการแพทย์และสาธารณสุขด้วยแผนที่ Bangkok Health Map', 4, 2, 'นิยาม\nแผนที่ Bangkok Health Map หมายถึง จุดรวมบริการข้อมูลทางด้านสุขภาพของกรุงเทพมหานคร โดยมีจัดในรูปแบบตามตำแหน่งพื้นที่ที่ตั้ง จุดมุ่งหมายแรกคือ    การให้ข้อมูลเปิดสำหรับประชาชนทั่วไป  เข้าใช้\nระบบฐานข้อมูลกลุ่มเปราะบาง หมายถึง ระบบที่มีการบันทึกตำแหน่งและข้อมูลของประชาชนกลุ่มเปราะบางหรือกลุ่มเป้าหมาย ที่ยินยอมให้ดำเนินการเพื่อรับความช่วยเหลือทางด้านสาธารณสุขใดๆ กับทางกรุงเทพมหานคร โดยมีการจำกัดสิทธิของผู้ที่เข้าไปดู และใช้ข้อมูล ตามกฎหมาย PDPA \nเป้าหมาย ได้แก่\n1.จัดทำชุดข้อมูลหน่วยบริการ ปฐมภูมิ ทุติยภูมิ และ ตติยภูมิ ในพื้นที่ กทม \n2.จัดทำข้อมูลทรัพยากร บุคลากร จำนวนเตียง และหน่วยส่งเสริมด้านสาธารณสุข\n3. จัดทำฐานข้อมูลทางด้านเครือข่ายระบบบริการทางการแพทย์ และ เครื่อง AED \n4. จัดทำ health map for personal เป็นระบบจัดเก็บฐานข้อมูลชุมชนในกลุ่มเปราะบาง หรือกลุ่มเป้าหมาย ของหน่วยบริการในสังกัด กทม\nวิธีการคำนวณ\nมีฐานข้อมูลชุมชนกลุ่มเปราะบางหน่วยบริการปฐมภูมิ ทุติยภูมิ      ตติยภูมิจำนวนเตียง บุคลากรทางการแพทย์และสาธารณสุขในพื้นที่ ฐานข้อมูลเครือข่าย\nระบบบริการการแพทย์ฉุกเฉินกรุงเทพมหานคร\n', 'จำนวน ฐานข้อมูลที่รพได้ก็บ*, ชื่อ ฐานข้อมูลที่ 1 (ถ้าไม่มี \"-\"), ชื่อ ฐานข้อมูลที่ 2 (ถ้าไม่มี \"-\"), ชื่อ ฐานข้อมูลที่ 3 (ถ้าไม่มี \"-\"), ชื่อ ฐานข้อมูลที่ 4 (ถ้าไม่มี \"-\"), ชื่อ ฐานข้อมูลที่ 5 (ถ้าไม่มี \"-\"), ชื่อ ฐานข้อมูลที่ 6 (ถ้าไม่มี \"-\")', 0, '0', 7, '23, 16'),
('7', 'KPI 1.5.5.2 : มีระบบส่งต่อผู้ป่วยที่เชื่อมโยงไร้รอยต่อ (Seamless) ครอบคลุมพื้นที่กรุงเทพมหานคร ทั้งในระดับ\nปฐมภูมิ ทุตติยภูมิ ตติยภูมิ \nและตติยภูมิขั้นสูงผ่านระบบ \ne-refer', 100, 3, 'นิยาม\nระบบส่งต่อผู้ป่วยที่เชื่อมโยงไร้รอยต่อ (Seamless) หมายถึง ระบบสารสนเทศ เพื่อการส่งต่อผู้ป่วย (e-Referral) ที่เชื่อมโยงข้อมูลการรักษา ดูแลผู้ป่วยระหว่างโรงพยาบาล และศูนย์บริการสาธารณสุข  ให้ผู้ป่วยได้รับการดูแลรักษาพยาบาลอย่างเหมาะสมลดกระบวนการในการส่งต่อผู้ป่วย\nวิธีการคำนวณ \nนับจำนวน\n', '-', 0, '0', 0, '10, 11, 12, 13, 14, 15, 16, 17, 18, 19, 20, 23'),
('8', 'KPI 1.5.5.3 เพิ่มศักยภาพการดูแลสุขภาพคนเมืองที่บ้าน (Urban Medicine Home Care) ผ่านระบบ Telemedicine ที่เชื่อมต่อบนแอปพลิเคชันเดียว ', 90, 1, 'นิยาม : \n1. ผู้สูงอายุที่อยู่ในภาวะพึ่งพิง หมายถึง ผู้สูงอายุที่มีข้อจำกัดในการทำกิจวัตรประจำวัน (ADLs) ในระดับพึ่งพิงทั้งหมดและพึ่งพิงเป็นส่วนมากที่ต้องการการเยี่ยมบ้านหรือการดูแลแบบประคับประคองได้รับบริการตามมาตรฐานในมิติสุขภาพจากโรงพยาบาลในสังกัดสำนักการแพทย์ \n(ADL ≤ 11 คะแนน) \n2. บริการตามมาตรฐาน หมายถึง การให้บริการด้านสุขภาพเพื่อการดูแลผู้สูงอายุขั้นพื้นฐานที่จำเป็น เช่น การคัดกรองปัญหาสำคัญและโรคที่พบบ่อยในผู้สูงอายุ การคัดกรองกลุ่ม Geriatric syndromes การประเมินสมรรถนะผู้สูงอายุเพื่อการดูแล เป็นต้น รวมถึงการเยี่ยมบ้านแบบบูรณาการร่วมกับหน่วยงานที่เกี่ยวข้อง ให้ได้รับการดูแลต่อเนื่องที่บ้านสำหรับผู้ป่วยสูงอายุที่มีค่าประเมินการใช้ชีวิตประจำวัน ADL ≤ 11 คะแนน เพื่อให้การรักษาและฟื้นฟูในด้านมิติสุขภาพ รวมถึงมิติสังคม \n\nเป้าหมาย :\n ผู้ป่วยและผู้สูงอายุที่อยู่ในภาวะพึ่งพิงและต้องการการเยี่ยมบ้านหรือดูแลแบบประคับประคองได้รับการพยาบาลต่อเนื่องที่บ้าน ร้อยละ 90', 'ผู้สูงอายที่รับบริการในคลินิกผู้สูงอายุคุณภาพทั้งหมด (ราย)   (1), จำนวนผู้สูงอายุที่อยู่ในภาวะพึ่งพิงและต้องการการเยี่ยมบ้านหรือการดูแลแบบประคับประคองทั้งหมด (ราย)  (2), จำนวนผู้สูงอายุที่อยู่ในภาวะพึ่งพิงและต้องการ การเยี่ยมบ้านหรือการดูแลแบบประคับประคอง ได้รับบริการตามมาตรฐาน (3)_การเยี่ยมบ้าน  (ราย)  (3.1), จำนวนผู้สูงอายุที่อยู่ในภาวะพึ่งพิงและต้องการ การเยี่ยมบ้านหรือการดูแลแบบประคับประคอง ได้รับบริการตามมาตรฐาน (3)_ดูแลผ่าน Telemedicine  (ราย)  (3.2)*, จำนวนผู้สูงอายุที่อยู่ในภาวะพึ่งพิงและต้องการ การเยี่ยมบ้านหรือการดูแลแบบประคับประคอง ได้รับบริการตามมาตรฐาน (3)_รวม   (3.1+3.2)*', 0, '0', 5, '10, 11, 12, 13, 14, 15, 16, 17, 18, 19, 20, 23'),
('9', 'KPI 1.5.5.4 : เพิ่มประสิทธิภาพการดูแลรักษาประชาชนให้ครอบคลุมพื้นที่', 100, 3, 'นิยาม\nเพิ่มประสิทธิภาพการดูแลรักษาประชาชนให้ครอบคลุมพื้นที่ หมายถึง การพัฒนาพื้นที่ Bangkok Health Zoning ด้านการแพทย์และสาธารณสุข เพื่อพัฒนาระบบการดูแลสุขภาพของประชาชน โดยบูรณาการความร่วมมือระหว่างโรงพยาบาลสังกัดสำนักการแพทย์ โรงพยาบาลสังกัดกระทรวงสาธารณสุข UHOSNET    ศูนย์บริการสาธารณสุข สำนักอนามัย สำนักงานเขตพื้นที่ สำนักงานหลักประกันสุขภาพ สถานพยาบาลเอกชน และเครือข่ายภาคประชาชนในเขตพื้นที่ โดยมีการแบ่งพื้นที่กลุ่มเขตในกรุงเทพมหานคร เพื่อให้มีการพัฒนาระบบบริหารจัดการด้านการแพทย์และสาธารณสุข โดยมีโรงพยาบาลสังกัดกรุงเทพมหานครเป็นโรงพยาบาลแม่ข่าย (Zone Facilitator) \nจำแนกเป็น 7 กลุ่มเขต ดังนี้\n     1.1 กลุ่มเขตที่ 1 ครอบคลุมพื้นที่เขตทวีวัฒนา ตลิ่งชัน หนองแขม บางแค     ภาษีเจริญ บางบอน และบางขุนเทียน (โรงพยาบาลราชพิพัฒน์ เป็นโรงพยาบาลแม่ข่าย)\n     1.2 กลุ่มเขตที่ 2 ครอบคลุมพื้นที่เขตจอมทอง บางกอกน้อย บางกอกใหญ่ ธนบุรี และคลองสาน (โรงพยาบาลตากสิน เป็นโรงพยาบาลแม่ข่าย)\n     1.3 กลุ่มเขตที่ 3 ครอบคลุมพื้นที่เขตราษฎร์บูรณะ ทุ่งครุ บางคอแหลม        ยานนาวา สาทร คลองเตย วัฒนา บางรัก   ปทุมวัน และพระโขนง (โรงพยาบาลเจริญกรุงประชารักษ์ เป็นโรงพยาบาลแม่ข่าย)\n     1.4 กลุ่มเขตที่ 4 ครอบคลุมพื้นที่เขตบางพลัด ดุสิต บางซื่อ และพระนคร (โรงพยาบาลวชิรพยาบาลเป็นโรงพยาบาลแม่ข่าย)\n     1.5 กลุ่มเขตที่ 5 ครอบคลุมพื้นที่เขตจตุจักร พญาไท ดินแดง ห้วยขวาง ป้อมปราบศัตรูพ่าย สัมพันธวงศ์ และราชเทวี (โรงพยาบาลกลาง เป็นโรงพยาบาลแม่ข่าย)\n     1.6 กลุ่มเขตที่ 6 ครอบคลุมพื้นที่เขตดอนเมือง สายไหม หลักสี่ บางเขน ลาดพร้าว และวังทองหลาง (โรงพยาบาลกลาง เป็นโรงพยาบาลแม่ข่าย)\n     1.7 กลุ่มเขตที่ 7 ครอบคลุมพื้นที่เขตสวนหลวง ประเวศ บางนา บางกะปิ สะพานสูง  บึงกุ่ม คันนายาว มีนบุรี       คลองสามวา หนองจอก และลาดกระบัง (โรงพยาบาลสิรินธร เป็นโรงพยาบาลแม่ข่าย)\nวิธีการคำนวณ\nนับจำนวน\n', '-', 0, '0', 0, '10, 11, 12, 13, 14, 15, 16, 17, 18, 19, 20, 23');

-- --------------------------------------------------------

--
-- Table structure for table `formed`
--

CREATE TABLE `formed` (
  `fd_id` int NOT NULL,
  `us_id` int NOT NULL,
  `de_id` int NOT NULL,
  `fd_date` date NOT NULL,
  `fd_time` time NOT NULL,
  `fd_update` date DEFAULT NULL
) ENGINE=InnoDB DEFAULT CHARSET=utf8mb4 COLLATE=utf8mb4_general_ci;

--
-- Dumping data for table `formed`
--

INSERT INTO `formed` (`fd_id`, `us_id`, `de_id`, `fd_date`, `fd_time`, `fd_update`) VALUES
(1, 20, 1, '2024-01-22', '13:49:12', NULL),
(2, 20, 2, '2024-01-22', '13:52:04', NULL),
(3, 10, 3, '2024-01-22', '14:17:15', NULL),
(4, 10, 4, '2024-01-22', '14:23:44', NULL),
(5, 15, 5, '2024-01-22', '07:10:48', '2024-01-23'),
(6, 15, 6, '2024-01-22', '14:32:51', NULL),
(7, 10, 7, '2024-01-22', '14:36:06', NULL),
(8, 15, 8, '2024-01-22', '14:37:40', NULL),
(9, 10, 9, '2024-01-22', '14:38:19', NULL),
(10, 10, 10, '2024-01-22', '14:41:58', NULL),
(11, 10, 11, '2024-01-22', '14:44:27', NULL),
(12, 10, 12, '2024-01-22', '14:46:08', NULL),
(13, 15, 13, '2024-01-22', '14:47:38', NULL),
(14, 10, 14, '2024-01-22', '16:41:07', '2024-01-22'),
(15, 10, 15, '2024-01-22', '14:54:22', NULL),
(16, 11, 16, '2024-01-22', '16:41:32', '2024-01-22'),
(17, 15, 17, '2024-01-22', '14:58:32', NULL),
(18, 12, 18, '2024-01-22', '15:02:44', NULL),
(19, 12, 19, '2024-01-22', '15:05:47', NULL),
(20, 12, 20, '2024-01-22', '15:06:35', NULL),
(21, 15, 21, '2024-01-22', '15:08:32', NULL),
(22, 12, 22, '2024-01-22', '15:09:52', NULL),
(23, 12, 23, '2024-01-22', '15:10:19', NULL),
(24, 12, 24, '2024-01-22', '15:11:34', NULL),
(25, 15, 25, '2024-01-22', '15:17:06', NULL),
(26, 10, 26, '2024-01-22', '15:20:11', NULL),
(27, 10, 27, '2024-01-22', '15:21:49', NULL),
(28, 15, 28, '2024-01-22', '15:23:05', NULL),
(29, 10, 29, '2024-01-22', '15:23:48', NULL),
(30, 10, 30, '2024-01-22', '15:24:34', NULL),
(31, 10, 31, '2024-01-22', '15:25:36', NULL),
(32, 15, 33, '2024-01-22', '15:10:00', '2024-01-23'),
(33, 15, 33, '2024-01-22', '15:10:00', '2024-01-23'),
(34, 10, 34, '2024-01-22', '15:27:57', NULL),
(35, 17, 35, '2024-01-22', '15:45:53', NULL),
(36, 17, 36, '2024-01-22', '15:47:30', NULL),
(37, 20, 37, '2024-01-22', '15:54:05', NULL),
(38, 20, 38, '2024-01-22', '15:54:21', NULL),
(39, 15, 39, '2024-01-22', '15:58:38', NULL),
(40, 20, 40, '2024-01-22', '16:19:48', NULL),
(41, 20, 41, '2024-01-22', '16:58:49', NULL),
(42, 20, 42, '2024-01-22', '17:09:37', NULL),
(43, 20, 43, '2024-01-22', '17:11:25', NULL),
(44, 20, 44, '2024-01-22', '17:16:04', NULL),
(45, 20, 45, '2024-01-22', '17:21:10', NULL),
(46, 20, 46, '2024-01-22', '17:23:19', NULL),
(47, 20, 47, '2024-01-22', '17:26:54', NULL),
(48, 20, 48, '2024-01-22', '16:58:49', NULL),
(49, 20, 49, '2024-01-22', '16:58:49', NULL),
(50, 20, 50, '2024-01-22', '16:58:49', NULL),
(51, 10, 51, '2024-01-23', '09:47:33', NULL),
(52, 10, 52, '2024-01-23', '09:48:56', NULL),
(53, 22, 53, '2024-01-23', '09:49:26', NULL),
(54, 10, 54, '2024-01-23', '09:50:09', NULL),
(55, 20, 55, '2024-01-23', '09:51:19', NULL),
(56, 10, 56, '2024-01-23', '09:51:39', NULL),
(57, 10, 57, '2024-01-23', '09:56:05', NULL),
(58, 10, 58, '2024-01-23', '09:59:20', NULL),
(59, 10, 59, '2024-01-23', '10:00:44', NULL),
(60, 10, 60, '2024-01-23', '10:02:03', NULL),
(61, 20, 61, '2024-01-23', '10:02:13', NULL),
(62, 10, 63, '2024-01-23', '10:03:25', NULL),
(63, 10, 64, '2024-01-23', '10:04:51', NULL),
(64, 10, 65, '2024-01-23', '10:06:22', NULL),
(65, 10, 66, '2024-01-23', '10:07:55', NULL),
(66, 10, 67, '2024-01-23', '10:10:23', NULL),
(67, 10, 68, '2024-01-23', '10:11:03', NULL),
(68, 20, 69, '2024-01-23', '10:19:54', NULL),
(69, 22, 70, '2024-01-23', '10:27:21', NULL),
(70, 20, 71, '2024-01-23', '10:28:10', NULL),
(71, 20, 72, '2024-01-23', '10:34:53', NULL),
(72, 20, 73, '2024-01-23', '10:54:55', NULL),
(73, 22, 74, '2024-01-23', '11:28:24', NULL),
(74, 15, 75, '2024-01-23', '11:30:42', NULL),
(75, 22, 83, '2024-01-23', '11:38:43', NULL),
(76, 22, 84, '2024-01-23', '11:39:04', NULL),
(77, 22, 85, '2024-01-23', '11:42:17', NULL),
(78, 22, 86, '2024-01-23', '11:46:35', NULL),
(79, 22, 87, '2024-01-23', '13:05:36', '2024-01-23'),
(80, 10, 94, '2024-01-23', '13:49:52', NULL),
(81, 20, 95, '2024-01-23', '13:58:40', NULL),
(82, 20, 96, '2024-01-23', '14:13:21', NULL),
(83, 20, 97, '2024-01-23', '14:29:17', NULL),
(84, 20, 98, '2024-01-23', '14:33:09', NULL),
(85, 16, 99, '2024-01-23', '14:33:48', NULL),
(86, 20, 100, '2024-01-23', '14:49:46', NULL),
(87, 15, 101, '2024-01-23', '15:02:17', NULL),
(88, 15, 102, '2024-01-23', '15:16:56', NULL),
(89, 15, 103, '2024-01-23', '15:23:39', NULL);

-- --------------------------------------------------------

--
-- Table structure for table `result`
--

CREATE TABLE `result` (
  `re_id` int NOT NULL,
  `fm_id` varchar(5) CHARACTER SET utf8mb4 COLLATE utf8mb4_general_ci NOT NULL,
  `h1` float DEFAULT '0',
  `h1pa` float DEFAULT '0',
  `h1pb` float DEFAULT '0',
  `h2` float DEFAULT '0',
  `h2pa` float DEFAULT '0',
  `h2pb` float DEFAULT '0',
  `h3` float DEFAULT '0',
  `h3pa` float DEFAULT '0',
  `h3pb` float DEFAULT '0',
  `h4` float DEFAULT '0',
  `h4pa` float DEFAULT '0',
  `h4pb` float DEFAULT '0',
  `h5` float DEFAULT '0',
  `h5pa` float DEFAULT '0',
  `h5pb` float DEFAULT '0',
  `h6` float DEFAULT '0',
  `h6pa` float DEFAULT '0',
  `h6pb` float DEFAULT '0',
  `h7` float DEFAULT '0',
  `h7pa` float DEFAULT '0',
  `h7pb` float DEFAULT '0',
  `h8` float DEFAULT '0',
  `h8pa` float DEFAULT '0',
  `h8pb` float DEFAULT '0',
  `h9` float DEFAULT '0',
  `h9pa` float DEFAULT '0',
  `h9pb` float DEFAULT '0',
  `h10` float DEFAULT '0',
  `h10pa` float DEFAULT '0',
  `h10pb` float DEFAULT '0',
  `h11` float DEFAULT '0',
  `h11pa` float DEFAULT '0',
  `h11pb` float DEFAULT '0',
  `d1` float NOT NULL DEFAULT '0',
  `d1pa` float NOT NULL DEFAULT '0',
  `d1pb` float NOT NULL DEFAULT '0',
  `d2` float NOT NULL DEFAULT '0',
  `d2pa` float NOT NULL DEFAULT '0',
  `d2pb` float NOT NULL DEFAULT '0',
  `re_log` varchar(100) CHARACTER SET utf8mb4 COLLATE utf8mb4_general_ci DEFAULT '',
  `pa1` float DEFAULT '0',
  `pa2` float DEFAULT '0',
  `re_sum` float DEFAULT '0'
) ENGINE=InnoDB DEFAULT CHARSET=utf8mb4 COLLATE=utf8mb4_general_ci;

--
-- Dumping data for table `result`
--

INSERT INTO `result` (`re_id`, `fm_id`, `h1`, `h1pa`, `h1pb`, `h2`, `h2pa`, `h2pb`, `h3`, `h3pa`, `h3pb`, `h4`, `h4pa`, `h4pb`, `h5`, `h5pa`, `h5pb`, `h6`, `h6pa`, `h6pb`, `h7`, `h7pa`, `h7pb`, `h8`, `h8pa`, `h8pb`, `h9`, `h9pa`, `h9pb`, `h10`, `h10pa`, `h10pb`, `h11`, `h11pa`, `h11pb`, `d1`, `d1pa`, `d1pb`, `d2`, `d2pa`, `d2pb`, `re_log`, `pa1`, `pa2`, `re_sum`) VALUES
(17, '1.1', 85.71, 70, 60, 0, 0, 0, 0, 0, 0, 0, 0, 0, 0, 0, 0, 100, 52, 52, 93.51, 154, 144, 0, 0, 0, 0, 0, 0, 0, 0, 0, 0, 0, 0, 0, 0, 0, 0, 0, 0, '', 224, 204, 91.07),
(18, '3.1', 20, 15, 3, 0, 0, 0, 0, 0, 0, 0, 0, 0, 0, 0, 0, 0, 0, 0, 0, 0, 0, 0, 0, 0, 0, 0, 0, 0, 0, 0, 36.36, 33, 12, 0, 0, 0, 0, 0, 0, 'h1_1, h6_1, h6_1, h6_1, h6_1, h6_1, h6_1, h11_1', 48, 15, 31.25),
(19, '12', 50, 30, 15, 0, 0, 0, 0, 0, 0, 0, 0, 0, 0, 0, 0, 0, 0, 0, 0, 0, 0, 0, 0, 0, 0, 0, 0, 0, 0, 0, 0, 0, 0, 0, 0, 0, 0, 0, 0, '', 30, 15, 50),
(20, '34', 60, 25, 15, 0, 0, 0, 0, 0, 0, 0, 0, 0, 0, 0, 0, 100, 100, 100, 0, 0, 0, 0, 0, 0, 0, 0, 0, 0, 0, 0, 0, 0, 0, 0, 0, 0, 0, 0, 0, '', 125, 115, 92),
(21, '4', 95, 20, 19, 0, 0, 0, 0, 0, 0, 0, 0, 0, 0, 0, 0, 83.33, 12, 10, 0, 0, 0, 0, 0, 0, 0, 0, 0, 0, 0, 0, 0, 0, 0, 0, 0, 0, 0, 0, 0, '', 32, 29, 90.63),
(23, '8', 28.57, 2, 7, 50, 1, 2, 0, 0, 0, 0, 0, 0, 0, 0, 0, 0, 0, 0, 0, 0, 0, 0, 0, 0, 0, 0, 0, 0, 0, 0, 0, 0, 0, 0, 0, 0, 0, 0, 0, '', 3, 9, 33.33),
(24, '17', 75, 20, 15, 0, 0, 0, 0, 0, 0, 0, 0, 0, 0, 0, 0, 100, 20, 20, 0, 0, 0, 0, 0, 0, 0, 0, 0, 0, 0, 0, 0, 0, 0, 0, 0, 0, 0, 0, 0, '', 40, 35, 87.5),
(25, '3.2', 40, 5, 2, 0, 0, 0, 0, 0, 0, 0, 0, 0, 0, 0, 0, 0, 15, 0, 0, 0, 0, 0, 0, 0, 0, 0, 0, 0, 0, 0, 0, 0, 0, 0, 0, 0, 0, 0, 0, '', 20, 2, 10),
(26, '1.2', 79.17, 72, 57, 0, 0, 0, 0, 0, 0, 0, 0, 0, 0, 0, 0, 97.44, 39, 38, 0, 0, 0, 0, 0, 0, 0, 0, 0, 0, 0, 0, 0, 0, 0, 0, 0, 0, 0, 0, 0, '', 111, 95, 85.59),
(27, '2', 30, 30, 0, 0, 0, 0, 0, 0, 0, 0, 0, 0, 0, 0, 0, 0, 0, 0, 0, 0, 0, 0, 0, 0, 0, 0, 0, 0, 0, 0, 0, 0, 0, 0, 0, 0, 0, 0, 0, '', 30, 0, 30),
(28, '16', 25, 25, 0, 0, 0, 0, 0, 0, 0, 0, 0, 0, 0, 0, 0, 20, 20, 0, 0, 0, 0, 0, 0, 0, 0, 0, 0, 0, 0, 0, 0, 0, 0, 0, 0, 0, 0, 0, 0, '', 45, 0, 45),
(29, '41', 0, 0, 0, 0, 0, 0, 0, 0, 0, 0, 0, 0, 0, 0, 0, 0, 0, 0, 0, 0, 0, 0, 0, 0, 0, 0, 0, 0, 0, 0, 0, 0, 0, 0, 0, 0, 0, 0, 0, '', 0, 0, 0),
(30, '24', 53.38, 221, 414, 0, 0, 0, 0, 0, 0, 0, 0, 0, 0, 0, 0, 0, 0, 0, 0, 0, 0, 0, 0, 0, 0, 0, 0, 0, 0, 0, 1.59, 20, 1256, 0, 0, 0, 0, 0, 0, '', 241, 1670, 14.43),
(31, '13', 100, 10, 10, 0, 0, 0, 0, 0, 0, 0, 0, 0, 0, 0, 0, 0, 0, 0, 0, 0, 0, 0, 0, 0, 0, 0, 0, 0, 0, 0, 0, 0, 0, 0, 0, 0, 0, 0, 0, '', 10, 10, 100),
(32, '19', 0, 0, 0, 0, 0, 0, 0, 0, 0, 0, 0, 0, 0, 0, 0, 0, 0, 0, 0, 0, 0, 0, 0, 0, 0, 0, 0, 0, 0, 0, 0, 0, 0, 0, 0, 0, 100, 540, 540, '', 540, 540, 100),
(33, '33', 0, 0, 0, 0, 0, 0, 0, 0, 0, 0, 0, 0, 0, 0, 0, 0, 0, 0, 0, 0, 0, 0, 0, 0, 0, 0, 0, 0, 0, 0, 0, 0, 0, 0, 0, 0, 100, 281, 281, '', 281, 281, 100),
(34, '32', 100, 100, 100, 0, 0, 0, 0, 0, 0, 0, 0, 0, 0, 0, 0, 0, 0, 0, 0, 0, 0, 0, 0, 0, 0, 0, 0, 0, 0, 0, 0, 0, 0, 0, 0, 0, 100, 9, 9, '', 109, 109, 100),
(36, '31', 60, 500, 300, 0, 0, 0, 0, 0, 0, 0, 0, 0, 0, 0, 0, 0, 0, 0, 0, 0, 0, 0, 0, 0, 0, 0, 0, 0, 0, 0, 0, 0, 0, 0, 0, 0, 39.81, 40099, 15963, '', 40599, 16263, 40.06),
(37, '27', 10, 10, 10, 0, 0, 0, 0, 0, 0, 0, 0, 0, 0, 0, 0, 0, 0, 0, 0, 0, 0, 0, 0, 0, 0, 0, 0, 0, 0, 0, 0, 0, 0, 0, 0, 0, 0, 0, 0, 'h1_1, h11_1', 10, 10, 10),
(38, '26', 3.48, 10, 287, 0, 0, 0, 0, 0, 0, 0, 0, 0, 0, 0, 0, 0, 0, 0, 0, 0, 0, 0, 0, 0, 0, 0, 0, 0, 0, 0, 0, 0, 0, 0, 0, 0, 0, 0, 0, '', 10, 287, 3.48),
(39, '25', 1, 1, 1, 0, 0, 0, 0, 0, 0, 0, 0, 0, 0, 0, 0, 0, 0, 0, 0, 0, 0, 0, 0, 0, 0, 0, 0, 0, 0, 0, 0, 0, 0, 0, 0, 0, 0, 0, 0, 'h11_1, h11_1, h1_1', 1, 1, 1),
(40, '30', 500, 500, 500, 0, 0, 0, 0, 0, 0, 0, 0, 0, 0, 0, 0, 0, 0, 0, 0, 0, 0, 0, 0, 0, 0, 0, 0, 0, 0, 0, 0, 0, 0, 0, 0, 0, 0, 0, 0, 'h1_1', 500, 500, 500),
(41, '23', 44.23, 52, 23, 0, 0, 0, 0, 0, 0, 0, 0, 0, 0, 0, 0, 14.81, 27, 4, 0, 0, 0, 0, 0, 0, 0, 0, 0, 0, 0, 0, 33.33, 12, 4, 0, 0, 0, 0, 0, 0, '', 91, 31, 34.07),
(43, '5', 0, 255, 0, 0, 0, 0, 0, 0, 0, 0, 0, 0, 0, 0, 0, 0.31, 319, 1, 0, 0, 0, 0, 0, 0, 0, 0, 0, 0, 0, 0, 0, 0, 0, 0, 0, 0, 0, 0, 0, '', 574, 1, 0.17),
(44, '6', 0, 0, 0, 0, 0, 0, 0, 0, 0, 0, 0, 0, 0, 0, 0, 0, 0, 0, 0, 0, 0, 0, 0, 0, 0, 0, 0, 0, 0, 0, 0, 0, 0, 0, 0, 0, 0, 0, 0, '', 0, 0, 0),
(45, '7', 0, 0, 0, 0, 0, 0, 0, 0, 0, 0, 0, 0, 0, 0, 0, 0, 0, 0, 0, 0, 0, 0, 0, 0, 0, 0, 0, 0, 0, 0, 0, 0, 0, 0, 0, 0, 0, 0, 0, '', 0, 0, 0),
(46, '9', 0, 0, 0, 0, 0, 0, 0, 0, 0, 0, 0, 0, 0, 0, 0, 0, 0, 0, 0, 0, 0, 0, 0, 0, 0, 0, 0, 0, 0, 0, 0, 0, 0, 0, 0, 0, 0, 0, 0, '', 0, 0, 0),
(47, '10', 10, 10, 10, 0, 0, 0, 0, 0, 0, 0, 0, 0, 0, 0, 0, 0, 0, 0, 0, 0, 0, 0, 0, 0, 0, 0, 0, 0, 0, 0, 1, 1, 1, 0, 0, 0, 6, 6, 6, 'h1_1, h11_1, d2_1, h1_2', 17, 17, 17),
(48, '11', 0, 0, 0, 0, 0, 0, 0, 0, 0, 0, 0, 0, 0, 0, 0, 0, 0, 0, 0, 0, 0, 0, 0, 0, 0, 0, 0, 0, 0, 0, 0, 0, 0, 0, 0, 0, 0, 0, 0, '', 0, 0, 0),
(49, '14', 1, 1, 0, 0, 0, 0, 0, 0, 0, 0, 0, 0, 0, 0, 0, 0, 0, 0, 0, 0, 0, 0, 0, 0, 0, 0, 0, 0, 0, 0, 1, 1, 0, 0, 0, 0, 0, 0, 0, '', 2, 0, 2),
(50, '15', 0, 0, 0, 0, 0, 0, 0, 0, 0, 0, 0, 0, 0, 0, 0, 0, 0, 0, 0, 0, 0, 0, 0, 0, 0, 0, 0, 0, 0, 0, 0, 0, 0, 0, 0, 0, 0, 0, 0, '', 0, 0, 0),
(51, '18', 16, 50, 8, 0, 0, 0, 0, 0, 0, 0, 0, 0, 0, 0, 0, 0, 20, 0, 0, 0, 0, 0, 0, 0, 0, 0, 0, 0, 0, 0, 0, 0, 0, 0, 0, 0, 0, 0, 0, '', 70, 8, 11.43),
(52, '20', 0, 0, 0, 0, 0, 0, 0, 0, 0, 0, 0, 0, 0, 0, 0, 0, 0, 0, 0, 0, 0, 0, 0, 0, 0, 0, 0, 0, 0, 0, 0, 0, 0, 0, 0, 0, 60863.1, 22.13, 13469, '', 22.13, 13469, 60863.1),
(53, '21', 0, 0, 0, 0, 0, 0, 0, 0, 0, 0, 0, 0, 0, 0, 0, 0, 0, 0, 0, 0, 0, 0, 0, 0, 0, 0, 0, 0, 0, 0, 0, 0, 0, 0, 0, 0, 0, 0, 0, '', 0, 0, 0),
(54, '22', 0, 0, 0, 0, 0, 0, 0, 0, 0, 0, 0, 0, 0, 0, 0, 0, 0, 0, 0, 0, 0, 0, 0, 0, 0, 0, 0, 0, 0, 0, 0, 0, 0, 0, 0, 0, 0, 0, 0, '', 0, 0, 0),
(55, '28', 0, 0, 0, 0, 0, 0, 0, 0, 0, 0, 0, 0, 0, 0, 0, 0, 0, 0, 0, 0, 0, 0, 0, 0, 0, 0, 0, 0, 0, 0, 0, 0, 0, 0, 0, 0, 0, 0, 0, '', 0, 0, 0),
(56, '29', 0, 0, 0, 0, 0, 0, 0, 0, 0, 0, 0, 0, 0, 0, 0, 0, 0, 0, 0, 0, 0, 0, 0, 0, 0, 0, 0, 0, 0, 0, 0, 0, 0, 0, 0, 0, 0, 0, 0, '', 0, 0, 0),
(57, '35', 1, 1, 1, 0, 0, 0, 0, 0, 0, 0, 0, 0, 0, 0, 0, 0, 0, 0, 0, 0, 0, 0, 0, 0, 0, 0, 0, 0, 0, 0, 0, 0, 0, 0, 0, 0, 0, 0, 0, 'h1_1', 1, 1, 1),
(58, '36', 0, 0, 0, 0, 0, 0, 0, 0, 0, 0, 0, 0, 0, 0, 0, 0, 0, 0, 0, 0, 0, 0, 0, 0, 0, 0, 0, 0, 0, 0, 0, 0, 0, 0, 0, 0, 0, 0, 0, 'h11_1', 0, 0, 0),
(59, '37', 0, 0, 0, 0, 0, 0, 0, 0, 0, 0, 0, 0, 0, 0, 0, 0, 0, 0, 0, 0, 0, 0, 0, 0, 0, 0, 0, 0, 0, 0, 0, 0, 0, 0, 0, 0, 0, 0, 0, 'h1_1', 0, 0, 0),
(60, '38', 1, 1, 1, 0, 0, 0, 0, 0, 0, 0, 0, 0, 0, 0, 0, 0, 0, 0, 0, 0, 0, 0, 0, 0, 0, 0, 0, 0, 0, 0, 0, 0, 0, 0, 0, 0, 0, 0, 0, 'h1_1', 1, 1, 1),
(61, '39', 0, 0, 0, 0, 0, 0, 0, 0, 0, 0, 0, 0, 0, 0, 0, 0, 0, 0, 0, 0, 0, 0, 0, 0, 0, 0, 0, 0, 0, 0, 1, 100, 1, 0, 0, 0, 0, 0, 0, '', 100, 1, 1),
(62, '40', 0, 0, 0, 0, 0, 0, 0, 0, 0, 0, 0, 0, 0, 0, 0, 0, 0, 0, 0, 0, 0, 0, 0, 0, 0, 0, 0, 0, 0, 0, 0, 0, 0, 0, 0, 0, 0, 0, 0, '', 0, 0, 0),
(63, '42', 0, 0, 0, 0, 0, 0, 0, 0, 0, 0, 0, 0, 0, 0, 0, 0, 0, 0, 0, 0, 0, 0, 0, 0, 0, 0, 0, 0, 0, 0, 0, 0, 0, 0, 0, 0, 0, 0, 0, '', 0, 0, 0),
(64, '46', 0, 0, 0, 0, 0, 0, 0, 0, 0, 0, 0, 0, 0, 0, 0, 0, 0, 0, 0, 0, 0, 0, 0, 0, 0, 0, 0, 0, 0, 0, 0, 0, 0, 0, 0, 0, 0, 0, 0, '', 0, 0, 0),
(65, '47', 3, 3, 0, 0, 0, 0, 0, 0, 0, 0, 0, 0, 0, 0, 0, 0, 0, 0, 0, 0, 0, 0, 0, 0, 0, 0, 0, 0, 0, 0, 3, 3, 0, 0, 0, 0, 0, 0, 0, '', 6, 0, 6),
(66, '48', 38, 38, 1, 0, 0, 0, 0, 0, 0, 0, 0, 0, 0, 0, 0, 0, 0, 0, 0, 0, 0, 0, 0, 0, 0, 0, 0, 0, 0, 0, 18.67, 18.67, 1, 0, 0, 0, 16.23, 16.23, 1, '', 72.9, 3, 24.3),
(67, '45', 0, 0, 0, 0, 0, 0, 0, 0, 0, 0, 0, 0, 0, 0, 0, 0, 0, 0, 0, 0, 0, 0, 0, 0, 0, 0, 0, 0, 0, 0, 0, 0, 0, 0, 0, 0, 0, 0, 0, '', 0, 0, 0),
(68, '43', 0, 0, 0, 0, 0, 0, 0, 0, 0, 0, 0, 0, 0, 0, 0, 0, 0, 0, 0, 0, 0, 0, 0, 0, 0, 0, 0, 0, 0, 0, 0, 0, 0, 0, 0, 0, 0, 0, 0, '', 0, 0, 0),
(70, '44', 0, 0, 0, 0, 0, 0, 0, 0, 0, 0, 0, 0, 0, 0, 0, 0, 0, 0, 0, 0, 0, 0, 0, 0, 0, 0, 0, 0, 0, 0, 0, 0, 0, 0, 0, 0, 0, 0, 0, '', 0, 0, 0),
(71, '20.2', 0, 0, 0, 0, 0, 0, 0, 0, 0, 0, 0, 0, 0, 0, 0, 0, 0, 0, 0, 0, 0, 0, 0, 0, 0, 0, 0, 0, 0, 0, 0, 0, 0, 0, 0, 0, 84587.1, 20.1, 17002, '', 20.1, 17002, 84587.1);

-- --------------------------------------------------------

--
-- Table structure for table `users`
--

CREATE TABLE `users` (
  `us_id` int NOT NULL,
  `us_email` varchar(20) CHARACTER SET utf8mb4 COLLATE utf8mb4_general_ci NOT NULL,
  `us_password` text CHARACTER SET utf8mb4 COLLATE utf8mb4_general_ci NOT NULL,
  `us_name` varchar(100) CHARACTER SET utf8mb4 COLLATE utf8mb4_general_ci NOT NULL,
  `us_agency` varchar(200) CHARACTER SET utf8mb4 COLLATE utf8mb4_general_ci NOT NULL,
  `us_level` int NOT NULL
) ENGINE=InnoDB DEFAULT CHARSET=utf8mb4 COLLATE=utf8mb4_general_ci;

--
-- Dumping data for table `users`
--

INSERT INTO `users` (`us_id`, `us_email`, `us_password`, `us_name`, `us_agency`, `us_level`) VALUES
(10, 'klang@gmail.con', '$2b$10$o5wl6Bdn0ufW3RnZNF2RXup1.5EBZ9Lxnm6mgZZ9iIKIXw.vXOOju', '07050000', 'รพ.กลาง', 0),
(11, 'taksin@gmail.con', '$2b$10$jqarFTg1wDloynBNP5wlA.tu4w5dJ0SgbaOQt7m6biF8vN9Vhxk5W', '07060000', 'รพ.ตากสิน', 0),
(12, 'jalean@gmail.con', '$2b$10$6g25HQIu6bhAWt7PbBT8hetrySH1t9iibnHH1Hb1aH7uGD25liQrG', '07070000', 'รพ.เจริญกรุงประชารักษ์', 0),
(13, 'ruangp@gmail.con', '$2b$10$SnpKKHWuicsctB9tEz8QFu2yANp7RvHdpuFN78nAClOsnbsz2572i', '07080000', 'รพ.หลวงพ่อทวีศักดิ์', 0),
(14, 'wecha@gmail.con', '$2b$10$z4Vj1rvzvudtTA4Qu.EmUOMrg9Qkif3d0Zqfy/jaWKE.bLREHRDL.', '07090000', 'รพ.เวชการุณย์รัศมิ์', 0),
(15, 'ladka@gmail.con', '$2b$10$kPZzPcFNjaK6dT5kSCGp4OTaMA3LfFp1T0DdWr4mnN3eCBGlPxLsC', '07110000', 'รพ.ลาดกระบัง', 0),
(16, 'raadp@gmail.con', '$2b$10$LCnrOOMdmoArbdatXFfGBe06NpNNnjz0r9TNDhxFobTHrfDf6LaQW', '07120000', 'รพ.ราชพิพัฒน์', 0),
(17, 'sirint@gmail.con', '$2b$10$Bgx7ZZ/HReNNCCWj6ghQO.RnzUCnInJr415J7z5GPVBIGwBH6igMq', '07130000', 'รพ.สิรินธร', 0),
(18, 'bangkt@gmail.con', '$2b$10$OVtF3vmZF0FhEyW1lhXUgusB8bQb8s42ly/PihHDLZujK9ZzGrosK', '07140000', 'รพ.ผู้สูงอายุบางขุนเทียน', 0),
(19, 'krongz@gmail.con', '$2b$10$Q7xDAj7Iq4T3kjPi3p/6ZO5XsgI25A9.FJMWeV6z.Bk60MShUY2fy', '07150000', 'รพ.คลองสามวา', 0),
(20, 'bangnaa@gmail.con', '$2b$10$BlAUZYWvhqoSP.AxHJXJaOVMzknYgJ0jLa40OLr19Jxa4fOvlgvx6', '07160000', 'รพ.บางนา', 0),
(21, 'sg@gmail.com', '$2b$10$GlSoXPh37MZNgFR6kG8uW.PihdArAMU7/t8HnGDZrqICs45W.BTKa', '07170000', 'สก.', 0),
(22, 'sbc@gmail.com', '$2b$10$lS/jYSEqEjVvJgjnCwHC2uCVbCVijyijfSIqWdgRNGL3msmITVQeS', '07180000', 'ศบฉ.', 0),
(23, 'sbp@gmail.con', '$2b$10$SdrTtyvMfdxQIzwI4NaO8.hQEfyxnf5fvM4DCblN84xGZ.EOoS6xS', '07020000', 'สพบ.', 9);

--
-- Indexes for dumped tables
--

--
-- Indexes for table `detail`
--
ALTER TABLE `detail`
  ADD PRIMARY KEY (`de_id`);

--
-- Indexes for table `eved`
--
ALTER TABLE `eved`
  ADD PRIMARY KEY (`ed_id`);

--
-- Indexes for table `event`
--
ALTER TABLE `event`
  ADD PRIMARY KEY (`ev_id`);

--
-- Indexes for table `form`
--
ALTER TABLE `form`
  ADD PRIMARY KEY (`fm_id`);

--
-- Indexes for table `formed`
--
ALTER TABLE `formed`
  ADD PRIMARY KEY (`fd_id`);

--
-- Indexes for table `result`
--
ALTER TABLE `result`
  ADD PRIMARY KEY (`re_id`);

--
-- Indexes for table `users`
--
ALTER TABLE `users`
  ADD PRIMARY KEY (`us_id`);

--
-- AUTO_INCREMENT for dumped tables
--

--
-- AUTO_INCREMENT for table `detail`
--
ALTER TABLE `detail`
  MODIFY `de_id` int NOT NULL AUTO_INCREMENT, AUTO_INCREMENT=104;

--
-- AUTO_INCREMENT for table `eved`
--
ALTER TABLE `eved`
  MODIFY `ed_id` int NOT NULL AUTO_INCREMENT, AUTO_INCREMENT=38;

--
-- AUTO_INCREMENT for table `event`
--
ALTER TABLE `event`
  MODIFY `ev_id` int NOT NULL AUTO_INCREMENT, AUTO_INCREMENT=43;

--
-- AUTO_INCREMENT for table `formed`
--
ALTER TABLE `formed`
  MODIFY `fd_id` int NOT NULL AUTO_INCREMENT, AUTO_INCREMENT=90;

--
-- AUTO_INCREMENT for table `result`
--
ALTER TABLE `result`
  MODIFY `re_id` int NOT NULL AUTO_INCREMENT, AUTO_INCREMENT=72;

--
-- AUTO_INCREMENT for table `users`
--
ALTER TABLE `users`
  MODIFY `us_id` int NOT NULL AUTO_INCREMENT, AUTO_INCREMENT=25;
COMMIT;

/*!40101 SET CHARACTER_SET_CLIENT=@OLD_CHARACTER_SET_CLIENT */;
/*!40101 SET CHARACTER_SET_RESULTS=@OLD_CHARACTER_SET_RESULTS */;
/*!40101 SET COLLATION_CONNECTION=@OLD_COLLATION_CONNECTION */;
